ticker,entry_date,entry_price,stop_loss,target,shares,position_value,entry_cost,risk,consecutive_reds,status,exit_price,exit_date,exit_cost,pnl,pnl_percent,return_on_capital,months_held,entry_idx,df
NSE:ASIANPAINT-EQ,2022-05-31 00:00:00+05:30,3198.1949999999997,2599.35,4395.884999999999,31.267636901439722,100000.0,29.999999999999996,598.8449999999998,3,Loss,2596.75065,2022-06-30 00:00:00+05:30,24.358276934333276,-18860.101829156745,-18.860101829156743,-1.8860101829156743,1,4,"                       Month     Open     High      Low    Close
0  2022-01-31 00:00:00+05:30  3383.00  3590.00  3010.75  3152.25
1  2022-02-28 00:00:00+05:30  3194.00  3296.90  3015.00  3174.65
2  2022-03-31 00:00:00+05:30  3107.00  3163.30  2599.35  3079.95
3  2022-04-30 00:00:00+05:30  3110.00  3278.00  2970.00  3237.20
4  2022-05-31 00:00:00+05:30  3195.00  3211.50  2718.55  2859.65
5  2022-06-30 00:00:00+05:30  2859.65  2939.90  2560.00  2695.20
6  2022-07-31 00:00:00+05:30  2704.90  3354.35  2685.00  3333.75
7  2022-08-31 00:00:00+05:30  3340.05  3545.65  3236.70  3391.60
8  2022-09-30 00:00:00+05:30  3315.00  3582.90  3231.30  3342.45
9  2022-10-31 00:00:00+05:30  3348.00  3368.35  3033.00  3107.70
10 2022-11-30 00:00:00+05:30  3110.50  3199.95  3033.50  3175.15
11 2022-12-31 00:00:00+05:30  3191.00  3242.35  3018.00  3087.90
12 2023-01-31 00:00:00+05:30  3087.90  3087.90  2685.85  2725.85
13 2023-02-28 00:00:00+05:30  2749.80  2852.00  2694.00  2828.80
14 2023-03-31 00:00:00+05:30  2828.00  2923.95  2740.05  2761.65
15 2023-04-30 00:00:00+05:30  2746.95  2920.00  2708.65  2902.35
16 2023-05-31 00:00:00+05:30  2910.95  3219.35  2893.00  3192.95
17 2023-06-30 00:00:00+05:30  3235.35  3449.60  3151.15  3362.05
18 2023-07-31 00:00:00+05:30  3365.00  3568.00  3293.95  3377.35
19 2023-08-31 00:00:00+05:30  3372.00  3385.00  3152.15  3256.10
20 2023-09-30 00:00:00+05:30  3241.10  3334.80  3134.00  3161.05
21 2023-10-31 00:00:00+05:30  3166.10  3232.10  2931.00  2995.70
22 2023-11-30 00:00:00+05:30  2997.95  3228.25  2930.00  3119.90
23 2023-12-31 00:00:00+05:30  3146.95  3422.95  3140.25  3402.40
24 2024-01-31 00:00:00+05:30  3403.00  3411.80  2940.05  2957.85
25 2024-02-29 00:00:00+05:30  2961.00  3035.00  2776.75  2821.90
26 2024-03-31 00:00:00+05:30  2832.90  2899.90  2777.75  2846.75
27 2024-04-30 00:00:00+05:30  2860.95  2943.25  2766.15  2875.90
28 2024-05-31 00:00:00+05:30  2875.10  2997.00  2670.10  2881.20
29 2024-06-30 00:00:00+05:30  2950.00  3027.30  2775.75  2917.05
30 2024-07-31 00:00:00+05:30  2889.30  3098.00  2842.00  3084.45
31 2024-08-31 00:00:00+05:30  3088.00  3203.65  2966.00  3126.80
32 2024-09-30 00:00:00+05:30  3148.00  3394.90  3139.60  3329.10
33 2024-10-31 00:00:00+05:30  3317.00  3328.95  2919.00  2935.65
34 2024-11-30 00:00:00+05:30  2958.00  2965.75  2422.95  2479.60
35 2024-12-31 00:00:00+05:30  2479.60  2494.00  2256.50  2281.35
36 2025-01-31 00:00:00+05:30  2280.00  2361.40  2207.80  2300.80"
NSE:BRITANNIA-EQ,2022-05-31 00:00:00+05:30,3245.2419999999997,3050.0,3635.725999999999,30.81434296733495,100000.0,29.999999999999996,195.24199999999973,3,Win,3632.090273999999,2022-06-30 00:00:00+05:30,33.576142617407264,11856.899248740148,11.856899248740147,1.185689924874015,1,4,"                       Month     Open     High      Low    Close
0  2022-01-31 00:00:00+05:30  3610.00  3800.95  3430.25  3535.30
1  2022-02-28 00:00:00+05:30  3560.00  3710.00  3327.35  3427.45
2  2022-03-31 00:00:00+05:30  3420.95  3439.55  3050.00  3206.40
3  2022-04-30 00:00:00+05:30  3210.00  3402.00  3132.05  3279.25
4  2022-05-31 00:00:00+05:30  3242.00  3700.00  3156.90  3647.80
5  2022-06-30 00:00:00+05:30  3649.10  3669.75  3270.95  3466.40
6  2022-07-31 00:00:00+05:30  3412.00  3949.35  3412.00  3900.40
7  2022-08-31 00:00:00+05:30  3900.40  3916.00  3585.25  3747.75
8  2022-09-30 00:00:00+05:30  3730.00  3889.80  3564.10  3843.05
9  2022-10-31 00:00:00+05:30  3862.00  3878.20  3690.00  3766.55
10 2022-11-30 00:00:00+05:30  3780.00  4387.90  3705.45  4362.30
11 2022-12-31 00:00:00+05:30  4364.55  4537.00  4296.55  4307.45
12 2023-01-31 00:00:00+05:30  4379.95  4444.00  4206.30  4317.60
13 2023-02-28 00:00:00+05:30  4329.90  4669.20  4326.85  4461.75
14 2023-03-31 00:00:00+05:30  4439.00  4454.55  4153.00  4322.15
15 2023-04-30 00:00:00+05:30  4344.00  4564.85  4222.55  4553.55
16 2023-05-31 00:00:00+05:30  4565.25  4705.45  4443.35  4657.05
17 2023-06-30 00:00:00+05:30  4655.00  5085.25  4587.55  5024.55
18 2023-07-31 00:00:00+05:30  5035.00  5270.35  4763.80  4793.95
19 2023-08-31 00:00:00+05:30  4825.10  4843.50  4421.40  4467.75
20 2023-09-30 00:00:00+05:30  4475.00  4634.30  4426.00  4537.15
21 2023-10-31 00:00:00+05:30  4524.80  4623.00  4401.90  4426.50
22 2023-11-30 00:00:00+05:30  4442.60  4875.95  4347.70  4852.65
23 2023-12-31 00:00:00+05:30  4873.00  5386.05  4837.05  5338.45
24 2024-01-31 00:00:00+05:30  5339.00  5375.00  4925.90  5198.40
25 2024-02-29 00:00:00+05:30  5196.05  5239.75  4828.85  4965.20
26 2024-03-31 00:00:00+05:30  4965.20  5014.00  4740.70  4911.25
27 2024-04-30 00:00:00+05:30  4929.95  4960.70  4641.00  4775.95
28 2024-05-31 00:00:00+05:30  4789.95  5302.50  4707.90  5179.80
29 2024-06-30 00:00:00+05:30  5300.00  5725.00  5127.05  5475.55
30 2024-07-31 00:00:00+05:30  5475.05  6005.00  5384.30  5784.45
31 2024-08-31 00:00:00+05:30  5784.45  5924.80  5594.15  5855.25
32 2024-09-30 00:00:00+05:30  5882.05  6362.90  5827.10  6338.15
33 2024-10-31 00:00:00+05:30  6306.90  6469.90  5601.60  5726.90
34 2024-11-30 00:00:00+05:30  5768.55  5902.15  4746.90  4941.15
35 2024-12-31 00:00:00+05:30  4930.50  4973.90  4663.80  4762.75
36 2025-01-31 00:00:00+05:30  4752.20  5216.25  4723.10  5129.65"
NSE:HINDUNILVR-EQ,2022-05-31 00:00:00+05:30,2185.9337499999997,1870.5,2816.801249999999,45.74704059535199,100000.0,29.999999999999996,315.4337499999997,3,Time Exit,2613.8035800000002,2022-08-31 00:00:00+05:30,35.87213354476091,19507.906348991615,19.507906348991614,1.9507906348991615,3,4,"                       Month     Open     High      Low    Close
0  2022-01-31 00:00:00+05:30  2339.17  2385.40  2204.31  2236.62
1  2022-02-28 00:00:00+05:30  2265.69  2294.90  2085.38  2136.63
2  2022-03-31 00:00:00+05:30  2094.19  2132.55  1870.50  2015.20
3  2022-04-30 00:00:00+05:30  2021.35  2252.61  2005.12  2198.36
4  2022-05-31 00:00:00+05:30  2183.75  2349.01  2071.81  2314.82
5  2022-06-30 00:00:00+05:30  2331.30  2374.39  2065.71  2194.18
6  2022-07-31 00:00:00+05:30  2189.65  2610.66  2167.62  2594.33
7  2022-08-31 00:00:00+05:30  2594.43  2670.67  2508.36  2616.42
8  2022-09-30 00:00:00+05:30  2606.73  2684.44  2467.10  2652.42
9  2022-10-31 00:00:00+05:30  2678.54  2689.36  2447.37  2509.05
10 2022-11-30 00:00:00+05:30  2527.05  2653.94  2388.45  2640.52
11 2022-12-31 00:00:00+05:30  2636.24  2696.83  2497.93  2519.23
12 2023-01-31 00:00:00+05:30  2531.87  2649.52  2485.79  2534.67
13 2023-02-28 00:00:00+05:30  2557.74  2614.06  2395.88  2420.47
14 2023-03-31 00:00:00+05:30  2417.86  2526.51  2353.92  2518.54
15 2023-04-30 00:00:00+05:30  2528.03  2546.28  2379.50  2417.17
16 2023-05-31 00:00:00+05:30  2431.44  2636.24  2409.99  2623.99
17 2023-06-30 00:00:00+05:30  2623.45  2693.49  2577.32  2634.42
18 2023-07-31 00:00:00+05:30  2643.12  2724.42  2511.31  2518.98
19 2023-08-31 00:00:00+05:30  2528.03  2549.43  2447.47  2464.15
20 2023-09-30 00:00:00+05:30  2464.15  2507.38  2403.01  2425.34
21 2023-10-31 00:00:00+05:30  2449.34  2539.84  2415.55  2443.44
22 2023-11-30 00:00:00+05:30  2444.42  2512.79  2423.08  2503.98
23 2023-12-31 00:00:00+05:30  2505.90  2623.55  2456.23  2620.45
24 2024-01-31 00:00:00+05:30  2620.35  2625.81  2326.82  2441.03
25 2024-02-29 00:00:00+05:30  2434.68  2470.54  2308.43  2372.91
26 2024-03-31 00:00:00+05:30  2377.48  2398.98  2195.55  2227.38
27 2024-04-30 00:00:00+05:30  2232.93  2260.48  2136.58  2194.03
28 2024-05-31 00:00:00+05:30  2169.04  2369.66  2168.01  2291.02
29 2024-06-30 00:00:00+05:30  2342.12  2679.47  2303.86  2432.67
30 2024-07-31 00:00:00+05:30  2420.86  2765.39  2410.09  2661.47
31 2024-08-31 00:00:00+05:30  2669.68  2788.66  2622.66  2732.64
32 2024-09-30 00:00:00+05:30  2748.38  2985.44  2726.39  2909.99
33 2024-10-31 00:00:00+05:30  2914.32  2914.32  2412.55  2486.97
34 2024-11-30 00:00:00+05:30  2502.41  2505.41  2336.96  2455.39
35 2024-12-31 00:00:00+05:30  2444.42  2473.93  2277.44  2288.86
36 2025-01-31 00:00:00+05:30  2287.04  2438.52  2217.05  2428.49"
NSE:NESTLEIND-EQ,2022-05-31 00:00:00+05:30,914.36345,839.5,1064.09035,109.36570135212645,100000.0,29.999999999999996,74.86344999999994,3,Loss,838.6605,2022-06-30 00:00:00+05:30,27.51620813364751,-8336.822429308611,-8.336822429308612,-0.8336822429308612,1,4,"                       Month     Open     High      Low    Close
0  2022-01-31 00:00:00+05:30   984.75  1001.25   910.89   926.08
1  2022-02-28 00:00:00+05:30   930.00   942.50   866.50   881.96
2  2022-03-31 00:00:00+05:30   880.00   918.74   839.50   869.03
3  2022-04-30 00:00:00+05:30   869.03   936.25   862.50   916.52
4  2022-05-31 00:00:00+05:30   913.45   924.00   800.00   884.58
5  2022-06-30 00:00:00+05:30   879.00   892.42   821.75   873.50
6  2022-07-31 00:00:00+05:30   870.00   971.16   866.56   967.96
7  2022-08-31 00:00:00+05:30   972.10  1007.50   952.50   996.29
8  2022-09-30 00:00:00+05:30   985.00  1002.50   913.37   957.24
9  2022-10-31 00:00:00+05:30   955.88  1052.50   920.52  1018.17
10 2022-11-30 00:00:00+05:30  1019.98  1042.12   972.00  1009.20
11 2022-12-31 00:00:00+05:30  1009.50  1031.80   977.64   980.30
12 2023-01-31 00:00:00+05:30   980.84  1009.45   946.45   950.89
13 2023-02-28 00:00:00+05:30   955.00   989.99   923.01   933.50
14 2023-03-31 00:00:00+05:30   935.00   987.60   894.00   985.23
15 2023-04-30 00:00:00+05:30   989.20  1092.48   968.25  1088.07
16 2023-05-31 00:00:00+05:30  1090.00  1115.00  1063.75  1083.66
17 2023-06-30 00:00:00+05:30  1089.30  1158.76  1078.64  1144.71
18 2023-07-31 00:00:00+05:30  1147.50  1169.77  1103.80  1127.67
19 2023-08-31 00:00:00+05:30  1130.42  1146.91  1072.50  1099.32
20 2023-09-30 00:00:00+05:30  1102.50  1153.15  1081.63  1125.35
21 2023-10-31 00:00:00+05:30  1125.35  1237.25  1112.76  1211.74
22 2023-11-30 00:00:00+05:30  1210.00  1229.49  1188.66  1211.81
23 2023-12-31 00:00:00+05:30  1216.99  1332.50  1206.93  1329.02
24 2024-01-31 00:00:00+05:30  1332.50  1384.65  1223.00  1253.00
25 2024-02-29 00:00:00+05:30  1255.00  1303.10  1204.55  1298.10
26 2024-03-31 00:00:00+05:30  1298.10  1326.83  1234.08  1311.18
27 2024-04-30 00:00:00+05:30  1311.18  1321.30  1205.00  1253.70
28 2024-05-31 00:00:00+05:30  1253.70  1274.95  1172.50  1177.45
29 2024-06-30 00:00:00+05:30  1187.40  1307.22  1163.72  1275.83
30 2024-07-31 00:00:00+05:30  1279.90  1324.98  1225.50  1228.18
31 2024-08-31 00:00:00+05:30  1232.50  1282.53  1228.18  1250.38
32 2024-09-30 00:00:00+05:30  1250.00  1389.00  1244.00  1344.98
33 2024-10-31 00:00:00+05:30  1345.00  1355.00  1108.00  1131.47
34 2024-11-30 00:00:00+05:30  1146.45  1149.00  1084.35  1117.33
35 2024-12-31 00:00:00+05:30  1121.40  1145.97  1072.70  1085.03
36 2025-01-31 00:00:00+05:30  1085.00  1193.50  1065.63  1156.60"
NSE:ONGC-EQ,2022-07-31 00:00:00+05:30,149.09894999999997,141.1,165.09684999999993,670.6955347438733,100000.0,29.999999999999996,7.998949999999979,4,Loss,140.9589,2022-08-31 00:00:00+05:30,28.362151443722446,-5517.857339035557,-5.517857339035557,-0.5517857339035557,1,6,"                       Month    Open    High     Low   Close
0  2022-01-31 00:00:00+05:30  142.35  174.85  141.20  172.60
1  2022-02-28 00:00:00+05:30  174.00  176.35  155.80  160.65
2  2022-03-31 00:00:00+05:30  165.65  194.95  161.15  163.90
3  2022-04-30 00:00:00+05:30  163.90  179.80  159.50  160.45
4  2022-05-31 00:00:00+05:30  158.15  168.40  141.10  151.25
5  2022-06-30 00:00:00+05:30  151.20  167.35  130.00  151.55
6  2022-07-31 00:00:00+05:30  148.95  151.15  119.85  134.15
7  2022-08-31 00:00:00+05:30  134.10  141.90  129.80  138.60
8  2022-09-30 00:00:00+05:30  135.00  136.25  121.50  126.80
9  2022-10-31 00:00:00+05:30  131.70  136.55  125.80  134.05
10 2022-11-30 00:00:00+05:30  134.10  143.80  132.90  141.10
11 2022-12-31 00:00:00+05:30  141.45  150.50  139.20  146.75
12 2023-01-31 00:00:00+05:30  147.30  154.15  143.25  144.90
13 2023-02-28 00:00:00+05:30  145.80  158.80  140.10  152.05
14 2023-03-31 00:00:00+05:30  152.00  159.70  146.50  151.05
15 2023-04-30 00:00:00+05:30  154.50  161.80  150.00  158.95
16 2023-05-31 00:00:00+05:30  159.50  169.00  150.05  154.90
17 2023-06-30 00:00:00+05:30  154.70  161.00  152.55  160.30
18 2023-07-31 00:00:00+05:30  160.30  177.50  160.00  177.05
19 2023-08-31 00:00:00+05:30  175.30  180.45  171.50  174.15
20 2023-09-30 00:00:00+05:30  174.40  192.25  174.40  191.85
21 2023-10-31 00:00:00+05:30  189.30  189.80  179.90  186.15
22 2023-11-30 00:00:00+05:30  186.15  203.40  185.05  194.95
23 2023-12-31 00:00:00+05:30  195.25  212.00  192.05  205.05
24 2024-01-31 00:00:00+05:30  206.00  263.30  203.65  252.25
25 2024-02-29 00:00:00+05:30  254.65  281.15  245.45  264.60
26 2024-03-31 00:00:00+05:30  266.50  284.95  248.90  268.05
27 2024-04-30 00:00:00+05:30  268.05  292.55  265.00  282.85
28 2024-05-31 00:00:00+05:30  281.00  292.95  262.05  264.35
29 2024-06-30 00:00:00+05:30  277.95  286.55  223.00  274.20
30 2024-07-31 00:00:00+05:30  275.00  339.55  271.50  334.20
31 2024-08-31 00:00:00+05:30  337.80  345.00  305.15  330.75
32 2024-09-30 00:00:00+05:30  330.00  331.95  282.50  297.60
33 2024-10-31 00:00:00+05:30  297.00  299.70  255.30  266.15
34 2024-11-30 00:00:00+05:30  269.80  274.35  240.80  256.70
35 2024-12-31 00:00:00+05:30  255.50  264.70  231.15  239.25
36 2025-01-31 00:00:00+05:30  237.81  273.50  236.35  262.61"
NSE:APOLLOHOSP-EQ,2022-08-31 00:00:00+05:30,4244.24,3361.55,6009.619999999999,23.561344316061298,100000.0,29.999999999999996,882.6899999999996,4,Time Exit,4721.6736,2022-11-30 00:00:00+05:30,33.374693231297,11185.602744425396,11.185602744425397,1.1185602744425396,3,7,"                       Month     Open     High      Low    Close
0  2022-01-31 00:00:00+05:30  5038.45  5141.50  4150.00  4457.35
1  2022-02-28 00:00:00+05:30  4478.80  4826.00  4300.00  4802.80
2  2022-03-31 00:00:00+05:30  4827.00  5016.55  4471.85  4516.10
3  2022-04-30 00:00:00+05:30  4558.00  4903.65  4431.00  4454.35
4  2022-05-31 00:00:00+05:30  4440.00  4440.00  3361.55  3979.30
5  2022-06-30 00:00:00+05:30  3939.55  3989.75  3525.00  3683.50
6  2022-07-31 00:00:00+05:30  3680.00  4252.90  3635.20  4212.30
7  2022-08-31 00:00:00+05:30  4240.00  4625.95  3987.85  4322.90
8  2022-09-30 00:00:00+05:30  4298.00  4719.00  4183.10  4383.40
9  2022-10-31 00:00:00+05:30  4385.00  4625.00  4221.05  4517.50
10 2022-11-30 00:00:00+05:30  4577.00  4885.00  4250.00  4726.40
11 2022-12-31 00:00:00+05:30  4765.00  4901.95  4468.10  4477.60
12 2023-01-31 00:00:00+05:30  4488.00  4516.70  4123.00  4255.90
13 2023-02-28 00:00:00+05:30  4275.00  4668.95  4158.00  4401.65
14 2023-03-31 00:00:00+05:30  4401.65  4538.25  4195.00  4310.90
15 2023-04-30 00:00:00+05:30  4343.50  4529.00  4168.00  4513.70
16 2023-05-31 00:00:00+05:30  4529.75  4795.00  4410.25  4621.95
17 2023-06-30 00:00:00+05:30  4689.00  5294.00  4686.00  5098.20
18 2023-07-31 00:00:00+05:30  5127.50  5364.00  5050.40  5173.45
19 2023-08-31 00:00:00+05:30  5210.00  5210.00  4730.00  4814.10
20 2023-09-30 00:00:00+05:30  4840.00  5186.95  4801.20  5137.75
21 2023-10-31 00:00:00+05:30  5138.95  5154.95  4726.00  4819.90
22 2023-11-30 00:00:00+05:30  4835.00  5595.00  4790.00  5528.95
23 2023-12-31 00:00:00+05:30  5550.00  5770.00  5284.85  5704.10
24 2024-01-31 00:00:00+05:30  5741.00  6428.70  5640.00  6352.95
25 2024-02-29 00:00:00+05:30  6289.65  6874.45  6062.05  6101.60
26 2024-03-31 00:00:00+05:30  6102.00  6463.45  5941.60  6356.80
27 2024-04-30 00:00:00+05:30  6401.00  6557.00  5733.00  5947.10
28 2024-05-31 00:00:00+05:30  5947.10  6086.15  5740.00  5839.20
29 2024-06-30 00:00:00+05:30  5986.30  6315.00  5693.20  6185.70
30 2024-07-31 00:00:00+05:30  6180.00  6777.00  6077.00  6615.30
31 2024-08-31 00:00:00+05:30  6615.30  6990.00  6420.95  6927.50
32 2024-09-30 00:00:00+05:30  6989.00  7316.95  6790.05  7199.15
33 2024-10-31 00:00:00+05:30  7201.50  7243.95  6727.35  7022.70
34 2024-11-30 00:00:00+05:30  7022.70  7545.00  6594.15  6828.90
35 2024-12-31 00:00:00+05:30  6858.00  7389.90  6821.10  7296.35
36 2025-01-31 00:00:00+05:30  7320.00  7545.35  6608.00  6810.50"
NSE:AXISBANK-EQ,2022-08-31 00:00:00+05:30,726.7259999999999,618.25,943.6779999999997,137.60344338856737,100000.0,29.999999999999996,108.47599999999989,3,Time Exit,900.34875,2022-11-30 00:00:00+05:30,37.16732647517772,23823.920924117218,23.823920924117218,2.3823920924117217,3,7,"                       Month     Open     High      Low    Close
0  2022-01-31 00:00:00+05:30   680.25   784.70   679.00   773.05
1  2022-02-28 00:00:00+05:30   778.10   815.95   725.30   742.40
2  2022-03-31 00:00:00+05:30   728.70   765.85   637.00   761.15
3  2022-04-30 00:00:00+05:30   760.00   816.20   725.00   728.60
4  2022-05-31 00:00:00+05:30   722.00   738.20   630.05   685.20
5  2022-06-30 00:00:00+05:30   683.00   698.00   618.25   636.80
6  2022-07-31 00:00:00+05:30   633.00   738.80   631.80   724.75
7  2022-08-31 00:00:00+05:30   726.00   776.00   712.20   751.50
8  2022-09-30 00:00:00+05:30   733.50   816.20   707.70   733.20
9  2022-10-31 00:00:00+05:30   731.00   919.95   721.05   906.00
10 2022-11-30 00:00:00+05:30   904.00   905.10   841.00   901.25
11 2022-12-31 00:00:00+05:30   909.50   958.90   891.40   933.75
12 2023-01-31 00:00:00+05:30   932.25   970.00   846.15   871.60
13 2023-02-28 00:00:00+05:30   876.30   899.15   829.55   844.10
14 2023-03-31 00:00:00+05:30   846.05   874.25   814.30   858.50
15 2023-04-30 00:00:00+05:30   864.00   895.80   843.95   860.00
16 2023-05-31 00:00:00+05:30   870.00   939.90   854.05   914.85
17 2023-06-30 00:00:00+05:30   922.00   989.85   916.05   987.45
18 2023-07-31 00:00:00+05:30   990.00   990.00   942.20   953.90
19 2023-08-31 00:00:00+05:30   956.00   998.00   927.15   973.50
20 2023-09-30 00:00:00+05:30   974.25  1047.50   961.80  1036.70
21 2023-10-31 00:00:00+05:30  1035.00  1044.70   951.40   981.85
22 2023-11-30 00:00:00+05:30   977.85  1080.90   968.00  1074.25
23 2023-12-31 00:00:00+05:30  1075.40  1151.85  1070.20  1102.30
24 2024-01-31 00:00:00+05:30  1095.00  1146.00  1020.90  1067.75
25 2024-02-29 00:00:00+05:30  1072.65  1110.70  1031.65  1075.10
26 2024-03-31 00:00:00+05:30  1076.00  1131.95  1027.50  1047.20
27 2024-04-30 00:00:00+05:30  1052.35  1182.90   995.70  1165.90
28 2024-05-31 00:00:00+05:30  1156.00  1196.00  1105.05  1162.15
29 2024-06-30 00:00:00+05:30  1197.05  1310.00  1101.55  1265.25
30 2024-07-31 00:00:00+05:30  1273.00  1339.65  1154.00  1166.10
31 2024-08-31 00:00:00+05:30  1168.00  1184.85  1123.10  1175.25
32 2024-09-30 00:00:00+05:30  1176.00  1281.65  1145.00  1232.20
33 2024-10-31 00:00:00+05:30  1228.10  1242.95  1124.00  1159.55
34 2024-11-30 00:00:00+05:30  1164.05  1187.00  1115.75  1136.30
35 2024-12-31 00:00:00+05:30  1132.70  1193.85  1058.50  1064.70
36 2025-01-31 00:00:00+05:30  1064.15  1093.50   933.50   986.10"
NSE:BAJAJFINSV-EQ,2022-08-31 00:00:00+05:30,1521.5099899999998,1090.9,2382.7299699999994,65.72418233021264,100000.0,29.999999999999996,430.6099899999997,3,Time Exit,1624.8735,2022-11-30 00:00:00+05:30,32.03804465325923,6731.444132877506,6.731444132877505,0.6731444132877505,3,7,"                       Month     Open     High      Low    Close
0  2022-01-31 00:00:00+05:30  1640.65  1862.10  1501.20  1568.95
1  2022-02-28 00:00:00+05:30  1582.90  1675.00  1520.00  1601.26
2  2022-03-31 00:00:00+05:30  1570.50  1730.00  1379.99  1706.04
3  2022-04-30 00:00:00+05:30  1703.00  1748.00  1466.07  1491.11
4  2022-05-31 00:00:00+05:30  1461.28  1505.88  1206.22  1293.40
5  2022-06-30 00:00:00+05:30  1295.90  1322.00  1090.90  1093.18
6  2022-07-31 00:00:00+05:30  1092.00  1522.32  1072.72  1504.76
7  2022-08-31 00:00:00+05:30  1519.99  1714.15  1486.14  1696.22
8  2022-09-30 00:00:00+05:30  1681.00  1844.00  1621.00  1678.35
9  2022-10-31 00:00:00+05:30  1686.00  1740.40  1621.00  1687.50
10 2022-11-30 00:00:00+05:30  1692.00  1817.90  1620.00  1626.50
11 2022-12-31 00:00:00+05:30  1634.80  1655.00  1483.15  1547.85
12 2023-01-31 00:00:00+05:30  1550.00  1570.00  1302.05  1342.45
13 2023-02-28 00:00:00+05:30  1348.00  1435.00  1246.85  1334.90
14 2023-03-31 00:00:00+05:30  1335.70  1399.45  1215.00  1266.50
15 2023-04-30 00:00:00+05:30  1273.00  1374.00  1265.50  1354.65
16 2023-05-31 00:00:00+05:30  1360.00  1468.50  1330.00  1451.05
17 2023-06-30 00:00:00+05:30  1455.50  1553.30  1444.00  1528.00
18 2023-07-31 00:00:00+05:30  1528.00  1664.90  1526.60  1598.30
19 2023-08-31 00:00:00+05:30  1598.30  1599.95  1451.00  1488.90
20 2023-09-30 00:00:00+05:30  1494.00  1591.00  1487.35  1540.25
21 2023-10-31 00:00:00+05:30  1530.25  1676.75  1521.15  1569.55
22 2023-11-30 00:00:00+05:30  1574.90  1679.90  1527.90  1673.50
23 2023-12-31 00:00:00+05:30  1680.00  1741.00  1637.05  1685.80
24 2024-01-31 00:00:00+05:30  1685.80  1723.95  1559.00  1627.30
25 2024-02-29 00:00:00+05:30  1632.00  1664.00  1551.50  1593.80
26 2024-03-31 00:00:00+05:30  1597.95  1669.00  1530.80  1643.85
27 2024-04-30 00:00:00+05:30  1659.05  1722.00  1568.70  1615.00
28 2024-05-31 00:00:00+05:30  1615.00  1725.00  1517.00  1528.60
29 2024-06-30 00:00:00+05:30  1580.00  1622.00  1419.05  1588.15
30 2024-07-31 00:00:00+05:30  1588.20  1669.90  1558.00  1651.65
31 2024-08-31 00:00:00+05:30  1655.00  1793.50  1523.25  1783.05
32 2024-09-30 00:00:00+05:30  1796.40  2029.90  1787.80  1973.40
33 2024-10-31 00:00:00+05:30  1973.00  2007.10  1698.10  1750.75
34 2024-11-30 00:00:00+05:30  1762.00  1772.15  1562.05  1579.95
35 2024-12-31 00:00:00+05:30  1588.00  1690.50  1551.65  1568.10
36 2025-01-31 00:00:00+05:30  1565.00  1856.00  1565.00  1736.10"
NSE:BAJFINANCE-EQ,2022-08-31 00:00:00+05:30,725.83511,522.0,1133.50533,137.7723378523257,100000.0,29.999999999999996,203.83511,3,Time Exit,671.4279,2022-11-30 00:00:00+05:30,27.751257444683265,-7553.559775167126,-7.553559775167126,-0.7553559775167126,3,7,"                       Month    Open    High     Low   Close
0  2022-01-31 00:00:00+05:30  697.50  804.50  670.81  700.03
1  2022-02-28 00:00:00+05:30  707.59  728.71  659.25  700.23
2  2022-03-31 00:00:00+05:30  691.80  744.50  591.29  726.00
3  2022-04-30 00:00:00+05:30  723.00  759.09  658.00  667.18
4  2022-05-31 00:00:00+05:30  655.00  666.78  548.80  608.22
5  2022-06-30 00:00:00+05:30  606.00  616.80  522.00  540.05
6  2022-07-31 00:00:00+05:30  536.40  726.00  533.51  720.91
7  2022-08-31 00:00:00+05:30  725.11  763.80  686.14  730.63
8  2022-09-30 00:00:00+05:30  722.86  777.80  702.68  733.58
9  2022-10-31 00:00:00+05:30  733.70  759.90  693.10  714.41
10 2022-11-30 00:00:00+05:30  719.70  725.07  661.04  672.10
11 2022-12-31 00:00:00+05:30  675.46  677.00  630.00  657.52
12 2023-01-31 00:00:00+05:30  656.50  666.00  568.00  588.64
13 2023-02-28 00:00:00+05:30  594.40  652.76  564.50  611.21
14 2023-03-31 00:00:00+05:30  610.01  620.96  548.57  561.67
15 2023-04-30 00:00:00+05:30  565.50  629.60  563.22  628.01
16 2023-05-31 00:00:00+05:30  633.00  702.60  615.60  698.99
17 2023-06-30 00:00:00+05:30  702.40  739.89  694.50  716.06
18 2023-07-31 00:00:00+05:30  716.06  799.99  716.00  730.03
19 2023-08-31 00:00:00+05:30  730.03  733.09  680.10  716.30
20 2023-09-30 00:00:00+05:30  716.86  790.00  715.50  781.08
21 2023-10-31 00:00:00+05:30  778.08  819.20  735.25  749.27
22 2023-11-30 00:00:00+05:30  752.00  764.00  693.13  712.19
23 2023-12-31 00:00:00+05:30  716.00  769.50  714.20  732.78
24 2024-01-31 00:00:00+05:30  733.70  783.00  680.50  686.29
25 2024-02-29 00:00:00+05:30  686.59  691.00  636.62  649.54
26 2024-03-31 00:00:00+05:30  651.17  734.93  618.78  724.53
27 2024-04-30 00:00:00+05:30  726.13  741.95  669.15  692.36
28 2024-05-31 00:00:00+05:30  693.79  740.00  658.50  669.77
29 2024-06-30 00:00:00+05:30  694.89  742.95  637.57  711.56
30 2024-07-31 00:00:00+05:30  707.50  732.50  654.11  680.70
31 2024-08-31 00:00:00+05:30  683.15  721.51  642.50  720.02
32 2024-09-30 00:00:00+05:30  727.40  782.40  719.30  770.30
33 2024-10-31 00:00:00+05:30  766.01  781.47  660.10  688.98
34 2024-11-30 00:00:00+05:30  693.00  703.90  645.10  657.59
35 2024-12-31 00:00:00+05:30  659.50  725.74  649.10  682.30
36 2025-01-31 00:00:00+05:30  682.30  825.07  680.60  788.51"
NSE:HINDALCO-EQ,2022-08-31 00:00:00+05:30,420.41999999999996,308.95,643.3599999999999,237.8573807145236,100000.0,29.999999999999996,111.46999999999997,4,Time Exit,450.2493,2022-11-30 00:00:00+05:30,32.12853574996432,7032.990630797788,7.032990630797788,0.7032990630797789,3,7,"                       Month    Open    High     Low   Close
0  2022-01-31 00:00:00+05:30  475.55  515.80  472.00  489.05
1  2022-02-28 00:00:00+05:30  492.80  580.05  487.70  573.75
2  2022-03-31 00:00:00+05:30  575.25  636.00  555.95  569.50
3  2022-04-30 00:00:00+05:30  569.90  590.95  476.45  482.65
4  2022-05-31 00:00:00+05:30  477.85  486.00  384.95  422.55
5  2022-06-30 00:00:00+05:30  421.00  422.00  308.95  338.65
6  2022-07-31 00:00:00+05:30  335.00  416.80  326.65  415.05
7  2022-08-31 00:00:00+05:30  420.00  446.50  407.60  439.00
8  2022-09-30 00:00:00+05:30  424.00  447.90  358.80  390.55
9  2022-10-31 00:00:00+05:30  389.00  416.50  379.10  405.65
10 2022-11-30 00:00:00+05:30  406.00  460.55  406.00  450.70
11 2022-12-31 00:00:00+05:30  455.00  483.85  427.60  473.35
12 2023-01-31 00:00:00+05:30  475.95  504.00  458.65  468.40
13 2023-02-28 00:00:00+05:30  473.00  480.60  398.00  399.20
14 2023-03-31 00:00:00+05:30  402.00  422.20  381.00  405.35
15 2023-04-30 00:00:00+05:30  406.50  437.35  394.30  436.10
16 2023-05-31 00:00:00+05:30  439.00  449.90  397.80  405.90
17 2023-06-30 00:00:00+05:30  409.05  433.25  405.90  420.95
18 2023-07-31 00:00:00+05:30  424.00  463.25  417.15  462.60
19 2023-08-31 00:00:00+05:30  465.00  471.55  438.15  459.85
20 2023-09-30 00:00:00+05:30  462.95  508.90  462.10  492.65
21 2023-10-31 00:00:00+05:30  483.10  494.80  448.75  459.50
22 2023-11-30 00:00:00+05:30  458.50  523.35  456.00  515.65
23 2023-12-31 00:00:00+05:30  520.05  618.00  514.00  614.85
24 2024-01-31 00:00:00+05:30  614.50  620.50  537.60  579.35
25 2024-02-29 00:00:00+05:30  578.00  608.95  496.35  503.85
26 2024-03-31 00:00:00+05:30  510.00  566.65  501.20  560.25
27 2024-04-30 00:00:00+05:30  570.00  661.60  561.55  644.40
28 2024-05-31 00:00:00+05:30  635.90  713.50  611.75  689.35
29 2024-06-30 00:00:00+05:30  715.00  715.25  594.25  693.55
30 2024-07-31 00:00:00+05:30  699.00  712.10  633.30  669.60
31 2024-08-31 00:00:00+05:30  680.00  712.95  608.00  701.35
32 2024-09-30 00:00:00+05:30  706.70  764.45  645.40  756.20
33 2024-10-31 00:00:00+05:30  755.00  772.65  666.75  686.05
34 2024-11-30 00:00:00+05:30  687.50  714.25  622.55  656.20
35 2024-12-31 00:00:00+05:30  656.20  679.80  597.45  602.45
36 2025-01-31 00:00:00+05:30  601.50  628.35  562.00  594.30"
NSE:INFY-EQ,2022-08-31 00:00:00+05:30,1565.5639999999999,1367.15,1962.3919999999994,63.87474418164956,100000.0,29.999999999999996,198.41399999999976,3,Loss,1365.78285,2022-09-30 00:00:00+05:30,26.171709045430276,-12817.141557611172,-12.817141557611173,-1.2817141557611171,1,7,"                       Month     Open     High      Low    Close
0  2022-01-31 00:00:00+05:30  1887.75  1953.90  1665.00  1736.20
1  2022-02-28 00:00:00+05:30  1766.10  1792.80  1665.00  1715.60
2  2022-03-31 00:00:00+05:30  1710.00  1923.30  1681.00  1906.85
3  2022-04-30 00:00:00+05:30  1886.85  1910.30  1550.00  1567.55
4  2022-05-31 00:00:00+05:30  1550.90  1589.40  1399.25  1503.60
5  2022-06-30 00:00:00+05:30  1513.00  1555.00  1367.15  1461.90
6  2022-07-31 00:00:00+05:30  1454.00  1555.70  1410.65  1549.70
7  2022-08-31 00:00:00+05:30  1564.00  1631.35  1450.00  1492.95
8  2022-09-30 00:00:00+05:30  1460.05  1553.00  1355.00  1413.45
9  2022-10-31 00:00:00+05:30  1412.00  1546.40  1386.00  1537.65
10 2022-11-30 00:00:00+05:30  1553.05  1653.50  1485.00  1634.95
11 2022-12-31 00:00:00+05:30  1656.20  1672.60  1482.45  1508.20
12 2023-01-31 00:00:00+05:30  1514.00  1568.80  1446.50  1533.75
13 2023-02-28 00:00:00+05:30  1542.20  1619.75  1481.30  1487.55
14 2023-03-31 00:00:00+05:30  1492.40  1520.40  1364.55  1427.95
15 2023-04-30 00:00:00+05:30  1435.00  1435.00  1185.30  1252.75
16 2023-05-31 00:00:00+05:30  1254.55  1332.70  1239.05  1318.30
17 2023-06-30 00:00:00+05:30  1322.55  1338.90  1262.25  1335.50
18 2023-07-31 00:00:00+05:30  1330.00  1498.80  1305.00  1355.70
19 2023-08-31 00:00:00+05:30  1362.00  1444.90  1348.45  1435.45
20 2023-09-30 00:00:00+05:30  1430.95  1518.40  1416.00  1435.45
21 2023-10-31 00:00:00+05:30  1436.05  1518.25  1353.10  1368.40
22 2023-11-30 00:00:00+05:30  1373.05  1467.90  1351.65  1455.15
23 2023-12-31 00:00:00+05:30  1459.90  1593.00  1433.15  1542.90
24 2024-01-31 00:00:00+05:30  1539.00  1690.00  1486.60  1660.90
25 2024-02-29 00:00:00+05:30  1659.55  1733.00  1635.50  1673.90
26 2024-03-31 00:00:00+05:30  1669.00  1671.95  1481.55  1498.05
27 2024-04-30 00:00:00+05:30  1525.00  1529.95  1378.75  1420.55
28 2024-05-31 00:00:00+05:30  1413.00  1479.60  1400.00  1406.90
29 2024-06-30 00:00:00+05:30  1440.00  1588.50  1358.35  1566.75
30 2024-07-31 00:00:00+05:30  1559.50  1903.00  1559.50  1868.25
31 2024-08-31 00:00:00+05:30  1856.10  1951.00  1718.55  1943.70
32 2024-09-30 00:00:00+05:30  1943.35  1975.75  1867.40  1875.60
33 2024-10-31 00:00:00+05:30  1875.00  1991.45  1746.50  1757.25
34 2024-11-30 00:00:00+05:30  1764.50  1941.40  1718.00  1857.85
35 2024-12-31 00:00:00+05:30  1859.00  2006.45  1835.20  1880.00
36 2025-01-31 00:00:00+05:30  1874.00  1982.80  1793.05  1879.80"
NSE:LTIM-EQ,2022-08-31 00:00:00+05:30,4764.759999999999,3733.3,6827.679999999998,20.987415945399142,100000.0,29.999999999999996,1031.4599999999991,3,Time Exit,4833.71145,2022-11-30 00:00:00+05:30,30.43413382835652,1386.6786273600437,1.3866786273600435,0.13866786273600437,3,7,"                       Month     Open     High      Low    Close
0  2022-01-31 00:00:00+05:30  7338.00  7588.80  5722.00  6270.35
1  2022-02-28 00:00:00+05:30  6390.00  6432.30  5580.00  5849.80
2  2022-03-31 00:00:00+05:30  5850.00  6524.80  5755.20  6155.40
3  2022-04-30 00:00:00+05:30  6148.95  6430.00  4713.10  4839.05
4  2022-05-31 00:00:00+05:30  4800.00  4823.95  3733.30  4253.70
5  2022-06-30 00:00:00+05:30  4274.85  4455.00  3900.00  3975.45
6  2022-07-31 00:00:00+05:30  3945.00  4835.00  3833.15  4730.75
7  2022-08-31 00:00:00+05:30  4760.00  5046.00  4400.00  4641.70
8  2022-09-30 00:00:00+05:30  4570.00  4850.00  4261.35  4457.85
9  2022-10-31 00:00:00+05:30  4457.00  4820.00  4378.00  4739.85
10 2022-11-30 00:00:00+05:30  4735.05  5360.00  4693.00  4838.55
11 2022-12-31 00:00:00+05:30  4911.00  5125.00  4225.00  4365.40
12 2023-01-31 00:00:00+05:30  4365.40  4544.95  4121.00  4368.55
13 2023-02-28 00:00:00+05:30  4393.00  4975.05  4331.05  4722.05
14 2023-03-31 00:00:00+05:30  4722.05  4845.00  4480.00  4759.65
15 2023-04-30 00:00:00+05:30  4760.00  4848.00  4132.20  4419.45
16 2023-05-31 00:00:00+05:30  4430.95  5054.70  4424.05  4998.40
17 2023-06-30 00:00:00+05:30  5018.75  5230.00  4776.10  5197.20
18 2023-07-31 00:00:00+05:30  5226.00  5430.00  4776.20  4891.65
19 2023-08-31 00:00:00+05:30  4929.00  5253.40  4831.05  5193.40
20 2023-09-30 00:00:00+05:30  5224.80  5593.40  5128.00  5209.85
21 2023-10-31 00:00:00+05:30  5195.00  5513.00  5037.65  5060.40
22 2023-11-30 00:00:00+05:30  5065.00  5637.65  4989.05  5536.70
23 2023-12-31 00:00:00+05:30  5600.00  6356.00  5454.00  6294.95
24 2024-01-31 00:00:00+05:30  6308.80  6442.00  5310.30  5448.55
25 2024-02-29 00:00:00+05:30  5430.00  5594.95  5267.00  5300.85
26 2024-03-31 00:00:00+05:30  5315.00  5348.45  4908.05  4938.40
27 2024-04-30 00:00:00+05:30  4955.00  4979.75  4591.50  4706.40
28 2024-05-31 00:00:00+05:30  4714.95  4933.45  4565.50  4701.90
29 2024-06-30 00:00:00+05:30  4825.00  5450.00  4513.55  5385.05
30 2024-07-31 00:00:00+05:30  5372.45  5879.15  5320.35  5658.15
31 2024-08-31 00:00:00+05:30  5689.00  6198.90  5257.05  6156.05
32 2024-09-30 00:00:00+05:30  6102.00  6574.95  5989.75  6244.35
33 2024-10-31 00:00:00+05:30  6244.35  6551.70  5621.20  5710.85
34 2024-11-30 00:00:00+05:30  5702.00  6301.55  5572.65  6172.40
35 2024-12-31 00:00:00+05:30  6172.40  6767.95  5510.00  5585.90
36 2025-01-31 00:00:00+05:30  5625.55  6157.95  5602.75  5914.15"
NSE:LT-EQ,2022-08-31 00:00:00+05:30,1809.8079999999998,1456.35,2516.7239999999993,55.2544800332411,100000.0,29.999999999999996,353.45799999999986,5,Time Exit,2072.77515,2022-11-30 00:00:00+05:30,34.359033941722,14465.754105131598,14.465754105131598,1.4465754105131599,3,7,"                       Month     Open     High      Low    Close
0  2022-01-31 00:00:00+05:30  1895.00  2078.55  1850.10  1909.20
1  2022-02-28 00:00:00+05:30  1928.65  2008.00  1751.00  1816.75
2  2022-03-31 00:00:00+05:30  1800.00  1826.95  1595.00  1767.65
3  2022-04-30 00:00:00+05:30  1759.00  1858.00  1652.00  1694.35
4  2022-05-31 00:00:00+05:30  1668.60  1685.95  1502.00  1654.50
5  2022-06-30 00:00:00+05:30  1653.55  1673.70  1456.35  1558.25
6  2022-07-31 00:00:00+05:30  1560.95  1832.50  1534.60  1808.05
7  2022-08-31 00:00:00+05:30  1808.00  1944.00  1773.00  1922.50
8  2022-09-30 00:00:00+05:30  1905.00  1995.00  1797.40  1847.70
9  2022-10-31 00:00:00+05:30  1852.00  2034.65  1814.00  2023.10
10 2022-11-30 00:00:00+05:30  2032.00  2095.80  1970.20  2074.85
11 2022-12-31 00:00:00+05:30  2085.25  2211.60  2050.10  2085.80
12 2023-01-31 00:00:00+05:30  2092.90  2297.65  2058.00  2124.40
13 2023-02-28 00:00:00+05:30  2133.00  2262.00  2080.30  2109.15
14 2023-03-31 00:00:00+05:30  2100.00  2246.25  2100.00  2164.20
15 2023-04-30 00:00:00+05:30  2180.00  2369.00  2155.00  2364.40
16 2023-05-31 00:00:00+05:30  2373.20  2416.35  2168.50  2205.65
17 2023-06-30 00:00:00+05:30  2217.00  2483.50  2202.15  2475.55
18 2023-07-31 00:00:00+05:30  2478.20  2690.00  2420.00  2681.35
19 2023-08-31 00:00:00+05:30  2681.35  2766.80  2586.30  2702.70
20 2023-09-30 00:00:00+05:30  2710.00  3058.35  2688.30  3023.55
21 2023-10-31 00:00:00+05:30  3040.50  3114.95  2856.15  2929.05
22 2023-11-30 00:00:00+05:30  2947.45  3124.55  2871.05  3109.20
23 2023-12-31 00:00:00+05:30  3129.95  3559.95  3121.05  3526.00
24 2024-01-31 00:00:00+05:30  3538.00  3737.90  3387.05  3479.75
25 2024-02-29 00:00:00+05:30  3480.00  3513.00  3263.05  3477.55
26 2024-03-31 00:00:00+05:30  3501.65  3813.35  3481.00  3763.90
27 2024-04-30 00:00:00+05:30  3780.85  3860.00  3472.40  3594.30
28 2024-05-31 00:00:00+05:30  3590.05  3744.80  3225.20  3669.30
29 2024-06-30 00:00:00+05:30  3855.40  3919.90  3175.05  3548.45
30 2024-07-31 00:00:00+05:30  3535.20  3822.00  3460.00  3815.00
31 2024-08-31 00:00:00+05:30  3810.00  3838.95  3511.50  3704.65
32 2024-09-30 00:00:00+05:30  3706.00  3838.80  3516.40  3675.55
33 2024-10-31 00:00:00+05:30  3667.00  3724.00  3262.55  3622.30
34 2024-11-30 00:00:00+05:30  3624.95  3761.00  3452.45  3724.80
35 2024-12-31 00:00:00+05:30  3706.85  3963.50  3550.00  3607.65
36 2025-01-31 00:00:00+05:30  3600.00  3724.10  3395.00  3567.40"
NSE:BHARTIARTL-EQ,2022-09-30 00:00:00+05:30,727.2264999999999,628.75,924.1794999999996,137.50874039931165,100000.0,29.999999999999996,98.47649999999987,4,Time Exit,805.2939,2022-12-31 00:00:00+05:30,33.22048495207477,10671.729355297157,10.671729355297156,1.0671729355297157,3,8,"                       Month     Open     High      Low    Close
0  2022-01-31 00:00:00+05:30   687.80   754.00   677.35   729.30
1  2022-02-28 00:00:00+05:30   733.00   735.00   645.45   686.50
2  2022-03-31 00:00:00+05:30   684.00   769.90   639.00   754.95
3  2022-04-30 00:00:00+05:30   759.80   780.70   716.85   739.00
4  2022-05-31 00:00:00+05:30   734.00   742.95   667.85   700.20
5  2022-06-30 00:00:00+05:30   701.55   706.20   634.20   684.95
6  2022-07-31 00:00:00+05:30   684.85   696.60   628.75   677.95
7  2022-08-31 00:00:00+05:30   677.95   754.20   677.05   726.60
8  2022-09-30 00:00:00+05:30   726.50   809.00   686.20   799.90
9  2022-10-31 00:00:00+05:30   803.40   833.80   759.85   832.00
10 2022-11-30 00:00:00+05:30   828.00   860.55   804.20   848.75
11 2022-12-31 00:00:00+05:30   853.00   853.20   760.10   806.10
12 2023-01-31 00:00:00+05:30   806.25   826.10   751.65   770.30
13 2023-02-28 00:00:00+05:30   775.95   795.85   738.45   742.25
14 2023-03-31 00:00:00+05:30   742.40   795.00   735.80   749.00
15 2023-04-30 00:00:00+05:30   755.00   802.05   752.05   799.30
16 2023-05-31 00:00:00+05:30   800.25   888.75   773.65   849.90
17 2023-06-30 00:00:00+05:30   837.95   883.00   819.00   878.75
18 2023-07-31 00:00:00+05:30   880.00   901.40   853.30   889.90
19 2023-08-31 00:00:00+05:30   894.50   900.55   847.05   856.40
20 2023-09-30 00:00:00+05:30   853.15   948.70   852.75   926.40
21 2023-10-31 00:00:00+05:30   918.25   960.25   900.05   914.40
22 2023-11-30 00:00:00+05:30   903.00  1018.20   895.45  1014.70
23 2023-12-31 00:00:00+05:30  1015.00  1045.95   960.00  1032.20
24 2024-01-31 00:00:00+05:30  1031.95  1200.65  1007.00  1170.70
25 2024-02-29 00:00:00+05:30  1165.05  1175.20  1097.65  1123.35
26 2024-03-31 00:00:00+05:30  1128.00  1245.00  1117.40  1228.60
27 2024-04-30 00:00:00+05:30  1228.00  1354.00  1183.10  1322.30
28 2024-05-31 00:00:00+05:30  1315.25  1407.00  1258.15  1372.75
29 2024-06-30 00:00:00+05:30  1415.30  1536.25  1219.05  1444.05
30 2024-07-31 00:00:00+05:30  1450.00  1525.00  1408.45  1491.55
31 2024-08-31 00:00:00+05:30  1485.00  1608.40  1422.60  1589.05
32 2024-09-30 00:00:00+05:30  1605.00  1779.00  1523.25  1709.55
33 2024-10-31 00:00:00+05:30  1705.00  1742.25  1602.15  1612.60
34 2024-11-30 00:00:00+05:30  1620.00  1648.90  1511.00  1627.15
35 2024-12-31 00:00:00+05:30  1627.15  1687.00  1563.35  1587.75
36 2025-01-31 00:00:00+05:30  1593.00  1661.90  1567.10  1626.30"
NSE:RELIANCE-EQ,2022-09-30 00:00:00+05:30,1292.6213299999997,1182.5,1512.8639899999991,77.36217690296046,100000.0,29.999999999999996,110.12132999999972,3,Loss,1181.3175,2022-10-31 00:00:00+05:30,27.416788024068897,-8668.123374461078,-8.668123374461079,-0.8668123374461079,1,8,"                       Month     Open     High      Low    Close
0  2022-01-31 00:00:00+05:30  1182.50  1283.65  1152.50  1193.30
1  2022-02-28 00:00:00+05:30  1204.00  1228.20  1121.50  1179.78
2  2022-03-31 00:00:00+05:30  1167.22  1344.00  1090.00  1317.38
3  2022-04-30 00:00:00+05:30  1318.00  1428.08  1260.90  1395.13
4  2022-05-31 00:00:00+05:30  1381.00  1402.75  1185.00  1316.33
5  2022-06-30 00:00:00+05:30  1317.15  1408.68  1222.50  1297.83
6  2022-07-31 00:00:00+05:30  1287.45  1296.00  1182.50  1254.72
7  2022-08-31 00:00:00+05:30  1259.58  1338.45  1253.80  1318.98
8  2022-09-30 00:00:00+05:30  1291.33  1314.85  1155.50  1188.88
9  2022-10-31 00:00:00+05:30  1195.75  1280.47  1171.55  1274.80
10 2022-11-30 00:00:00+05:30  1300.00  1372.73  1251.00  1365.68
11 2022-12-31 00:00:00+05:30  1370.90  1377.50  1246.13  1273.60
12 2023-01-31 00:00:00+05:30  1275.00  1303.00  1150.50  1176.93
13 2023-02-28 00:00:00+05:30  1189.97  1231.90  1146.50  1161.28
14 2023-03-31 00:00:00+05:30  1172.00  1212.30  1090.00  1165.53
15 2023-04-30 00:00:00+05:30  1172.50  1212.47  1154.28  1210.25
16 2023-05-31 00:00:00+05:30  1218.10  1268.85  1206.53  1234.95
17 2023-06-30 00:00:00+05:30  1240.08  1292.00  1225.50  1275.13
18 2023-07-31 00:00:00+05:30  1279.03  1428.00  1234.65  1274.63
19 2023-08-31 00:00:00+05:30  1277.50  1291.40  1199.95  1203.50
20 2023-09-30 00:00:00+05:30  1203.28  1241.50  1162.50  1172.50
21 2023-10-31 00:00:00+05:30  1164.97  1183.50  1110.15  1143.95
22 2023-11-30 00:00:00+05:30  1144.58  1205.97  1137.60  1188.72
23 2023-12-31 00:00:00+05:30  1189.00  1307.00  1188.80  1292.47
24 2024-01-31 00:00:00+05:30  1290.28  1459.98  1284.47  1426.63
25 2024-02-29 00:00:00+05:30  1435.00  1499.95  1418.05  1460.80
26 2024-03-31 00:00:00+05:30  1463.50  1512.45  1412.90  1485.85
27 2024-04-30 00:00:00+05:30  1492.48  1494.00  1441.50  1467.00
28 2024-05-31 00:00:00+05:30  1472.00  1492.23  1384.00  1430.40
29 2024-06-30 00:00:00+05:30  1483.00  1581.00  1359.30  1565.40
30 2024-07-31 00:00:00+05:30  1562.53  1608.80  1463.00  1505.43
31 2024-08-31 00:00:00+05:30  1512.00  1539.73  1433.25  1509.63
32 2024-09-30 00:00:00+05:30  1510.88  1533.48  1445.88  1476.58
33 2024-10-31 00:00:00+05:30  1480.65  1487.95  1320.30  1332.05
34 2024-11-30 00:00:00+05:30  1333.05  1341.95  1217.25  1292.20
35 2024-12-31 00:00:00+05:30  1288.00  1329.95  1201.50  1215.45
36 2025-01-31 00:00:00+05:30  1214.85  1326.00  1211.60  1265.10"
NSE:HCLTECH-EQ,2022-10-31 00:00:00+05:30,933.28235,877.35,1045.1470499999998,107.14871014114861,100000.0,29.999999999999996,55.93234999999993,5,Win,1044.1019029499998,2022-11-30 00:00:00+05:30,33.56225164710336,11810.60990536411,11.81060990536411,1.181060990536411,1,9,"                       Month     Open     High      Low    Close
0  2022-01-31 00:00:00+05:30  1316.35  1359.40  1070.20  1099.40
1  2022-02-28 00:00:00+05:30  1116.70  1191.90  1092.00  1126.95
2  2022-03-31 00:00:00+05:30  1124.65  1215.00  1109.00  1163.75
3  2022-04-30 00:00:00+05:30  1161.00  1203.00  1058.75  1079.25
4  2022-05-31 00:00:00+05:30  1073.00  1097.35   963.00  1040.75
5  2022-06-30 00:00:00+05:30  1040.75  1069.65   944.05   973.25
6  2022-07-31 00:00:00+05:30   964.50  1002.65   877.35   948.40
7  2022-08-31 00:00:00+05:30   954.00   987.05   900.10   938.95
8  2022-09-30 00:00:00+05:30   917.30   963.50   882.00   932.35
9  2022-10-31 00:00:00+05:30   932.35  1052.50   916.00  1041.15
10 2022-11-30 00:00:00+05:30  1049.00  1138.75  1033.10  1120.80
11 2022-12-31 00:00:00+05:30  1130.00  1150.65  1011.50  1039.30
12 2023-01-31 00:00:00+05:30  1039.10  1143.70  1025.25  1122.20
13 2023-02-28 00:00:00+05:30  1137.00  1156.65  1068.10  1077.60
14 2023-03-31 00:00:00+05:30  1077.35  1148.00  1039.35  1085.25
15 2023-04-30 00:00:00+05:30  1089.95  1113.00  1016.25  1064.10
16 2023-05-31 00:00:00+05:30  1064.10  1153.35  1048.30  1145.10
17 2023-06-30 00:00:00+05:30  1148.00  1194.00  1105.95  1187.95
18 2023-07-31 00:00:00+05:30  1190.00  1202.60  1087.05  1116.70
19 2023-08-31 00:00:00+05:30  1120.00  1195.00  1111.90  1172.15
20 2023-09-30 00:00:00+05:30  1173.00  1311.30  1171.10  1234.80
21 2023-10-31 00:00:00+05:30  1232.50  1281.50  1208.55  1276.00
22 2023-11-30 00:00:00+05:30  1280.00  1346.80  1250.65  1340.90
23 2023-12-31 00:00:00+05:30  1346.00  1509.90  1308.30  1466.10
24 2024-01-31 00:00:00+05:30  1460.00  1619.60  1417.15  1576.00
25 2024-02-29 00:00:00+05:30  1576.00  1697.35  1551.45  1663.85
26 2024-03-31 00:00:00+05:30  1675.45  1683.00  1508.20  1543.55
27 2024-04-30 00:00:00+05:30  1549.00  1569.00  1362.45  1366.60
28 2024-05-31 00:00:00+05:30  1358.00  1377.90  1301.65  1324.10
29 2024-06-30 00:00:00+05:30  1350.55  1481.95  1235.00  1459.60
30 2024-07-31 00:00:00+05:30  1465.00  1645.00  1455.00  1642.60
31 2024-08-31 00:00:00+05:30  1640.05  1766.30  1537.00  1753.25
32 2024-09-30 00:00:00+05:30  1764.20  1828.55  1721.40  1796.10
33 2024-10-31 00:00:00+05:30  1790.00  1888.50  1743.00  1766.05
34 2024-11-30 00:00:00+05:30  1777.00  1919.95  1745.00  1848.05
35 2024-12-31 00:00:00+05:30  1848.05  1980.00  1835.45  1917.40
36 2025-01-31 00:00:00+05:30  1917.40  2012.20  1691.00  1725.45"
NSE:BPCL-EQ,2022-12-31 00:00:00+05:30,171.171,144.03,225.45299999999997,584.2111105269,100000.0,29.999999999999996,27.14099999999999,3,Time Exit,171.97785000000002,2023-03-31 00:00:00+05:30,30.141411220358588,411.22932330827985,0.4112293233082798,0.041122932330827984,3,11,"                       Month    Open    High     Low   Close
0  2022-01-31 00:00:00+05:30  192.00  203.45  184.00  198.53
1  2022-02-28 00:00:00+05:30  197.50  197.50  165.55  174.90
2  2022-03-31 00:00:00+05:30  173.25  185.80  165.90  179.68
3  2022-04-30 00:00:00+05:30  180.78  199.40  180.58  181.30
4  2022-05-31 00:00:00+05:30  180.05  185.70  156.10  163.10
5  2022-06-30 00:00:00+05:30  164.00  167.28  146.68  154.20
6  2022-07-31 00:00:00+05:30  154.25  166.13  152.07  165.15
7  2022-08-31 00:00:00+05:30  165.50  177.63  160.10  164.33
8  2022-09-30 00:00:00+05:30  162.75  172.80  150.43  152.40
9  2022-10-31 00:00:00+05:30  153.18  157.40  144.03  151.82
10 2022-11-30 00:00:00+05:30  151.82  171.88  149.40  170.58
11 2022-12-31 00:00:00+05:30  171.00  175.73  160.07  165.25
12 2023-01-31 00:00:00+05:30  165.03  179.00  163.78  171.63
13 2023-02-28 00:00:00+05:30  171.63  172.35  157.03  158.68
14 2023-03-31 00:00:00+05:30  158.40  180.80  157.25  172.15
15 2023-04-30 00:00:00+05:30  169.00  179.15  163.50  178.80
16 2023-05-31 00:00:00+05:30  179.15  187.45  178.18  181.75
17 2023-06-30 00:00:00+05:30  182.65  190.23  177.30  182.35
18 2023-07-31 00:00:00+05:30  182.60  198.95  181.58  188.75
19 2023-08-31 00:00:00+05:30  188.75  189.90  169.55  170.28
20 2023-09-30 00:00:00+05:30  170.53  184.38  170.28  173.30
21 2023-10-31 00:00:00+05:30  174.25  178.85  165.73  174.63
22 2023-11-30 00:00:00+05:30  175.28  219.38  175.28  217.85
23 2023-12-31 00:00:00+05:30  220.00  241.25  216.23  225.33
24 2024-01-31 00:00:00+05:30  229.70  258.93  222.55  251.18
25 2024-02-29 00:00:00+05:30  252.28  343.98  249.55  301.93
26 2024-03-31 00:00:00+05:30  305.50  326.50  278.20  301.20
27 2024-04-30 00:00:00+05:30  301.50  312.27  282.10  303.68
28 2024-05-31 00:00:00+05:30  309.00  331.68  295.02  313.90
29 2024-06-30 00:00:00+05:30  332.50  343.50  267.10  303.95
30 2024-07-31 00:00:00+05:30  305.70  359.05  293.40  350.05
31 2024-08-31 00:00:00+05:30  351.00  365.50  320.65  357.65
32 2024-09-30 00:00:00+05:30  361.00  376.00  322.95  369.95
33 2024-10-31 00:00:00+05:30  370.00  373.35  302.25  310.75
34 2024-11-30 00:00:00+05:30  311.95  319.00  279.35  292.10
35 2024-12-31 00:00:00+05:30  292.65  308.95  282.05  292.45
36 2025-01-31 00:00:00+05:30  292.30  299.15  251.50  261.10"
NSE:TATACONSUM-EQ,2022-12-31 00:00:00+05:30,812.6218099999999,729.73,978.4054299999996,123.05847415047846,100000.0,29.999999999999996,82.89180999999985,3,Loss,729.00027,2023-01-31 00:00:00+05:30,26.912898264446046,-10347.252016777622,-10.347252016777622,-1.0347252016777622,1,11,"                       Month     Open     High      Low    Close
0  2022-01-31 00:00:00+05:30   737.83   767.46   666.71   718.37
1  2022-02-28 00:00:00+05:30   723.01   759.56   665.77   709.78
2  2022-03-31 00:00:00+05:30   703.21   773.14   642.22   767.86
3  2022-04-30 00:00:00+05:30   770.37   826.58   769.44   813.64
4  2022-05-31 00:00:00+05:30   813.19   821.79   689.43   750.42
5  2022-06-30 00:00:00+05:30   750.67   770.92   694.47   697.68
6  2022-07-31 00:00:00+05:30   691.41   813.88   688.44   801.69
7  2022-08-31 00:00:00+05:30   802.03   815.86   751.21   799.71
8  2022-09-30 00:00:00+05:30   799.71   850.58   752.64   792.99
9  2022-10-31 00:00:00+05:30   792.99   794.92   729.73   760.69
10 2022-11-30 00:00:00+05:30   763.51   811.86   747.36   808.01
11 2022-12-31 00:00:00+05:30   811.81   811.81   753.73   757.53
12 2023-01-31 00:00:00+05:30   760.45   771.41   716.15   720.54
13 2023-02-28 00:00:00+05:30   728.20   739.21   691.41   706.52
14 2023-03-31 00:00:00+05:30   704.20   714.32   678.17   700.15
15 2023-04-30 00:00:00+05:30   701.28   755.61   687.90   754.47
16 2023-05-31 00:00:00+05:30   758.52   790.18   747.16   788.84
17 2023-06-30 00:00:00+05:30   789.09   866.43   774.82   850.33
18 2023-07-31 00:00:00+05:30   856.31   873.10   811.91   848.75
19 2023-08-31 00:00:00+05:30   851.32   852.70   818.08   824.11
20 2023-09-30 00:00:00+05:30   822.77   898.73   822.77   866.13
21 2023-10-31 00:00:00+05:30   859.32   916.61   844.50   889.44
22 2023-11-30 00:00:00+05:30   894.88   936.56   884.70   929.20
23 2023-12-31 00:00:00+05:30   934.29  1080.57   928.21  1073.46
24 2024-01-31 00:00:00+05:30  1080.42  1176.33  1062.79  1104.27
25 2024-02-29 00:00:00+05:30  1104.27  1190.21  1061.80  1175.44
26 2024-03-31 00:00:00+05:30  1189.22  1253.42  1070.79  1082.74
27 2024-04-30 00:00:00+05:30  1086.50  1165.41  1064.17  1094.74
28 2024-05-31 00:00:00+05:30  1100.32  1117.31  1035.43  1047.23
29 2024-06-30 00:00:00+05:30  1063.19  1145.76  1016.27  1083.98
30 2024-07-31 00:00:00+05:30  1076.72  1247.10  1066.74  1188.95
31 2024-08-31 00:00:00+05:30  1188.95  1221.85  1151.00  1200.15
32 2024-09-30 00:00:00+05:30  1200.00  1234.30  1168.75  1196.95
33 2024-10-31 00:00:00+05:30  1196.95  1205.45   964.00  1002.55
34 2024-11-30 00:00:00+05:30  1002.55  1013.10   900.50   958.65
35 2024-12-31 00:00:00+05:30   958.65   976.40   882.90   914.70
36 2025-01-31 00:00:00+05:30   913.00  1031.20   911.00  1024.65"
NSE:WIPRO-EQ,2022-12-31 00:00:00+05:30,206.63643,186.2,247.50929,483.9417715453176,100000.0,29.999999999999996,20.43643,3,Time Exit,182.44737,2023-03-31 00:00:00+05:30,26.488171035475208,-11762.584719451443,-11.762584719451443,-1.1762584719451443,3,11,"                       Month    Open    High     Low   Close
0  2022-01-31 00:00:00+05:30  359.00  363.40  268.60  286.30
1  2022-02-28 00:00:00+05:30  289.95  295.00  265.58  277.90
2  2022-03-31 00:00:00+05:30  277.50  308.00  275.20  295.95
3  2022-04-30 00:00:00+05:30  295.85  304.75  253.50  254.40
4  2022-05-31 00:00:00+05:30  257.75  259.50  221.60  239.03
5  2022-06-30 00:00:00+05:30  239.48  244.00  201.03  208.03
6  2022-07-31 00:00:00+05:30  207.50  212.35  195.50  211.85
7  2022-08-31 00:00:00+05:30  213.10  222.45  199.50  206.78
8  2022-09-30 00:00:00+05:30  204.95  213.00  192.30  197.13
9  2022-10-31 00:00:00+05:30  196.95  208.95  186.20  193.28
10 2022-11-30 00:00:00+05:30  194.00  204.73  192.25  203.45
11 2022-12-31 00:00:00+05:30  206.43  208.18  188.15  196.38
12 2023-01-31 00:00:00+05:30  196.50  205.10  190.70  199.43
13 2023-02-28 00:00:00+05:30  200.75  206.63  192.73  193.53
14 2023-03-31 00:00:00+05:30  194.05  198.33  177.50  182.63
15 2023-04-30 00:00:00+05:30  183.98  194.00  176.00  192.50
16 2023-05-31 00:00:00+05:30  194.50  203.00  189.50  201.83
17 2023-06-30 00:00:00+05:30  202.50  204.90  188.55  194.58
18 2023-07-31 00:00:00+05:30  196.95  212.48  193.93  202.53
19 2023-08-31 00:00:00+05:30  202.75  211.08  198.53  204.20
20 2023-09-30 00:00:00+05:30  203.98  221.88  200.75  203.03
21 2023-10-31 00:00:00+05:30  203.23  211.98  187.53  190.90
22 2023-11-30 00:00:00+05:30  191.93  207.25  188.50  206.53
23 2023-12-31 00:00:00+05:30  206.88  238.70  201.05  235.65
24 2024-01-31 00:00:00+05:30  236.50  264.50  223.35  239.08
25 2024-02-29 00:00:00+05:30  238.78  272.95  235.30  259.30
26 2024-03-31 00:00:00+05:30  261.20  263.20  235.63  240.05
27 2024-04-30 00:00:00+05:30  241.85  245.98  218.50  231.20
28 2024-05-31 00:00:00+05:30  231.20  235.25  217.55  219.10
29 2024-06-30 00:00:00+05:30  225.10  258.15  208.50  257.43
30 2024-07-31 00:00:00+05:30  258.95  289.95  243.18  261.00
31 2024-08-31 00:00:00+05:30  261.50  271.00  240.13  269.20
32 2024-09-30 00:00:00+05:30  269.20  279.45  256.63  270.73
33 2024-10-31 00:00:00+05:30  270.10  289.38  260.15  275.90
34 2024-11-30 00:00:00+05:30  275.85  298.00  267.10  288.93
35 2024-12-31 00:00:00+05:30  291.23  320.00  289.10  301.85
36 2025-01-31 00:00:00+05:30  300.00  324.60  280.50  311.90"
NSE:BAJFINANCE-EQ,2023-03-31 00:00:00+05:30,610.62001,568.0,695.8600299999999,163.76797085310062,100000.0,29.999999999999996,42.62000999999998,4,Loss,567.432,2023-04-30 00:00:00+05:30,27.878156171134975,-7130.690919054539,-7.130690919054539,-0.713069091905454,1,14,"                       Month    Open    High     Low   Close
0  2022-01-31 00:00:00+05:30  697.50  804.50  670.81  700.03
1  2022-02-28 00:00:00+05:30  707.59  728.71  659.25  700.23
2  2022-03-31 00:00:00+05:30  691.80  744.50  591.29  726.00
3  2022-04-30 00:00:00+05:30  723.00  759.09  658.00  667.18
4  2022-05-31 00:00:00+05:30  655.00  666.78  548.80  608.22
5  2022-06-30 00:00:00+05:30  606.00  616.80  522.00  540.05
6  2022-07-31 00:00:00+05:30  536.40  726.00  533.51  720.91
7  2022-08-31 00:00:00+05:30  725.11  763.80  686.14  730.63
8  2022-09-30 00:00:00+05:30  722.86  777.80  702.68  733.58
9  2022-10-31 00:00:00+05:30  733.70  759.90  693.10  714.41
10 2022-11-30 00:00:00+05:30  719.70  725.07  661.04  672.10
11 2022-12-31 00:00:00+05:30  675.46  677.00  630.00  657.52
12 2023-01-31 00:00:00+05:30  656.50  666.00  568.00  588.64
13 2023-02-28 00:00:00+05:30  594.40  652.76  564.50  611.21
14 2023-03-31 00:00:00+05:30  610.01  620.96  548.57  561.67
15 2023-04-30 00:00:00+05:30  565.50  629.60  563.22  628.01
16 2023-05-31 00:00:00+05:30  633.00  702.60  615.60  698.99
17 2023-06-30 00:00:00+05:30  702.40  739.89  694.50  716.06
18 2023-07-31 00:00:00+05:30  716.06  799.99  716.00  730.03
19 2023-08-31 00:00:00+05:30  730.03  733.09  680.10  716.30
20 2023-09-30 00:00:00+05:30  716.86  790.00  715.50  781.08
21 2023-10-31 00:00:00+05:30  778.08  819.20  735.25  749.27
22 2023-11-30 00:00:00+05:30  752.00  764.00  693.13  712.19
23 2023-12-31 00:00:00+05:30  716.00  769.50  714.20  732.78
24 2024-01-31 00:00:00+05:30  733.70  783.00  680.50  686.29
25 2024-02-29 00:00:00+05:30  686.59  691.00  636.62  649.54
26 2024-03-31 00:00:00+05:30  651.17  734.93  618.78  724.53
27 2024-04-30 00:00:00+05:30  726.13  741.95  669.15  692.36
28 2024-05-31 00:00:00+05:30  693.79  740.00  658.50  669.77
29 2024-06-30 00:00:00+05:30  694.89  742.95  637.57  711.56
30 2024-07-31 00:00:00+05:30  707.50  732.50  654.11  680.70
31 2024-08-31 00:00:00+05:30  683.15  721.51  642.50  720.02
32 2024-09-30 00:00:00+05:30  727.40  782.40  719.30  770.30
33 2024-10-31 00:00:00+05:30  766.01  781.47  660.10  688.98
34 2024-11-30 00:00:00+05:30  693.00  703.90  645.10  657.59
35 2024-12-31 00:00:00+05:30  659.50  725.74  649.10  682.30
36 2025-01-31 00:00:00+05:30  682.30  825.07  680.60  788.51"
NSE:ADANIENT-EQ,2023-04-30 00:00:00+05:30,1698.7370399999998,986.4,3123.4111199999993,58.86726294023707,100000.0,29.999999999999996,712.3370399999998,3,Time Exit,2413.73385,2023-07-31 00:00:00+05:30,42.62697156471022,42017.27824413603,42.01727824413603,4.201727824413603,3,15,"                       Month     Open     High      Low    Close
0  2022-01-31 00:00:00+05:30  1660.73  1850.26  1604.01  1662.62
1  2022-02-28 00:00:00+05:30  1675.22  1753.80  1482.15  1594.27
2  2022-03-31 00:00:00+05:30  1588.02  1979.69  1492.33  1953.27
3  2022-04-30 00:00:00+05:30  1956.42  2347.07  1951.62  2260.84
4  2022-05-31 00:00:00+05:30  2254.05  2290.80  1848.03  2101.41
5  2022-06-30 00:00:00+05:30  2103.73  2204.61  1963.21  2124.04
6  2022-07-31 00:00:00+05:30  2123.08  2541.99  2073.00  2490.80
7  2022-08-31 00:00:00+05:30  2497.25  3163.53  2490.80  3096.87
8  2022-09-30 00:00:00+05:30  3102.35  3766.45  3087.23  3350.30
9  2022-10-31 00:00:00+05:30  3335.03  3354.47  3015.29  3245.30
10 2022-11-30 00:00:00+05:30  3259.31  3971.01  3249.71  3798.35
11 2022-12-31 00:00:00+05:30  3817.35  4062.14  3506.43  3740.61
12 2023-01-31 00:00:00+05:30  3751.91  3761.60  2583.68  2883.15
13 2023-02-28 00:00:00+05:30  2903.61  2918.88   986.40  1322.23
14 2023-03-31 00:00:00+05:30  1380.55  2069.85  1364.94  1697.04
15 2023-04-30 00:00:00+05:30  1697.04  1884.68  1620.54  1866.21
16 2023-05-31 00:00:00+05:30  1875.95  2675.25  1730.87  2417.27
17 2023-06-30 00:00:00+05:30  2423.62  2481.88  2097.29  2315.18
18 2023-07-31 00:00:00+05:30  2331.61  2441.16  2268.59  2416.15
19 2023-08-31 00:00:00+05:30  2428.41  2639.33  2311.01  2345.43
20 2023-09-30 00:00:00+05:30  2308.34  2549.99  2307.37  2340.24
21 2023-10-31 00:00:00+05:30  2344.21  2460.55  2100.92  2224.63
22 2023-11-30 00:00:00+05:30  2228.85  2435.73  2076.64  2286.58
23 2023-12-31 00:00:00+05:30  2297.68  3058.29  2282.26  2762.01
24 2024-01-31 00:00:00+05:30  2765.26  3101.38  2718.82  3046.12
25 2024-02-29 00:00:00+05:30  3060.57  3241.96  2988.97  3185.15
26 2024-03-31 00:00:00+05:30  3208.85  3247.77  2763.18  3099.54
27 2024-04-30 00:00:00+05:30  3131.63  3191.35  2872.10  2961.49
28 2024-05-31 00:00:00+05:30  2978.21  3352.33  2671.90  3307.25
29 2024-06-30 00:00:00+05:30  3611.33  3629.65  2650.52  3080.20
30 2024-07-31 00:00:00+05:30  3082.91  3109.91  2798.27  3072.69
31 2024-08-31 00:00:00+05:30  3082.96  3158.58  2890.33  2927.21
32 2024-09-30 00:00:00+05:30  2928.91  3111.95  2802.15  3040.16
33 2024-10-31 00:00:00+05:30  3040.60  3113.02  2573.69  2857.31
34 2024-11-30 00:00:00+05:30  2869.68  2976.32  1963.21  2387.99
35 2024-12-31 00:00:00+05:30  2415.33  2530.36  2261.57  2451.49
36 2025-01-31 00:00:00+05:30  2458.61  2563.51  2134.13  2217.99"
NSE:ADANIPORTS-EQ,2023-04-30 00:00:00+05:30,639.1885499999999,395.1,1127.3656499999995,156.4483594081903,100000.0,29.999999999999996,244.08854999999983,3,Time Exit,777.0721500000001,2023-07-31 00:00:00+05:30,36.471498902788554,21505.191510392393,21.505191510392393,2.150519151039239,3,15,"                       Month     Open     High      Low    Close
0  2022-01-31 00:00:00+05:30   732.00   795.00   689.00   716.30
1  2022-02-28 00:00:00+05:30   721.00   750.85   651.95   707.50
2  2022-03-31 00:00:00+05:30   702.95   781.00   663.55   774.20
3  2022-04-30 00:00:00+05:30   774.50   924.65   774.50   856.40
4  2022-05-31 00:00:00+05:30   850.00   864.20   668.15   739.85
5  2022-06-30 00:00:00+05:30   739.80   758.50   653.10   672.05
6  2022-07-31 00:00:00+05:30   670.00   775.65   656.00   763.70
7  2022-08-31 00:00:00+05:30   770.00   891.90   765.05   842.15
8  2022-09-30 00:00:00+05:30   841.80   987.85   801.00   820.65
9  2022-10-31 00:00:00+05:30   821.00   835.00   771.65   823.55
10 2022-11-30 00:00:00+05:30   827.70   916.00   823.50   881.00
11 2022-12-31 00:00:00+05:30   884.75   912.00   785.30   818.10
12 2023-01-31 00:00:00+05:30   823.00   826.75   537.00   612.65
13 2023-02-28 00:00:00+05:30   627.00   629.00   395.10   592.45
14 2023-03-31 00:00:00+05:30   598.00   722.75   571.55   631.90
15 2023-04-30 00:00:00+05:30   638.55   683.00   622.15   681.30
16 2023-05-31 00:00:00+05:30   683.80   785.65   656.75   738.85
17 2023-06-30 00:00:00+05:30   730.50   759.90   703.00   739.25
18 2023-07-31 00:00:00+05:30   744.50   780.00   708.00   777.85
19 2023-08-31 00:00:00+05:30   778.95   869.00   751.55   792.20
20 2023-09-30 00:00:00+05:30   780.00   889.50   779.65   825.15
21 2023-10-31 00:00:00+05:30   826.00   845.45   754.50   784.75
22 2023-11-30 00:00:00+05:30   784.75   854.40   767.20   825.50
23 2023-12-31 00:00:00+05:30   839.20  1102.40   825.50  1024.35
24 2024-01-31 00:00:00+05:30  1026.55  1229.90  1023.00  1207.65
25 2024-02-29 00:00:00+05:30  1213.60  1343.00  1200.30  1320.50
26 2024-03-31 00:00:00+05:30  1335.00  1358.70  1188.10  1341.85
27 2024-04-30 00:00:00+05:30  1356.80  1424.95  1270.00  1324.90
28 2024-05-31 00:00:00+05:30  1333.95  1457.05  1240.00  1437.40
29 2024-06-30 00:00:00+05:30  1549.00  1621.40  1160.60  1478.10
30 2024-07-31 00:00:00+05:30  1483.00  1577.90  1419.00  1569.90
31 2024-08-31 00:00:00+05:30  1580.95  1604.95  1452.00  1481.90
32 2024-09-30 00:00:00+05:30  1490.00  1499.50  1394.45  1448.20
33 2024-10-31 00:00:00+05:30  1448.20  1472.85  1303.15  1375.95
34 2024-11-30 00:00:00+05:30  1386.50  1397.95   995.65  1190.05
35 2024-12-31 00:00:00+05:30  1201.90  1309.50  1174.25  1231.10
36 2025-01-31 00:00:00+05:30  1223.00  1237.60  1010.75  1099.35"
NSE:BHARTIARTL-EQ,2023-04-30 00:00:00+05:30,755.7549999999999,738.45,790.3649999999996,132.3180131127151,100000.0,29.999999999999996,17.304999999999836,3,Win,789.5746349999996,2023-05-31 00:00:00+05:30,31.342484072219154,4413.604423324966,4.4136044233249665,0.4413604423324966,1,15,"                       Month     Open     High      Low    Close
0  2022-01-31 00:00:00+05:30   687.80   754.00   677.35   729.30
1  2022-02-28 00:00:00+05:30   733.00   735.00   645.45   686.50
2  2022-03-31 00:00:00+05:30   684.00   769.90   639.00   754.95
3  2022-04-30 00:00:00+05:30   759.80   780.70   716.85   739.00
4  2022-05-31 00:00:00+05:30   734.00   742.95   667.85   700.20
5  2022-06-30 00:00:00+05:30   701.55   706.20   634.20   684.95
6  2022-07-31 00:00:00+05:30   684.85   696.60   628.75   677.95
7  2022-08-31 00:00:00+05:30   677.95   754.20   677.05   726.60
8  2022-09-30 00:00:00+05:30   726.50   809.00   686.20   799.90
9  2022-10-31 00:00:00+05:30   803.40   833.80   759.85   832.00
10 2022-11-30 00:00:00+05:30   828.00   860.55   804.20   848.75
11 2022-12-31 00:00:00+05:30   853.00   853.20   760.10   806.10
12 2023-01-31 00:00:00+05:30   806.25   826.10   751.65   770.30
13 2023-02-28 00:00:00+05:30   775.95   795.85   738.45   742.25
14 2023-03-31 00:00:00+05:30   742.40   795.00   735.80   749.00
15 2023-04-30 00:00:00+05:30   755.00   802.05   752.05   799.30
16 2023-05-31 00:00:00+05:30   800.25   888.75   773.65   849.90
17 2023-06-30 00:00:00+05:30   837.95   883.00   819.00   878.75
18 2023-07-31 00:00:00+05:30   880.00   901.40   853.30   889.90
19 2023-08-31 00:00:00+05:30   894.50   900.55   847.05   856.40
20 2023-09-30 00:00:00+05:30   853.15   948.70   852.75   926.40
21 2023-10-31 00:00:00+05:30   918.25   960.25   900.05   914.40
22 2023-11-30 00:00:00+05:30   903.00  1018.20   895.45  1014.70
23 2023-12-31 00:00:00+05:30  1015.00  1045.95   960.00  1032.20
24 2024-01-31 00:00:00+05:30  1031.95  1200.65  1007.00  1170.70
25 2024-02-29 00:00:00+05:30  1165.05  1175.20  1097.65  1123.35
26 2024-03-31 00:00:00+05:30  1128.00  1245.00  1117.40  1228.60
27 2024-04-30 00:00:00+05:30  1228.00  1354.00  1183.10  1322.30
28 2024-05-31 00:00:00+05:30  1315.25  1407.00  1258.15  1372.75
29 2024-06-30 00:00:00+05:30  1415.30  1536.25  1219.05  1444.05
30 2024-07-31 00:00:00+05:30  1450.00  1525.00  1408.45  1491.55
31 2024-08-31 00:00:00+05:30  1485.00  1608.40  1422.60  1589.05
32 2024-09-30 00:00:00+05:30  1605.00  1779.00  1523.25  1709.55
33 2024-10-31 00:00:00+05:30  1705.00  1742.25  1602.15  1612.60
34 2024-11-30 00:00:00+05:30  1620.00  1648.90  1511.00  1627.15
35 2024-12-31 00:00:00+05:30  1627.15  1687.00  1563.35  1587.75
36 2025-01-31 00:00:00+05:30  1593.00  1661.90  1567.10  1626.30"
NSE:GRASIM-EQ,2023-04-30 00:00:00+05:30,1624.9733499999998,1543.36,1788.2000499999995,61.539470785782434,100000.0,29.999999999999996,81.61334999999985,3,Win,1786.4118499499994,2023-06-30 00:00:00+05:30,32.98045195541206,9871.859399418132,9.871859399418131,0.9871859399418133,2,15,"                       Month     Open     High      Low    Close
0  2022-01-31 00:00:00+05:30  1623.30  1922.16  1610.60  1720.66
1  2022-02-28 00:00:00+05:30  1729.72  1782.91  1528.92  1592.17
2  2022-03-31 00:00:00+05:30  1565.77  1671.95  1401.63  1657.41
3  2022-04-30 00:00:00+05:30  1654.62  1823.65  1651.43  1685.60
4  2022-05-31 00:00:00+05:30  1669.36  1696.75  1334.94  1422.94
5  2022-06-30 00:00:00+05:30  1419.36  1444.26  1271.54  1315.52
6  2022-07-31 00:00:00+05:30  1314.77  1581.41  1300.13  1566.77
7  2022-08-31 00:00:00+05:30  1570.16  1685.30  1536.54  1672.00
8  2022-09-30 00:00:00+05:30  1653.92  1809.06  1637.44  1668.22
9  2022-10-31 00:00:00+05:30  1664.38  1733.61  1621.60  1714.88
10 2022-11-30 00:00:00+05:30  1721.36  1787.99  1669.36  1752.78
11 2022-12-31 00:00:00+05:30  1762.99  1832.22  1697.25  1716.67
12 2023-01-31 00:00:00+05:30  1718.57  1741.08  1543.36  1583.90
13 2023-02-28 00:00:00+05:30  1586.69  1662.19  1547.90  1572.30
14 2023-03-31 00:00:00+05:30  1561.79  1645.11  1521.00  1626.23
15 2023-04-30 00:00:00+05:30  1623.35  1734.40  1607.86  1713.49
16 2023-05-31 00:00:00+05:30  1713.49  1781.17  1660.40  1711.55
17 2023-06-30 00:00:00+05:30  1708.21  1792.77  1689.28  1727.78
18 2023-07-31 00:00:00+05:30  1743.07  1847.36  1726.39  1842.13
19 2023-08-31 00:00:00+05:30  1844.67  1861.00  1751.09  1783.86
20 2023-09-30 00:00:00+05:30  1782.91  1980.23  1780.82  1934.71
21 2023-10-31 00:00:00+05:30  1920.46  2013.99  1820.81  1879.23
22 2023-11-30 00:00:00+05:30  1886.50  2022.96  1854.03  1997.51
23 2023-12-31 00:00:00+05:30  2011.95  2139.74  2000.05  2126.35
24 2024-01-31 00:00:00+05:30  2136.51  2182.05  2016.55  2175.00
25 2024-02-29 00:00:00+05:30  2175.00  2244.00  2027.50  2191.40
26 2024-03-31 00:00:00+05:30  2209.00  2309.20  2128.60  2287.30
27 2024-04-30 00:00:00+05:30  2300.00  2438.45  2201.35  2411.65
28 2024-05-31 00:00:00+05:30  2410.00  2489.75  2295.95  2316.25
29 2024-06-30 00:00:00+05:30  2400.00  2678.95  2171.60  2670.45
30 2024-07-31 00:00:00+05:30  2666.20  2877.75  2662.05  2776.75
31 2024-08-31 00:00:00+05:30  2781.95  2788.65  2505.05  2698.85
32 2024-09-30 00:00:00+05:30  2706.75  2824.00  2583.95  2795.55
33 2024-10-31 00:00:00+05:30  2794.05  2833.00  2594.30  2695.85
34 2024-11-30 00:00:00+05:30  2719.00  2719.00  2472.05  2606.25
35 2024-12-31 00:00:00+05:30  2605.85  2733.75  2413.10  2442.70
36 2025-01-31 00:00:00+05:30  2440.00  2559.50  2276.95  2508.85"
NSE:KOTAKBANK-EQ,2023-04-30 00:00:00+05:30,347.1468,336.77,367.9004,288.062571799596,100000.0,29.999999999999996,10.376800000000003,3,Win,367.5324996,2023-05-31 00:00:00+05:30,31.761707116412996,5810.595347593582,5.810595347593582,0.5810595347593582,1,15,"                       Month    Open    High     Low   Close
0  2022-01-31 00:00:00+05:30  359.40  395.23  356.44  371.45
1  2022-02-28 00:00:00+05:30  376.40  389.60  347.59  368.55
2  2022-03-31 00:00:00+05:30  362.36  366.00  334.51  350.77
3  2022-04-30 00:00:00+05:30  349.86  368.00  336.68  358.15
4  2022-05-31 00:00:00+05:30  353.11  390.35  348.60  369.37
5  2022-06-30 00:00:00+05:30  368.00  376.02  326.20  332.22
6  2022-07-31 00:00:00+05:30  329.00  371.38  327.20  362.07
7  2022-08-31 00:00:00+05:30  363.00  388.49  362.26  383.09
8  2022-09-30 00:00:00+05:30  375.00  397.44  351.54  363.84
9  2022-10-31 00:00:00+05:30  361.60  385.00  354.66  380.39
10 2022-11-30 00:00:00+05:30  381.60  399.51  374.33  389.41
11 2022-12-31 00:00:00+05:30  391.00  392.35  358.84  365.45
12 2023-01-31 00:00:00+05:30  365.56  367.30  336.77  346.20
13 2023-02-28 00:00:00+05:30  349.00  360.78  337.55  345.85
14 2023-03-31 00:00:00+05:30  345.85  353.00  328.70  346.57
15 2023-04-30 00:00:00+05:30  346.80  388.66  346.64  387.61
16 2023-05-31 00:00:00+05:30  383.60  412.88  378.00  402.87
17 2023-06-30 00:00:00+05:30  393.60  395.83  363.06  369.31
18 2023-07-31 00:00:00+05:30  371.20  397.55  367.21  371.31
19 2023-08-31 00:00:00+05:30  370.00  373.15  349.30  351.75
20 2023-09-30 00:00:00+05:30  352.78  367.20  345.80  347.14
21 2023-10-31 00:00:00+05:30  346.00  355.99  337.68  347.88
22 2023-11-30 00:00:00+05:30  346.20  356.85  343.57  351.09
23 2023-12-31 00:00:00+05:30  352.00  385.30  349.65  381.62
24 2024-01-31 00:00:00+05:30  381.80  383.80  350.48  365.05
25 2024-02-29 00:00:00+05:30  366.00  370.00  333.48  337.89
26 2024-03-31 00:00:00+05:30  339.10  360.78  339.00  357.10
27 2024-04-30 00:00:00+05:30  359.00  369.10  320.40  324.79
28 2024-05-31 00:00:00+05:30  318.00  344.40  308.77  336.08
29 2024-06-30 00:00:00+05:30  344.29  369.59  320.49  360.50
30 2024-07-31 00:00:00+05:30  360.50  374.00  345.81  361.58
31 2024-08-31 00:00:00+05:30  361.42  365.58  348.91  356.16
32 2024-09-30 00:00:00+05:30  356.40  388.40  351.30  370.79
33 2024-10-31 00:00:00+05:30  369.40  383.20  344.79  346.22
34 2024-11-30 00:00:00+05:30  347.92  361.10  335.81  353.05
35 2024-12-31 00:00:00+05:30  353.00  362.60  346.67  357.21
36 2025-01-31 00:00:00+05:30  355.85  387.62  344.75  380.26"
NSE:NESTLEIND-EQ,2023-04-30 00:00:00+05:30,990.1891999999999,923.01,1124.5475999999999,100.99080054599668,100000.0,29.999999999999996,67.17919999999992,4,Win,1123.4230524,2023-06-30 00:00:00+05:30,34.03661802411095,13391.356795679065,13.391356795679066,1.3391356795679064,2,15,"                       Month     Open     High      Low    Close
0  2022-01-31 00:00:00+05:30   984.75  1001.25   910.89   926.08
1  2022-02-28 00:00:00+05:30   930.00   942.50   866.50   881.96
2  2022-03-31 00:00:00+05:30   880.00   918.74   839.50   869.03
3  2022-04-30 00:00:00+05:30   869.03   936.25   862.50   916.52
4  2022-05-31 00:00:00+05:30   913.45   924.00   800.00   884.58
5  2022-06-30 00:00:00+05:30   879.00   892.42   821.75   873.50
6  2022-07-31 00:00:00+05:30   870.00   971.16   866.56   967.96
7  2022-08-31 00:00:00+05:30   972.10  1007.50   952.50   996.29
8  2022-09-30 00:00:00+05:30   985.00  1002.50   913.37   957.24
9  2022-10-31 00:00:00+05:30   955.88  1052.50   920.52  1018.17
10 2022-11-30 00:00:00+05:30  1019.98  1042.12   972.00  1009.20
11 2022-12-31 00:00:00+05:30  1009.50  1031.80   977.64   980.30
12 2023-01-31 00:00:00+05:30   980.84  1009.45   946.45   950.89
13 2023-02-28 00:00:00+05:30   955.00   989.99   923.01   933.50
14 2023-03-31 00:00:00+05:30   935.00   987.60   894.00   985.23
15 2023-04-30 00:00:00+05:30   989.20  1092.48   968.25  1088.07
16 2023-05-31 00:00:00+05:30  1090.00  1115.00  1063.75  1083.66
17 2023-06-30 00:00:00+05:30  1089.30  1158.76  1078.64  1144.71
18 2023-07-31 00:00:00+05:30  1147.50  1169.77  1103.80  1127.67
19 2023-08-31 00:00:00+05:30  1130.42  1146.91  1072.50  1099.32
20 2023-09-30 00:00:00+05:30  1102.50  1153.15  1081.63  1125.35
21 2023-10-31 00:00:00+05:30  1125.35  1237.25  1112.76  1211.74
22 2023-11-30 00:00:00+05:30  1210.00  1229.49  1188.66  1211.81
23 2023-12-31 00:00:00+05:30  1216.99  1332.50  1206.93  1329.02
24 2024-01-31 00:00:00+05:30  1332.50  1384.65  1223.00  1253.00
25 2024-02-29 00:00:00+05:30  1255.00  1303.10  1204.55  1298.10
26 2024-03-31 00:00:00+05:30  1298.10  1326.83  1234.08  1311.18
27 2024-04-30 00:00:00+05:30  1311.18  1321.30  1205.00  1253.70
28 2024-05-31 00:00:00+05:30  1253.70  1274.95  1172.50  1177.45
29 2024-06-30 00:00:00+05:30  1187.40  1307.22  1163.72  1275.83
30 2024-07-31 00:00:00+05:30  1279.90  1324.98  1225.50  1228.18
31 2024-08-31 00:00:00+05:30  1232.50  1282.53  1228.18  1250.38
32 2024-09-30 00:00:00+05:30  1250.00  1389.00  1244.00  1344.98
33 2024-10-31 00:00:00+05:30  1345.00  1355.00  1108.00  1131.47
34 2024-11-30 00:00:00+05:30  1146.45  1149.00  1084.35  1117.33
35 2024-12-31 00:00:00+05:30  1121.40  1145.97  1072.70  1085.03
36 2025-01-31 00:00:00+05:30  1085.00  1193.50  1065.63  1156.60"
NSE:TITAN-EQ,2023-04-30 00:00:00+05:30,2528.4258999999997,2269.6,3046.0776999999994,39.55029886381088,100000.0,29.999999999999996,258.8258999999998,4,Win,3043.0316222999995,2023-06-30 00:00:00+05:30,36.10584303419767,20286.704270958053,20.286704270958055,2.0286704270958054,2,15,"                       Month     Open     High      Low    Close
0  2022-01-31 00:00:00+05:30  2510.00  2687.25  2260.00  2360.30
1  2022-02-28 00:00:00+05:30  2378.80  2563.65  2351.25  2546.55
2  2022-03-31 00:00:00+05:30  2550.00  2768.00  2325.60  2536.15
3  2022-04-30 00:00:00+05:30  2538.00  2577.80  2410.00  2458.20
4  2022-05-31 00:00:00+05:30  2435.00  2437.00  2035.55  2216.00
5  2022-06-30 00:00:00+05:30  2255.00  2304.90  1905.45  1941.25
6  2022-07-31 00:00:00+05:30  1895.00  2392.50  1825.05  2352.05
7  2022-08-31 00:00:00+05:30  2364.80  2623.10  2339.00  2604.65
8  2022-09-30 00:00:00+05:30  2592.95  2755.70  2517.35  2606.95
9  2022-10-31 00:00:00+05:30  2625.00  2791.00  2555.60  2761.50
10 2022-11-30 00:00:00+05:30  2770.15  2784.00  2539.65  2653.00
11 2022-12-31 00:00:00+05:30  2662.00  2665.00  2455.00  2597.50
12 2023-01-31 00:00:00+05:30  2607.00  2626.25  2287.05  2377.15
13 2023-02-28 00:00:00+05:30  2408.55  2545.85  2269.60  2372.80
14 2023-03-31 00:00:00+05:30  2370.00  2536.75  2321.00  2514.90
15 2023-04-30 00:00:00+05:30  2525.90  2679.30  2513.30  2641.85
16 2023-05-31 00:00:00+05:30  2657.00  2841.90  2633.40  2823.25
17 2023-06-30 00:00:00+05:30  2823.25  3067.95  2814.70  3047.65
18 2023-07-31 00:00:00+05:30  3050.10  3210.00  2950.00  3004.05
19 2023-08-31 00:00:00+05:30  3024.85  3118.95  2882.45  3104.45
20 2023-09-30 00:00:00+05:30  3111.95  3352.00  3086.30  3148.80
21 2023-10-31 00:00:00+05:30  3148.80  3329.00  3075.00  3189.65
22 2023-11-30 00:00:00+05:30  3193.85  3500.00  3168.35  3490.60
23 2023-12-31 00:00:00+05:30  3499.00  3737.00  3470.00  3675.45
24 2024-01-31 00:00:00+05:30  3689.00  3886.95  3642.50  3697.55
25 2024-02-29 00:00:00+05:30  3738.00  3738.00  3503.00  3624.40
26 2024-03-31 00:00:00+05:30  3630.00  3838.30  3547.05  3801.80
27 2024-04-30 00:00:00+05:30  3822.95  3832.55  3478.25  3589.25
28 2024-05-31 00:00:00+05:30  3585.00  3599.00  3216.75  3241.90
29 2024-06-30 00:00:00+05:30  3310.00  3625.00  3055.65  3404.20
30 2024-07-31 00:00:00+05:30  3382.00  3552.50  3126.10  3458.95
31 2024-08-31 00:00:00+05:30  3475.00  3658.80  3283.90  3565.15
32 2024-09-30 00:00:00+05:30  3565.15  3867.00  3552.00  3823.95
33 2024-10-31 00:00:00+05:30  3823.95  3837.95  3227.00  3267.05
34 2024-11-30 00:00:00+05:30  3304.00  3369.85  3106.00  3249.00
35 2024-12-31 00:00:00+05:30  3249.00  3518.00  3222.05  3253.15
36 2025-01-31 00:00:00+05:30  3248.00  3576.70  3244.05  3490.25"
NSE:BAJAJFINSV-EQ,2023-05-31 00:00:00+05:30,1361.36,1215.0,1654.0799999999997,73.45595580889699,100000.0,29.999999999999996,146.3599999999999,5,Win,1652.4259199999997,2023-07-31 00:00:00+05:30,36.41415760709878,21314.111199388833,21.314111199388833,2.131411119938883,2,16,"                       Month     Open     High      Low    Close
0  2022-01-31 00:00:00+05:30  1640.65  1862.10  1501.20  1568.95
1  2022-02-28 00:00:00+05:30  1582.90  1675.00  1520.00  1601.26
2  2022-03-31 00:00:00+05:30  1570.50  1730.00  1379.99  1706.04
3  2022-04-30 00:00:00+05:30  1703.00  1748.00  1466.07  1491.11
4  2022-05-31 00:00:00+05:30  1461.28  1505.88  1206.22  1293.40
5  2022-06-30 00:00:00+05:30  1295.90  1322.00  1090.90  1093.18
6  2022-07-31 00:00:00+05:30  1092.00  1522.32  1072.72  1504.76
7  2022-08-31 00:00:00+05:30  1519.99  1714.15  1486.14  1696.22
8  2022-09-30 00:00:00+05:30  1681.00  1844.00  1621.00  1678.35
9  2022-10-31 00:00:00+05:30  1686.00  1740.40  1621.00  1687.50
10 2022-11-30 00:00:00+05:30  1692.00  1817.90  1620.00  1626.50
11 2022-12-31 00:00:00+05:30  1634.80  1655.00  1483.15  1547.85
12 2023-01-31 00:00:00+05:30  1550.00  1570.00  1302.05  1342.45
13 2023-02-28 00:00:00+05:30  1348.00  1435.00  1246.85  1334.90
14 2023-03-31 00:00:00+05:30  1335.70  1399.45  1215.00  1266.50
15 2023-04-30 00:00:00+05:30  1273.00  1374.00  1265.50  1354.65
16 2023-05-31 00:00:00+05:30  1360.00  1468.50  1330.00  1451.05
17 2023-06-30 00:00:00+05:30  1455.50  1553.30  1444.00  1528.00
18 2023-07-31 00:00:00+05:30  1528.00  1664.90  1526.60  1598.30
19 2023-08-31 00:00:00+05:30  1598.30  1599.95  1451.00  1488.90
20 2023-09-30 00:00:00+05:30  1494.00  1591.00  1487.35  1540.25
21 2023-10-31 00:00:00+05:30  1530.25  1676.75  1521.15  1569.55
22 2023-11-30 00:00:00+05:30  1574.90  1679.90  1527.90  1673.50
23 2023-12-31 00:00:00+05:30  1680.00  1741.00  1637.05  1685.80
24 2024-01-31 00:00:00+05:30  1685.80  1723.95  1559.00  1627.30
25 2024-02-29 00:00:00+05:30  1632.00  1664.00  1551.50  1593.80
26 2024-03-31 00:00:00+05:30  1597.95  1669.00  1530.80  1643.85
27 2024-04-30 00:00:00+05:30  1659.05  1722.00  1568.70  1615.00
28 2024-05-31 00:00:00+05:30  1615.00  1725.00  1517.00  1528.60
29 2024-06-30 00:00:00+05:30  1580.00  1622.00  1419.05  1588.15
30 2024-07-31 00:00:00+05:30  1588.20  1669.90  1558.00  1651.65
31 2024-08-31 00:00:00+05:30  1655.00  1793.50  1523.25  1783.05
32 2024-09-30 00:00:00+05:30  1796.40  2029.90  1787.80  1973.40
33 2024-10-31 00:00:00+05:30  1973.00  2007.10  1698.10  1750.75
34 2024-11-30 00:00:00+05:30  1762.00  1772.15  1562.05  1579.95
35 2024-12-31 00:00:00+05:30  1588.00  1690.50  1551.65  1568.10
36 2025-01-31 00:00:00+05:30  1565.00  1856.00  1565.00  1736.10"
NSE:COALINDIA-EQ,2023-05-31 00:00:00+05:30,233.43319999999997,207.6,285.0995999999999,428.3880784738418,100000.0,29.999999999999996,25.833199999999977,5,Time Exit,229.81995,2023-08-31 00:00:00+05:30,29.535638032636317,-1607.4088625782413,-1.6074088625782412,-0.16074088625782412,3,16,"                       Month    Open    High     Low   Close
0  2022-01-31 00:00:00+05:30  147.25  168.25  147.00  159.80
1  2022-02-28 00:00:00+05:30  162.00  170.30  149.00  169.55
2  2022-03-31 00:00:00+05:30  171.00  197.75  171.00  183.05
3  2022-04-30 00:00:00+05:30  183.80  209.00  181.90  182.85
4  2022-05-31 00:00:00+05:30  182.70  195.25  164.65  192.90
5  2022-06-30 00:00:00+05:30  194.50  201.95  174.75  185.60
6  2022-07-31 00:00:00+05:30  185.00  212.45  176.60  211.25
7  2022-08-31 00:00:00+05:30  212.50  235.50  205.75  234.80
8  2022-09-30 00:00:00+05:30  234.35  240.50  207.85  212.25
9  2022-10-31 00:00:00+05:30  213.00  247.80  212.30  245.95
10 2022-11-30 00:00:00+05:30  247.00  263.40  226.35  227.25
11 2022-12-31 00:00:00+05:30  228.40  234.45  214.20  225.05
12 2023-01-31 00:00:00+05:30  226.75  232.00  211.10  224.85
13 2023-02-28 00:00:00+05:30  228.00  228.00  209.15  215.40
14 2023-03-31 00:00:00+05:30  215.40  226.95  207.60  213.65
15 2023-04-30 00:00:00+05:30  214.10  234.75  213.80  233.10
16 2023-05-31 00:00:00+05:30  233.20  247.90  230.00  241.25
17 2023-06-30 00:00:00+05:30  230.40  233.40  223.25  231.00
18 2023-07-31 00:00:00+05:30  231.50  237.30  226.85  229.25
19 2023-08-31 00:00:00+05:30  230.00  243.15  227.00  230.05
20 2023-09-30 00:00:00+05:30  230.70  297.50  230.65  295.20
21 2023-10-31 00:00:00+05:30  297.05  319.75  283.05  314.25
22 2023-11-30 00:00:00+05:30  313.20  359.00  305.85  342.15
23 2023-12-31 00:00:00+05:30  343.80  382.50  342.30  376.00
24 2024-01-31 00:00:00+05:30  377.80  415.80  368.00  406.15
25 2024-02-29 00:00:00+05:30  408.80  487.60  402.50  436.70
26 2024-03-31 00:00:00+05:30  438.00  465.40  401.20  434.10
27 2024-04-30 00:00:00+05:30  436.70  463.45  428.05  454.30
28 2024-05-31 00:00:00+05:30  457.55  507.35  434.70  491.20
29 2024-06-30 00:00:00+05:30  515.00  527.40  410.80  473.15
30 2024-07-31 00:00:00+05:30  473.35  525.60  464.55  522.20
31 2024-08-31 00:00:00+05:30  535.00  543.55  497.55  524.95
32 2024-09-30 00:00:00+05:30  527.00  529.00  476.25  510.15
33 2024-10-31 00:00:00+05:30  512.00  516.00  435.25  452.05
34 2024-11-30 00:00:00+05:30  454.65  459.55  402.60  416.40
35 2024-12-31 00:00:00+05:30  418.40  425.90  375.70  384.15
36 2025-01-31 00:00:00+05:30  383.55  399.30  361.25  395.90"
NSE:DIVISLAB-EQ,2023-05-31 00:00:00+05:30,3271.31805,2730.0,4353.95415,30.568718318293755,100000.0,29.999999999999996,541.3180499999999,3,Time Exit,3588.5079,2023-08-31 00:00:00+05:30,32.90882615342156,9633.178351918437,9.633178351918438,0.9633178351918438,3,16,"                       Month     Open     High      Low    Close
0  2022-01-31 00:00:00+05:30  4689.00  4708.75  3788.95  4036.10
1  2022-02-28 00:00:00+05:30  4055.05  4520.15  3916.60  4265.00
2  2022-03-31 00:00:00+05:30  4230.00  4625.00  3974.05  4402.05
3  2022-04-30 00:00:00+05:30  4425.00  4640.80  4335.10  4505.40
4  2022-05-31 00:00:00+05:30  4488.80  4600.00  3365.55  3591.30
5  2022-06-30 00:00:00+05:30  3627.20  3715.00  3450.10  3630.40
6  2022-07-31 00:00:00+05:30  3590.35  3884.30  3581.05  3831.65
7  2022-08-31 00:00:00+05:30  3835.00  3973.90  3446.00  3626.85
8  2022-09-30 00:00:00+05:30  3577.30  3751.00  3544.00  3705.20
9  2022-10-31 00:00:00+05:30  3700.00  3806.60  3472.00  3608.90
10 2022-11-30 00:00:00+05:30  3626.00  3903.95  3195.15  3404.70
11 2022-12-31 00:00:00+05:30  3409.90  3640.00  3254.65  3413.20
12 2023-01-31 00:00:00+05:30  3420.00  3520.00  3281.30  3315.30
13 2023-02-28 00:00:00+05:30  3332.15  3419.00  2740.10  2825.60
14 2023-03-31 00:00:00+05:30  2836.50  2889.00  2730.00  2823.35
15 2023-04-30 00:00:00+05:30  2850.00  3364.50  2824.75  3267.90
16 2023-05-31 00:00:00+05:30  3268.05  3534.90  3051.00  3443.60
17 2023-06-30 00:00:00+05:30  3451.55  3651.90  3308.95  3583.60
18 2023-07-31 00:00:00+05:30  3586.80  3795.90  3540.05  3684.30
19 2023-08-31 00:00:00+05:30  3705.00  3934.70  3575.50  3592.10
20 2023-09-30 00:00:00+05:30  3586.00  3859.50  3529.75  3765.15
21 2023-10-31 00:00:00+05:30  3760.05  3799.00  3372.30  3388.35
22 2023-11-30 00:00:00+05:30  3400.00  3809.00  3295.30  3788.70
23 2023-12-31 00:00:00+05:30  3799.00  3952.00  3565.55  3903.90
24 2024-01-31 00:00:00+05:30  3910.00  4074.40  3540.30  3670.60
25 2024-02-29 00:00:00+05:30  3696.00  3832.80  3465.00  3488.80
26 2024-03-31 00:00:00+05:30  3491.00  3652.05  3350.00  3445.30
27 2024-04-30 00:00:00+05:30  3450.00  4100.00  3450.00  4002.40
28 2024-05-31 00:00:00+05:30  4002.40  4467.50  3724.00  4307.20
29 2024-06-30 00:00:00+05:30  4400.00  4648.45  4180.50  4596.45
30 2024-07-31 00:00:00+05:30  4596.45  4951.00  4395.30  4923.20
31 2024-08-31 00:00:00+05:30  4930.00  5132.50  4615.55  5093.90
32 2024-09-30 00:00:00+05:30  5124.80  5582.95  5015.25  5443.35
33 2024-10-31 00:00:00+05:30  5440.55  6275.85  5241.70  5889.65
34 2024-11-30 00:00:00+05:30  5928.20  6208.30  5678.35  6172.70
35 2024-12-31 00:00:00+05:30  6185.00  6285.45  5716.50  6098.80
36 2025-01-31 00:00:00+05:30  6090.00  6248.90  5351.65  5577.70"
NSE:CIPLA-EQ,2023-06-30 00:00:00+05:30,950.9499999999999,852.0,1148.85,105.157999894842,100000.0,29.999999999999996,98.94999999999993,6,Win,1147.7011499999999,2023-07-31 00:00:00+05:30,36.20698722330301,20623.750423786732,20.62375042378673,2.0623750423786733,1,17,"                       Month     Open     High      Low    Close
0  2022-01-31 00:00:00+05:30   947.05   950.00   860.00   945.00
1  2022-02-28 00:00:00+05:30   948.00   977.35   888.15   925.05
2  2022-03-31 00:00:00+05:30   911.10  1083.00   911.10  1018.05
3  2022-04-30 00:00:00+05:30  1023.00  1062.65   946.30   981.20
4  2022-05-31 00:00:00+05:30   979.00  1004.90   904.25   992.95
5  2022-06-30 00:00:00+05:30   994.50  1006.85   902.00   917.20
6  2022-07-31 00:00:00+05:30   911.20   989.50   911.20   977.40
7  2022-08-31 00:00:00+05:30   990.00  1053.85   988.30  1038.45
8  2022-09-30 00:00:00+05:30  1026.00  1128.00  1012.00  1114.95
9  2022-10-31 00:00:00+05:30  1116.80  1180.10  1098.80  1167.40
10 2022-11-30 00:00:00+05:30  1167.50  1185.25  1078.50  1139.65
11 2022-12-31 00:00:00+05:30  1145.00  1147.35  1070.00  1075.95
12 2023-01-31 00:00:00+05:30  1080.25  1096.95  1007.50  1017.95
13 2023-02-28 00:00:00+05:30  1019.00  1044.60   903.10   906.40
14 2023-03-31 00:00:00+05:30   907.80   910.25   852.00   900.50
15 2023-04-30 00:00:00+05:30   910.00   925.95   886.30   908.05
16 2023-05-31 00:00:00+05:30   910.40   965.00   896.85   953.05
17 2023-06-30 00:00:00+05:30   950.00  1026.10   946.75  1014.95
18 2023-07-31 00:00:00+05:30  1020.50  1219.40   996.50  1175.00
19 2023-08-31 00:00:00+05:30  1175.00  1277.90  1150.00  1257.60
20 2023-09-30 00:00:00+05:30  1264.90  1268.90  1158.90  1186.15
21 2023-10-31 00:00:00+05:30  1184.00  1225.00  1132.00  1200.00
22 2023-11-30 00:00:00+05:30  1200.00  1283.55  1164.55  1212.30
23 2023-12-31 00:00:00+05:30  1213.45  1267.60  1192.10  1246.30
24 2024-01-31 00:00:00+05:30  1252.45  1425.00  1246.70  1351.00
25 2024-02-29 00:00:00+05:30  1359.70  1493.95  1352.05  1480.35
26 2024-03-31 00:00:00+05:30  1494.00  1519.00  1415.60  1496.95
27 2024-04-30 00:00:00+05:30  1510.00  1510.00  1335.00  1400.00
28 2024-05-31 00:00:00+05:30  1400.00  1504.55  1317.25  1447.20
29 2024-06-30 00:00:00+05:30  1482.00  1582.00  1418.55  1480.80
30 2024-07-31 00:00:00+05:30  1484.95  1600.00  1467.00  1544.30
31 2024-08-31 00:00:00+05:30  1545.95  1663.70  1472.00  1654.90
32 2024-09-30 00:00:00+05:30  1669.00  1683.00  1602.30  1654.10
33 2024-10-31 00:00:00+05:30  1660.00  1702.05  1403.00  1551.75
34 2024-11-30 00:00:00+05:30  1565.10  1612.35  1453.85  1533.90
35 2024-12-31 00:00:00+05:30  1532.00  1549.40  1423.80  1529.00
36 2025-01-31 00:00:00+05:30  1531.95  1547.85  1366.10  1479.40"
NSE:INFY-EQ,2023-06-30 00:00:00+05:30,1323.8725499999998,1185.3,1601.0176499999995,75.53597209942907,100000.0,29.999999999999996,138.57254999999986,3,Time Exit,1434.01455,2023-09-30 00:00:00+05:30,32.4959049116926,8257.187134063652,8.257187134063651,0.8257187134063652,3,17,"                       Month     Open     High      Low    Close
0  2022-01-31 00:00:00+05:30  1887.75  1953.90  1665.00  1736.20
1  2022-02-28 00:00:00+05:30  1766.10  1792.80  1665.00  1715.60
2  2022-03-31 00:00:00+05:30  1710.00  1923.30  1681.00  1906.85
3  2022-04-30 00:00:00+05:30  1886.85  1910.30  1550.00  1567.55
4  2022-05-31 00:00:00+05:30  1550.90  1589.40  1399.25  1503.60
5  2022-06-30 00:00:00+05:30  1513.00  1555.00  1367.15  1461.90
6  2022-07-31 00:00:00+05:30  1454.00  1555.70  1410.65  1549.70
7  2022-08-31 00:00:00+05:30  1564.00  1631.35  1450.00  1492.95
8  2022-09-30 00:00:00+05:30  1460.05  1553.00  1355.00  1413.45
9  2022-10-31 00:00:00+05:30  1412.00  1546.40  1386.00  1537.65
10 2022-11-30 00:00:00+05:30  1553.05  1653.50  1485.00  1634.95
11 2022-12-31 00:00:00+05:30  1656.20  1672.60  1482.45  1508.20
12 2023-01-31 00:00:00+05:30  1514.00  1568.80  1446.50  1533.75
13 2023-02-28 00:00:00+05:30  1542.20  1619.75  1481.30  1487.55
14 2023-03-31 00:00:00+05:30  1492.40  1520.40  1364.55  1427.95
15 2023-04-30 00:00:00+05:30  1435.00  1435.00  1185.30  1252.75
16 2023-05-31 00:00:00+05:30  1254.55  1332.70  1239.05  1318.30
17 2023-06-30 00:00:00+05:30  1322.55  1338.90  1262.25  1335.50
18 2023-07-31 00:00:00+05:30  1330.00  1498.80  1305.00  1355.70
19 2023-08-31 00:00:00+05:30  1362.00  1444.90  1348.45  1435.45
20 2023-09-30 00:00:00+05:30  1430.95  1518.40  1416.00  1435.45
21 2023-10-31 00:00:00+05:30  1436.05  1518.25  1353.10  1368.40
22 2023-11-30 00:00:00+05:30  1373.05  1467.90  1351.65  1455.15
23 2023-12-31 00:00:00+05:30  1459.90  1593.00  1433.15  1542.90
24 2024-01-31 00:00:00+05:30  1539.00  1690.00  1486.60  1660.90
25 2024-02-29 00:00:00+05:30  1659.55  1733.00  1635.50  1673.90
26 2024-03-31 00:00:00+05:30  1669.00  1671.95  1481.55  1498.05
27 2024-04-30 00:00:00+05:30  1525.00  1529.95  1378.75  1420.55
28 2024-05-31 00:00:00+05:30  1413.00  1479.60  1400.00  1406.90
29 2024-06-30 00:00:00+05:30  1440.00  1588.50  1358.35  1566.75
30 2024-07-31 00:00:00+05:30  1559.50  1903.00  1559.50  1868.25
31 2024-08-31 00:00:00+05:30  1856.10  1951.00  1718.55  1943.70
32 2024-09-30 00:00:00+05:30  1943.35  1975.75  1867.40  1875.60
33 2024-10-31 00:00:00+05:30  1875.00  1991.45  1746.50  1757.25
34 2024-11-30 00:00:00+05:30  1764.50  1941.40  1718.00  1857.85
35 2024-12-31 00:00:00+05:30  1859.00  2006.45  1835.20  1880.00
36 2025-01-31 00:00:00+05:30  1874.00  1982.80  1793.05  1879.80"
NSE:EICHERMOT-EQ,2023-10-31 00:00:00+05:30,3430.3268999999996,3160.0,3970.9806999999987,29.15174061107704,100000.0,29.999999999999996,270.32689999999957,3,Win,3967.009719299999,2023-12-31 00:00:00+05:30,34.69357150159653,15580.544767153511,15.580544767153512,1.558054476715351,2,21,"                       Month     Open     High      Low    Close
0  2022-01-31 00:00:00+05:30  2620.10  2880.00  2570.25  2645.50
1  2022-02-28 00:00:00+05:30  2658.70  2762.75  2488.45  2589.80
2  2022-03-31 00:00:00+05:30  2574.80  2579.00  2159.55  2457.15
3  2022-04-30 00:00:00+05:30  2457.15  2707.65  2421.10  2630.35
4  2022-05-31 00:00:00+05:30  2624.90  2818.65  2310.00  2780.75
5  2022-06-30 00:00:00+05:30  2770.15  2922.95  2585.05  2794.35
6  2022-07-31 00:00:00+05:30  2775.00  3179.00  2745.75  3093.45
7  2022-08-31 00:00:00+05:30  3109.90  3513.70  2913.05  3358.75
8  2022-09-30 00:00:00+05:30  3241.00  3787.25  3241.00  3671.60
9  2022-10-31 00:00:00+05:30  3781.00  3864.10  3377.00  3850.45
10 2022-11-30 00:00:00+05:30  3889.65  3889.65  3346.30  3484.50
11 2022-12-31 00:00:00+05:30  3489.60  3500.00  3088.20  3227.75
12 2023-01-31 00:00:00+05:30  3227.00  3278.85  3060.00  3263.35
13 2023-02-28 00:00:00+05:30  3280.00  3354.95  3091.15  3105.90
14 2023-03-31 00:00:00+05:30  3106.00  3219.95  2836.00  2948.85
15 2023-04-30 00:00:00+05:30  3050.00  3308.70  2922.20  3301.10
16 2023-05-31 00:00:00+05:30  3326.95  3727.00  3321.00  3671.95
17 2023-06-30 00:00:00+05:30  3713.70  3748.00  3465.05  3580.10
18 2023-07-31 00:00:00+05:30  3590.95  3666.00  3160.00  3365.50
19 2023-08-31 00:00:00+05:30  3375.00  3478.85  3274.90  3336.60
20 2023-09-30 00:00:00+05:30  3350.00  3539.20  3308.00  3446.95
21 2023-10-31 00:00:00+05:30  3426.90  3546.85  3287.20  3295.55
22 2023-11-30 00:00:00+05:30  3309.80  3920.00  3275.00  3896.90
23 2023-12-31 00:00:00+05:30  3922.00  4200.00  3847.55  4143.50
24 2024-01-31 00:00:00+05:30  4145.00  4145.00  3562.45  3839.60
25 2024-02-29 00:00:00+05:30  3843.00  4018.95  3726.60  3792.40
26 2024-03-31 00:00:00+05:30  3790.20  4075.00  3672.00  4019.30
27 2024-04-30 00:00:00+05:30  4060.80  4689.95  3886.10  4597.40
28 2024-05-31 00:00:00+05:30  4598.00  4908.00  4528.30  4733.45
29 2024-06-30 00:00:00+05:30  4800.00  4976.00  4253.85  4672.95
30 2024-07-31 00:00:00+05:30  4640.00  5058.90  4592.90  4962.70
31 2024-08-31 00:00:00+05:30  4970.50  5023.00  4548.00  4960.50
32 2024-09-30 00:00:00+05:30  4949.75  5105.00  4689.35  5026.25
33 2024-10-31 00:00:00+05:30  5026.30  5045.95  4508.75  4894.65
34 2024-11-30 00:00:00+05:30  4984.85  5067.00  4536.05  4831.85
35 2024-12-31 00:00:00+05:30  4838.05  4954.95  4673.60  4821.90
36 2025-01-31 00:00:00+05:30  4829.00  5385.70  4742.45  5194.30"
NSE:ULTRACEMCO-EQ,2023-11-30 00:00:00+05:30,8448.439999999999,7987.65,9370.019999999997,11.83650472749999,100000.0,29.999999999999996,460.78999999999905,3,Win,9360.649979999997,2023-12-31 00:00:00+05:30,33.239213322222795,10734.138527420431,10.73413852742043,1.0734138527420432,1,22,"                       Month      Open      High       Low     Close
0  2022-01-31 00:00:00+05:30   7600.00   7946.00   6950.00   7216.40
1  2022-02-28 00:00:00+05:30   7263.20   7575.00   6396.20   6567.90
2  2022-03-31 00:00:00+05:30   6539.00   6699.00   5629.20   6602.30
3  2022-04-30 00:00:00+05:30   6603.00   6918.50   6506.05   6630.25
4  2022-05-31 00:00:00+05:30   6607.60   6730.00   5706.75   6082.60
5  2022-06-30 00:00:00+05:30   6080.00   6115.00   5157.05   5607.30
6  2022-07-31 00:00:00+05:30   5600.00   6577.25   5485.00   6544.80
7  2022-08-31 00:00:00+05:30   6587.95   6799.00   6402.00   6677.85
8  2022-09-30 00:00:00+05:30   6629.00   7029.00   6005.00   6255.10
9  2022-10-31 00:00:00+05:30   6286.40   6730.90   6057.80   6714.95
10 2022-11-30 00:00:00+05:30   6743.95   7095.00   6670.05   7077.00
11 2022-12-31 00:00:00+05:30   7100.00   7299.00   6860.00   6959.05
12 2023-01-31 00:00:00+05:30   6979.90   7389.00   6604.10   7085.55
13 2023-02-28 00:00:00+05:30   7085.00   7492.00   6981.60   7261.30
14 2023-03-31 00:00:00+05:30   7227.00   7644.30   6991.00   7622.15
15 2023-04-30 00:00:00+05:30   7670.90   7824.00   7300.00   7556.20
16 2023-05-31 00:00:00+05:30   7545.50   7970.00   7434.45   7870.05
17 2023-06-30 00:00:00+05:30   7871.00   8432.15   7809.80   8294.75
18 2023-07-31 00:00:00+05:30   8383.00   8499.00   8072.00   8318.15
19 2023-08-31 00:00:00+05:30   8347.00   8368.00   7987.65   8297.45
20 2023-09-30 00:00:00+05:30   8300.00   8750.95   8132.00   8254.85
21 2023-10-31 00:00:00+05:30   8289.00   8648.35   8045.05   8422.25
22 2023-11-30 00:00:00+05:30   8440.00   9019.15   8370.10   9003.65
23 2023-12-31 00:00:00+05:30   9103.80  10526.00   8972.00  10503.00
24 2024-01-31 00:00:00+05:30  10503.00  10520.00   9719.15  10167.30
25 2024-02-29 00:00:00+05:30  10170.00  10295.00   9703.95   9892.40
26 2024-03-31 00:00:00+05:30   9900.00  10183.85   9435.15   9749.15
27 2024-04-30 00:00:00+05:30   9749.15  10277.70   9250.00   9971.85
28 2024-05-31 00:00:00+05:30   9971.85  10369.00   9408.05   9915.50
29 2024-06-30 00:00:00+05:30  10300.00  11874.95   9534.95  11667.90
30 2024-07-31 00:00:00+05:30  11669.00  12078.00  11228.65  11887.20
31 2024-08-31 00:00:00+05:30  11887.20  12032.30  10950.20  11301.90
32 2024-09-30 00:00:00+05:30  11325.00  12138.00  11308.00  11802.00
33 2024-10-31 00:00:00+05:30  11802.00  11930.00  10672.00  11065.65
34 2024-11-30 00:00:00+05:30  11079.95  11690.00  10542.50  11202.15
35 2024-12-31 00:00:00+05:30  11206.70  12145.35  11194.05  11426.35
36 2025-01-31 00:00:00+05:30  11411.00  11861.65  10462.00  11487.45"
NSE:ASIANPAINT-EQ,2023-12-31 00:00:00+05:30,3150.0969499999997,2931.0,3588.290849999999,31.745054703792533,100000.0,29.999999999999996,219.09694999999965,3,Loss,2928.069,2024-02-29 00:00:00+05:30,27.885513174443727,-7106.174931695345,-7.106174931695344,-0.7106174931695345,2,23,"                       Month     Open     High      Low    Close
0  2022-01-31 00:00:00+05:30  3383.00  3590.00  3010.75  3152.25
1  2022-02-28 00:00:00+05:30  3194.00  3296.90  3015.00  3174.65
2  2022-03-31 00:00:00+05:30  3107.00  3163.30  2599.35  3079.95
3  2022-04-30 00:00:00+05:30  3110.00  3278.00  2970.00  3237.20
4  2022-05-31 00:00:00+05:30  3195.00  3211.50  2718.55  2859.65
5  2022-06-30 00:00:00+05:30  2859.65  2939.90  2560.00  2695.20
6  2022-07-31 00:00:00+05:30  2704.90  3354.35  2685.00  3333.75
7  2022-08-31 00:00:00+05:30  3340.05  3545.65  3236.70  3391.60
8  2022-09-30 00:00:00+05:30  3315.00  3582.90  3231.30  3342.45
9  2022-10-31 00:00:00+05:30  3348.00  3368.35  3033.00  3107.70
10 2022-11-30 00:00:00+05:30  3110.50  3199.95  3033.50  3175.15
11 2022-12-31 00:00:00+05:30  3191.00  3242.35  3018.00  3087.90
12 2023-01-31 00:00:00+05:30  3087.90  3087.90  2685.85  2725.85
13 2023-02-28 00:00:00+05:30  2749.80  2852.00  2694.00  2828.80
14 2023-03-31 00:00:00+05:30  2828.00  2923.95  2740.05  2761.65
15 2023-04-30 00:00:00+05:30  2746.95  2920.00  2708.65  2902.35
16 2023-05-31 00:00:00+05:30  2910.95  3219.35  2893.00  3192.95
17 2023-06-30 00:00:00+05:30  3235.35  3449.60  3151.15  3362.05
18 2023-07-31 00:00:00+05:30  3365.00  3568.00  3293.95  3377.35
19 2023-08-31 00:00:00+05:30  3372.00  3385.00  3152.15  3256.10
20 2023-09-30 00:00:00+05:30  3241.10  3334.80  3134.00  3161.05
21 2023-10-31 00:00:00+05:30  3166.10  3232.10  2931.00  2995.70
22 2023-11-30 00:00:00+05:30  2997.95  3228.25  2930.00  3119.90
23 2023-12-31 00:00:00+05:30  3146.95  3422.95  3140.25  3402.40
24 2024-01-31 00:00:00+05:30  3403.00  3411.80  2940.05  2957.85
25 2024-02-29 00:00:00+05:30  2961.00  3035.00  2776.75  2821.90
26 2024-03-31 00:00:00+05:30  2832.90  2899.90  2777.75  2846.75
27 2024-04-30 00:00:00+05:30  2860.95  2943.25  2766.15  2875.90
28 2024-05-31 00:00:00+05:30  2875.10  2997.00  2670.10  2881.20
29 2024-06-30 00:00:00+05:30  2950.00  3027.30  2775.75  2917.05
30 2024-07-31 00:00:00+05:30  2889.30  3098.00  2842.00  3084.45
31 2024-08-31 00:00:00+05:30  3088.00  3203.65  2966.00  3126.80
32 2024-09-30 00:00:00+05:30  3148.00  3394.90  3139.60  3329.10
33 2024-10-31 00:00:00+05:30  3317.00  3328.95  2919.00  2935.65
34 2024-11-30 00:00:00+05:30  2958.00  2965.75  2422.95  2479.60
35 2024-12-31 00:00:00+05:30  2479.60  2494.00  2256.50  2281.35
36 2025-01-31 00:00:00+05:30  2280.00  2361.40  2207.80  2300.80"
NSE:DRREDDY-EQ,2023-12-31 00:00:00+05:30,1161.1599999999999,1041.11,1401.2599999999998,86.1207757759482,100000.0,29.999999999999996,120.04999999999995,3,Time Exit,1230.34842,2024-03-31 00:00:00+05:30,31.787568121533642,5896.772836990614,5.896772836990614,0.5896772836990615,3,23,"                       Month     Open     High      Low    Close
0  2022-01-31 00:00:00+05:30   981.40   986.06   835.09   860.56
1  2022-02-28 00:00:00+05:30   864.00   887.39   809.99   812.68
2  2022-03-31 00:00:00+05:30   812.27   877.50   730.80   859.09
3  2022-04-30 00:00:00+05:30   859.00   895.53   812.20   826.39
4  2022-05-31 00:00:00+05:30   824.43   885.35   757.97   873.93
5  2022-06-30 00:00:00+05:30   870.00   883.00   813.21   878.76
6  2022-07-31 00:00:00+05:30   877.00   922.76   811.12   818.07
7  2022-08-31 00:00:00+05:30   827.96   865.98   808.00   849.01
8  2022-09-30 00:00:00+05:30   843.20   881.40   799.40   867.14
9  2022-10-31 00:00:00+05:30   863.00   925.00   843.01   886.74
10 2022-11-30 00:00:00+05:30   887.05   929.00   863.00   897.43
11 2022-12-31 00:00:00+05:30   901.92   906.40   840.20   847.51
12 2023-01-31 00:00:00+05:30   851.75   878.99   835.02   864.83
13 2023-02-28 00:00:00+05:30   868.20   912.80   857.00   863.32
14 2023-03-31 00:00:00+05:30   863.29   931.30   859.40   924.55
15 2023-04-30 00:00:00+05:30   929.79   988.00   919.62   985.97
16 2023-05-31 00:00:00+05:30   980.68   997.80   876.81   900.21
17 2023-06-30 00:00:00+05:30   901.97  1034.99   900.21  1031.92
18 2023-07-31 00:00:00+05:30  1031.92  1132.08  1015.25  1128.09
19 2023-08-31 00:00:00+05:30  1127.97  1197.94  1118.00  1121.57
20 2023-09-30 00:00:00+05:30  1126.00  1168.57  1082.20  1117.40
21 2023-10-31 00:00:00+05:30  1117.38  1138.95  1041.11  1073.51
22 2023-11-30 00:00:00+05:30  1077.00  1160.00  1049.42  1157.63
23 2023-12-31 00:00:00+05:30  1160.00  1178.16  1074.00  1159.58
24 2024-01-31 00:00:00+05:30  1160.00  1227.50  1104.13  1224.23
25 2024-02-29 00:00:00+05:30  1217.89  1301.18  1190.02  1284.85
26 2024-03-31 00:00:00+05:30  1289.80  1294.60  1204.64  1231.58
27 2024-04-30 00:00:00+05:30  1243.00  1265.00  1176.16  1240.86
28 2024-05-31 00:00:00+05:30  1239.05  1283.98  1141.80  1158.37
29 2024-06-30 00:00:00+05:30  1187.58  1284.00  1120.00  1280.47
30 2024-07-31 00:00:00+05:30  1286.00  1393.20  1256.85  1350.10
31 2024-08-31 00:00:00+05:30  1359.10  1421.49  1351.63  1406.27
32 2024-09-30 00:00:00+05:30  1409.94  1414.99  1296.50  1350.32
33 2024-10-31 00:00:00+05:30  1350.32  1359.00  1228.80  1274.20
34 2024-11-30 00:00:00+05:30  1280.00  1321.90  1170.20  1202.30
35 2024-12-31 00:00:00+05:30  1214.25  1398.25  1202.30  1388.50
36 2025-01-31 00:00:00+05:30  1388.45  1405.90  1164.65  1217.35"
NSE:HDFCBANK-EQ,2023-12-31 00:00:00+05:30,779.7289499999999,730.13,878.9268499999998,128.24969497413173,100000.0,29.999999999999996,49.598949999999945,4,Loss,729.39987,2024-01-31 00:00:00+05:30,28.0635932525014,-6512.752751581164,-6.512752751581165,-0.6512752751581165,1,23,"                       Month    Open    High     Low   Close
0  2022-01-31 00:00:00+05:30  742.50  788.33  717.50  742.85
1  2022-02-28 00:00:00+05:30  754.25  769.98  703.58  713.13
2  2022-03-31 00:00:00+05:30  693.25  759.40  646.00  735.18
3  2022-04-30 00:00:00+05:30  738.20  861.05  661.13  692.30
4  2022-05-31 00:00:00+05:30  681.03  710.25  639.15  694.48
5  2022-06-30 00:00:00+05:30  690.00  700.38  635.80  674.00
6  2022-07-31 00:00:00+05:30  671.98  719.30  665.03  717.10
7  2022-08-31 00:00:00+05:30  719.50  756.95  706.48  743.05
8  2022-09-30 00:00:00+05:30  732.38  770.48  682.50  710.68
9  2022-10-31 00:00:00+05:30  704.98  749.00  692.00  748.35
10 2022-11-30 00:00:00+05:30  751.75  821.00  744.80  804.23
11 2022-12-31 00:00:00+05:30  811.00  834.70  792.73  814.08
12 2023-01-31 00:00:00+05:30  813.50  851.20  780.00  801.75
13 2023-02-28 00:00:00+05:30  812.00  840.95  788.65  799.80
14 2023-03-31 00:00:00+05:30  806.00  822.98  766.03  804.78
15 2023-04-30 00:00:00+05:30  803.78  860.00  801.38  843.80
16 2023-05-31 00:00:00+05:30  844.35  867.23  798.68  805.43
17 2023-06-30 00:00:00+05:30  809.95  854.40  789.50  850.70
18 2023-07-31 00:00:00+05:30  856.25  878.75  813.58  825.60
19 2023-08-31 00:00:00+05:30  827.23  833.73  779.20  785.73
20 2023-09-30 00:00:00+05:30  785.50  835.00  757.50  763.15
21 2023-10-31 00:00:00+05:30  763.50  777.88  730.13  738.25
22 2023-11-30 00:00:00+05:30  731.13  786.23  731.13  779.40
23 2023-12-31 00:00:00+05:30  778.95  860.70  776.05  854.63
24 2024-01-31 00:00:00+05:30  853.00  854.58  690.13  731.28
25 2024-02-29 00:00:00+05:30  732.53  740.43  681.78  701.70
26 2024-03-31 00:00:00+05:30  700.00  735.80  700.00  723.95
27 2024-04-30 00:00:00+05:30  729.00  778.70  727.80  760.05
28 2024-05-31 00:00:00+05:30  761.00  772.50  713.40  765.78
29 2024-06-30 00:00:00+05:30  799.50  858.48  727.00  841.90
30 2024-07-31 00:00:00+05:30  840.00  897.00  794.03  807.88
31 2024-08-31 00:00:00+05:30  811.45  837.98  796.65  818.45
32 2024-09-30 00:00:00+05:30  823.40  894.00  811.60  866.03
33 2024-10-31 00:00:00+05:30  862.00  884.33  806.50  867.85
34 2024-11-30 00:00:00+05:30  866.50  918.05  836.05  898.03
35 2024-12-31 00:00:00+05:30  901.75  940.00  882.80  886.43
36 2025-01-31 00:00:00+05:30  886.73  901.73  812.15  849.38"
NSE:HINDUNILVR-EQ,2023-12-31 00:00:00+05:30,2508.4058999999997,2403.01,2719.197699999999,39.865956303164495,100000.0,29.999999999999996,105.39589999999953,4,Loss,2400.60699,2024-01-31 00:00:00+05:30,28.710748009323375,-4356.217383598063,-4.356217383598063,-0.4356217383598063,1,23,"                       Month     Open     High      Low    Close
0  2022-01-31 00:00:00+05:30  2339.17  2385.40  2204.31  2236.62
1  2022-02-28 00:00:00+05:30  2265.69  2294.90  2085.38  2136.63
2  2022-03-31 00:00:00+05:30  2094.19  2132.55  1870.50  2015.20
3  2022-04-30 00:00:00+05:30  2021.35  2252.61  2005.12  2198.36
4  2022-05-31 00:00:00+05:30  2183.75  2349.01  2071.81  2314.82
5  2022-06-30 00:00:00+05:30  2331.30  2374.39  2065.71  2194.18
6  2022-07-31 00:00:00+05:30  2189.65  2610.66  2167.62  2594.33
7  2022-08-31 00:00:00+05:30  2594.43  2670.67  2508.36  2616.42
8  2022-09-30 00:00:00+05:30  2606.73  2684.44  2467.10  2652.42
9  2022-10-31 00:00:00+05:30  2678.54  2689.36  2447.37  2509.05
10 2022-11-30 00:00:00+05:30  2527.05  2653.94  2388.45  2640.52
11 2022-12-31 00:00:00+05:30  2636.24  2696.83  2497.93  2519.23
12 2023-01-31 00:00:00+05:30  2531.87  2649.52  2485.79  2534.67
13 2023-02-28 00:00:00+05:30  2557.74  2614.06  2395.88  2420.47
14 2023-03-31 00:00:00+05:30  2417.86  2526.51  2353.92  2518.54
15 2023-04-30 00:00:00+05:30  2528.03  2546.28  2379.50  2417.17
16 2023-05-31 00:00:00+05:30  2431.44  2636.24  2409.99  2623.99
17 2023-06-30 00:00:00+05:30  2623.45  2693.49  2577.32  2634.42
18 2023-07-31 00:00:00+05:30  2643.12  2724.42  2511.31  2518.98
19 2023-08-31 00:00:00+05:30  2528.03  2549.43  2447.47  2464.15
20 2023-09-30 00:00:00+05:30  2464.15  2507.38  2403.01  2425.34
21 2023-10-31 00:00:00+05:30  2449.34  2539.84  2415.55  2443.44
22 2023-11-30 00:00:00+05:30  2444.42  2512.79  2423.08  2503.98
23 2023-12-31 00:00:00+05:30  2505.90  2623.55  2456.23  2620.45
24 2024-01-31 00:00:00+05:30  2620.35  2625.81  2326.82  2441.03
25 2024-02-29 00:00:00+05:30  2434.68  2470.54  2308.43  2372.91
26 2024-03-31 00:00:00+05:30  2377.48  2398.98  2195.55  2227.38
27 2024-04-30 00:00:00+05:30  2232.93  2260.48  2136.58  2194.03
28 2024-05-31 00:00:00+05:30  2169.04  2369.66  2168.01  2291.02
29 2024-06-30 00:00:00+05:30  2342.12  2679.47  2303.86  2432.67
30 2024-07-31 00:00:00+05:30  2420.86  2765.39  2410.09  2661.47
31 2024-08-31 00:00:00+05:30  2669.68  2788.66  2622.66  2732.64
32 2024-09-30 00:00:00+05:30  2748.38  2985.44  2726.39  2909.99
33 2024-10-31 00:00:00+05:30  2914.32  2914.32  2412.55  2486.97
34 2024-11-30 00:00:00+05:30  2502.41  2505.41  2336.96  2455.39
35 2024-12-31 00:00:00+05:30  2444.42  2473.93  2277.44  2288.86
36 2025-01-31 00:00:00+05:30  2287.04  2438.52  2217.05  2428.49"
NSE:ICICIBANK-EQ,2023-12-31 00:00:00+05:30,936.88595,899.0,1012.6578499999999,106.73657770190705,100000.0,29.999999999999996,37.88594999999998,3,Win,1011.64519215,2024-01-31 00:00:00+05:30,32.39386369760374,7917.151794981552,7.917151794981551,0.7917151794981552,1,23,"                       Month     Open     High      Low    Close
0  2022-01-31 00:00:00+05:30   743.05   836.00   743.00   788.80
1  2022-02-28 00:00:00+05:30   802.05   818.70   702.30   742.70
2  2022-03-31 00:00:00+05:30   717.00   739.90   642.15   730.30
3  2022-04-30 00:00:00+05:30   725.00   777.90   723.10   743.30
4  2022-05-31 00:00:00+05:30   732.00   756.70   675.00   752.85
5  2022-06-30 00:00:00+05:30   748.00   757.00   669.95   707.20
6  2022-07-31 00:00:00+05:30   703.45   823.40   694.10   818.60
7  2022-08-31 00:00:00+05:30   820.70   890.75   808.35   887.30
8  2022-09-30 00:00:00+05:30   863.00   936.65   837.50   862.00
9  2022-10-31 00:00:00+05:30   859.70   943.25   845.70   908.70
10 2022-11-30 00:00:00+05:30   921.00   958.20   891.25   952.90
11 2022-12-31 00:00:00+05:30   956.00   957.00   875.25   890.85
12 2023-01-31 00:00:00+05:30   894.00   907.90   796.00   831.90
13 2023-02-28 00:00:00+05:30   843.45   877.80   823.15   854.85
14 2023-03-31 00:00:00+05:30   864.00   881.00   810.30   877.25
15 2023-04-30 00:00:00+05:30   880.20   920.45   864.40   917.65
16 2023-05-31 00:00:00+05:30   924.00   958.85   911.55   949.15
17 2023-06-30 00:00:00+05:30   954.25   954.25   914.80   934.60
18 2023-07-31 00:00:00+05:30   937.00  1008.70   936.50   998.30
19 2023-08-31 00:00:00+05:30  1001.65  1003.70   946.00   958.75
20 2023-09-30 00:00:00+05:30   956.90   997.50   934.40   951.90
21 2023-10-31 00:00:00+05:30   951.60   962.05   899.00   915.35
22 2023-11-30 00:00:00+05:30   913.80   950.45   909.30   934.95
23 2023-12-31 00:00:00+05:30   935.95  1043.70   933.00   996.60
24 2024-01-31 00:00:00+05:30   991.55  1059.40   970.15  1028.15
25 2024-02-29 00:00:00+05:30  1033.95  1070.00   985.25  1052.20
26 2024-03-31 00:00:00+05:30  1055.00  1113.55  1054.00  1093.30
27 2024-04-30 00:00:00+05:30  1096.05  1169.55  1048.10  1150.40
28 2024-05-31 00:00:00+05:30  1143.00  1158.45  1096.90  1121.05
29 2024-06-30 00:00:00+05:30  1170.00  1235.00  1051.05  1199.60
30 2024-07-31 00:00:00+05:30  1199.60  1257.80  1179.45  1214.90
31 2024-08-31 00:00:00+05:30  1212.50  1235.55  1153.00  1229.20
32 2024-09-30 00:00:00+05:30  1239.00  1362.35  1200.45  1273.00
33 2024-10-31 00:00:00+05:30  1269.80  1335.35  1217.40  1292.25
34 2024-11-30 00:00:00+05:30  1289.95  1315.00  1232.55  1300.10
35 2024-12-31 00:00:00+05:30  1299.90  1350.45  1272.40  1281.65
36 2025-01-31 00:00:00+05:30  1281.65  1293.40  1186.00  1252.80"
NSE:RELIANCE-EQ,2023-12-31 00:00:00+05:30,1190.1889999999999,1110.15,1350.2669999999994,84.02026904970556,100000.0,29.999999999999996,80.03899999999976,4,Win,1348.9167329999993,2024-01-31 00:00:00+05:30,34.000904049692934,13272.345928260098,13.272345928260098,1.3272345928260099,1,23,"                       Month     Open     High      Low    Close
0  2022-01-31 00:00:00+05:30  1182.50  1283.65  1152.50  1193.30
1  2022-02-28 00:00:00+05:30  1204.00  1228.20  1121.50  1179.78
2  2022-03-31 00:00:00+05:30  1167.22  1344.00  1090.00  1317.38
3  2022-04-30 00:00:00+05:30  1318.00  1428.08  1260.90  1395.13
4  2022-05-31 00:00:00+05:30  1381.00  1402.75  1185.00  1316.33
5  2022-06-30 00:00:00+05:30  1317.15  1408.68  1222.50  1297.83
6  2022-07-31 00:00:00+05:30  1287.45  1296.00  1182.50  1254.72
7  2022-08-31 00:00:00+05:30  1259.58  1338.45  1253.80  1318.98
8  2022-09-30 00:00:00+05:30  1291.33  1314.85  1155.50  1188.88
9  2022-10-31 00:00:00+05:30  1195.75  1280.47  1171.55  1274.80
10 2022-11-30 00:00:00+05:30  1300.00  1372.73  1251.00  1365.68
11 2022-12-31 00:00:00+05:30  1370.90  1377.50  1246.13  1273.60
12 2023-01-31 00:00:00+05:30  1275.00  1303.00  1150.50  1176.93
13 2023-02-28 00:00:00+05:30  1189.97  1231.90  1146.50  1161.28
14 2023-03-31 00:00:00+05:30  1172.00  1212.30  1090.00  1165.53
15 2023-04-30 00:00:00+05:30  1172.50  1212.47  1154.28  1210.25
16 2023-05-31 00:00:00+05:30  1218.10  1268.85  1206.53  1234.95
17 2023-06-30 00:00:00+05:30  1240.08  1292.00  1225.50  1275.13
18 2023-07-31 00:00:00+05:30  1279.03  1428.00  1234.65  1274.63
19 2023-08-31 00:00:00+05:30  1277.50  1291.40  1199.95  1203.50
20 2023-09-30 00:00:00+05:30  1203.28  1241.50  1162.50  1172.50
21 2023-10-31 00:00:00+05:30  1164.97  1183.50  1110.15  1143.95
22 2023-11-30 00:00:00+05:30  1144.58  1205.97  1137.60  1188.72
23 2023-12-31 00:00:00+05:30  1189.00  1307.00  1188.80  1292.47
24 2024-01-31 00:00:00+05:30  1290.28  1459.98  1284.47  1426.63
25 2024-02-29 00:00:00+05:30  1435.00  1499.95  1418.05  1460.80
26 2024-03-31 00:00:00+05:30  1463.50  1512.45  1412.90  1485.85
27 2024-04-30 00:00:00+05:30  1492.48  1494.00  1441.50  1467.00
28 2024-05-31 00:00:00+05:30  1472.00  1492.23  1384.00  1430.40
29 2024-06-30 00:00:00+05:30  1483.00  1581.00  1359.30  1565.40
30 2024-07-31 00:00:00+05:30  1562.53  1608.80  1463.00  1505.43
31 2024-08-31 00:00:00+05:30  1512.00  1539.73  1433.25  1509.63
32 2024-09-30 00:00:00+05:30  1510.88  1533.48  1445.88  1476.58
33 2024-10-31 00:00:00+05:30  1480.65  1487.95  1320.30  1332.05
34 2024-11-30 00:00:00+05:30  1333.05  1341.95  1217.25  1292.20
35 2024-12-31 00:00:00+05:30  1288.00  1329.95  1201.50  1215.45
36 2025-01-31 00:00:00+05:30  1214.85  1326.00  1211.60  1265.10"
NSE:DIVISLAB-EQ,2024-05-31 00:00:00+05:30,4006.4023999999995,3350.0,5319.207199999999,24.960048945657583,100000.0,29.999999999999996,656.4023999999995,3,Time Exit,5088.8061,2024-08-31 00:00:00+05:30,38.10505479928826,26948.744276161586,26.948744276161584,2.6948744276161585,3,28,"                       Month     Open     High      Low    Close
0  2022-01-31 00:00:00+05:30  4689.00  4708.75  3788.95  4036.10
1  2022-02-28 00:00:00+05:30  4055.05  4520.15  3916.60  4265.00
2  2022-03-31 00:00:00+05:30  4230.00  4625.00  3974.05  4402.05
3  2022-04-30 00:00:00+05:30  4425.00  4640.80  4335.10  4505.40
4  2022-05-31 00:00:00+05:30  4488.80  4600.00  3365.55  3591.30
5  2022-06-30 00:00:00+05:30  3627.20  3715.00  3450.10  3630.40
6  2022-07-31 00:00:00+05:30  3590.35  3884.30  3581.05  3831.65
7  2022-08-31 00:00:00+05:30  3835.00  3973.90  3446.00  3626.85
8  2022-09-30 00:00:00+05:30  3577.30  3751.00  3544.00  3705.20
9  2022-10-31 00:00:00+05:30  3700.00  3806.60  3472.00  3608.90
10 2022-11-30 00:00:00+05:30  3626.00  3903.95  3195.15  3404.70
11 2022-12-31 00:00:00+05:30  3409.90  3640.00  3254.65  3413.20
12 2023-01-31 00:00:00+05:30  3420.00  3520.00  3281.30  3315.30
13 2023-02-28 00:00:00+05:30  3332.15  3419.00  2740.10  2825.60
14 2023-03-31 00:00:00+05:30  2836.50  2889.00  2730.00  2823.35
15 2023-04-30 00:00:00+05:30  2850.00  3364.50  2824.75  3267.90
16 2023-05-31 00:00:00+05:30  3268.05  3534.90  3051.00  3443.60
17 2023-06-30 00:00:00+05:30  3451.55  3651.90  3308.95  3583.60
18 2023-07-31 00:00:00+05:30  3586.80  3795.90  3540.05  3684.30
19 2023-08-31 00:00:00+05:30  3705.00  3934.70  3575.50  3592.10
20 2023-09-30 00:00:00+05:30  3586.00  3859.50  3529.75  3765.15
21 2023-10-31 00:00:00+05:30  3760.05  3799.00  3372.30  3388.35
22 2023-11-30 00:00:00+05:30  3400.00  3809.00  3295.30  3788.70
23 2023-12-31 00:00:00+05:30  3799.00  3952.00  3565.55  3903.90
24 2024-01-31 00:00:00+05:30  3910.00  4074.40  3540.30  3670.60
25 2024-02-29 00:00:00+05:30  3696.00  3832.80  3465.00  3488.80
26 2024-03-31 00:00:00+05:30  3491.00  3652.05  3350.00  3445.30
27 2024-04-30 00:00:00+05:30  3450.00  4100.00  3450.00  4002.40
28 2024-05-31 00:00:00+05:30  4002.40  4467.50  3724.00  4307.20
29 2024-06-30 00:00:00+05:30  4400.00  4648.45  4180.50  4596.45
30 2024-07-31 00:00:00+05:30  4596.45  4951.00  4395.30  4923.20
31 2024-08-31 00:00:00+05:30  4930.00  5132.50  4615.55  5093.90
32 2024-09-30 00:00:00+05:30  5124.80  5582.95  5015.25  5443.35
33 2024-10-31 00:00:00+05:30  5440.55  6275.85  5241.70  5889.65
34 2024-11-30 00:00:00+05:30  5928.20  6208.30  5678.35  6172.70
35 2024-12-31 00:00:00+05:30  6185.00  6285.45  5716.50  6098.80
36 2025-01-31 00:00:00+05:30  6090.00  6248.90  5351.65  5577.70"
NSE:ULTRACEMCO-EQ,2024-05-31 00:00:00+05:30,9981.821849999998,9435.15,11075.165549999996,10.01821125469195,100000.0,29.999999999999996,546.6718499999988,3,Win,11064.090384449995,2024-06-30 00:00:00+05:30,33.25271844372778,10779.142093982206,10.779142093982205,1.0779142093982206,1,28,"                       Month      Open      High       Low     Close
0  2022-01-31 00:00:00+05:30   7600.00   7946.00   6950.00   7216.40
1  2022-02-28 00:00:00+05:30   7263.20   7575.00   6396.20   6567.90
2  2022-03-31 00:00:00+05:30   6539.00   6699.00   5629.20   6602.30
3  2022-04-30 00:00:00+05:30   6603.00   6918.50   6506.05   6630.25
4  2022-05-31 00:00:00+05:30   6607.60   6730.00   5706.75   6082.60
5  2022-06-30 00:00:00+05:30   6080.00   6115.00   5157.05   5607.30
6  2022-07-31 00:00:00+05:30   5600.00   6577.25   5485.00   6544.80
7  2022-08-31 00:00:00+05:30   6587.95   6799.00   6402.00   6677.85
8  2022-09-30 00:00:00+05:30   6629.00   7029.00   6005.00   6255.10
9  2022-10-31 00:00:00+05:30   6286.40   6730.90   6057.80   6714.95
10 2022-11-30 00:00:00+05:30   6743.95   7095.00   6670.05   7077.00
11 2022-12-31 00:00:00+05:30   7100.00   7299.00   6860.00   6959.05
12 2023-01-31 00:00:00+05:30   6979.90   7389.00   6604.10   7085.55
13 2023-02-28 00:00:00+05:30   7085.00   7492.00   6981.60   7261.30
14 2023-03-31 00:00:00+05:30   7227.00   7644.30   6991.00   7622.15
15 2023-04-30 00:00:00+05:30   7670.90   7824.00   7300.00   7556.20
16 2023-05-31 00:00:00+05:30   7545.50   7970.00   7434.45   7870.05
17 2023-06-30 00:00:00+05:30   7871.00   8432.15   7809.80   8294.75
18 2023-07-31 00:00:00+05:30   8383.00   8499.00   8072.00   8318.15
19 2023-08-31 00:00:00+05:30   8347.00   8368.00   7987.65   8297.45
20 2023-09-30 00:00:00+05:30   8300.00   8750.95   8132.00   8254.85
21 2023-10-31 00:00:00+05:30   8289.00   8648.35   8045.05   8422.25
22 2023-11-30 00:00:00+05:30   8440.00   9019.15   8370.10   9003.65
23 2023-12-31 00:00:00+05:30   9103.80  10526.00   8972.00  10503.00
24 2024-01-31 00:00:00+05:30  10503.00  10520.00   9719.15  10167.30
25 2024-02-29 00:00:00+05:30  10170.00  10295.00   9703.95   9892.40
26 2024-03-31 00:00:00+05:30   9900.00  10183.85   9435.15   9749.15
27 2024-04-30 00:00:00+05:30   9749.15  10277.70   9250.00   9971.85
28 2024-05-31 00:00:00+05:30   9971.85  10369.00   9408.05   9915.50
29 2024-06-30 00:00:00+05:30  10300.00  11874.95   9534.95  11667.90
30 2024-07-31 00:00:00+05:30  11669.00  12078.00  11228.65  11887.20
31 2024-08-31 00:00:00+05:30  11887.20  12032.30  10950.20  11301.90
32 2024-09-30 00:00:00+05:30  11325.00  12138.00  11308.00  11802.00
33 2024-10-31 00:00:00+05:30  11802.00  11930.00  10672.00  11065.65
34 2024-11-30 00:00:00+05:30  11079.95  11690.00  10542.50  11202.15
35 2024-12-31 00:00:00+05:30  11206.70  12145.35  11194.05  11426.35
36 2025-01-31 00:00:00+05:30  11411.00  11861.65  10462.00  11487.45"
NSE:UPL-EQ,2024-05-31 00:00:00+05:30,487.87738999999993,429.55,604.5321699999997,204.9695313816449,100000.0,29.999999999999996,58.32738999999992,3,Time Exit,573.38604,2024-08-31 00:00:00+05:30,35.258000375873124,17461.409919201225,17.461409919201227,1.7461409919201225,3,28,"                       Month    Open    High     Low   Close
0  2022-01-31 00:00:00+05:30  722.31  810.46  715.69  744.85
1  2022-02-28 00:00:00+05:30  753.01  767.01  596.65  638.33
2  2022-03-31 00:00:00+05:30  636.60  781.30  632.62  738.23
3  2022-04-30 00:00:00+05:30  739.10  802.36  739.10  789.36
4  2022-05-31 00:00:00+05:30  782.31  813.44  703.17  747.83
5  2022-06-30 00:00:00+05:30  741.11  755.36  582.74  606.63
6  2022-07-31 00:00:00+05:30  604.32  714.64  596.60  710.89
7  2022-08-31 00:00:00+05:30  722.31  771.47  692.00  737.90
8  2022-09-30 00:00:00+05:30  732.91  736.70  627.34  644.66
9  2022-10-31 00:00:00+05:30  643.84  702.17  633.29  700.44
10 2022-11-30 00:00:00+05:30  707.73  761.21  682.12  757.51
11 2022-12-31 00:00:00+05:30  748.21  774.11  678.66  686.96
12 2023-01-31 00:00:00+05:30  689.31  735.45  681.54  726.34
13 2023-02-28 00:00:00+05:30  733.92  748.21  656.36  665.91
14 2023-03-31 00:00:00+05:30  670.70  693.72  659.58  688.40
15 2023-04-30 00:00:00+05:30  689.22  717.23  676.55  710.13
16 2023-05-31 00:00:00+05:30  713.96  728.98  630.27  657.18
17 2023-06-30 00:00:00+05:30  657.08  670.41  638.38  659.53
18 2023-07-31 00:00:00+05:30  660.34  660.87  595.69  599.24
19 2023-08-31 00:00:00+05:30  595.69  603.89  553.44  567.06
20 2023-09-30 00:00:00+05:30  568.83  613.00  566.91  591.13
21 2023-10-31 00:00:00+05:30  590.85  609.02  506.62  518.47
22 2023-11-30 00:00:00+05:30  509.93  549.55  507.97  547.39
23 2023-12-31 00:00:00+05:30  547.39  589.69  542.64  563.32
24 2024-01-31 00:00:00+05:30  564.03  579.19  511.80  515.78
25 2024-02-29 00:00:00+05:30  514.44  518.61  433.72  450.56
26 2024-03-31 00:00:00+05:30  454.68  471.04  429.55  437.41
27 2024-04-30 00:00:00+05:30  441.25  492.95  439.76  486.48
28 2024-05-31 00:00:00+05:30  487.39  517.99  445.42  488.06
29 2024-06-30 00:00:00+05:30  495.93  555.11  458.52  547.58
30 2024-07-31 00:00:00+05:30  546.82  556.65  501.01  548.73
31 2024-08-31 00:00:00+05:30  551.56  579.38  498.81  573.96
32 2024-09-30 00:00:00+05:30  577.46  598.28  558.81  588.16
33 2024-10-31 00:00:00+05:30  587.06  599.53  496.36  531.08
34 2024-11-30 00:00:00+05:30  531.08  558.75  483.75  545.00
35 2024-12-31 00:00:00+05:30  546.90  572.70  493.00  501.00
36 2025-01-31 00:00:00+05:30  498.45  617.80  497.20  603.75"
NSE:BRITANNIA-EQ,2024-06-30 00:00:00+05:30,5305.299999999999,4641.0,6633.899999999998,18.84907545284904,100000.0,29.999999999999996,664.2999999999993,4,Time Exit,6331.81185,2024-09-30 00:00:00+05:30,35.8046397941681,19282.99467409949,19.282994674099488,1.928299467409949,3,29,"                       Month     Open     High      Low    Close
0  2022-01-31 00:00:00+05:30  3610.00  3800.95  3430.25  3535.30
1  2022-02-28 00:00:00+05:30  3560.00  3710.00  3327.35  3427.45
2  2022-03-31 00:00:00+05:30  3420.95  3439.55  3050.00  3206.40
3  2022-04-30 00:00:00+05:30  3210.00  3402.00  3132.05  3279.25
4  2022-05-31 00:00:00+05:30  3242.00  3700.00  3156.90  3647.80
5  2022-06-30 00:00:00+05:30  3649.10  3669.75  3270.95  3466.40
6  2022-07-31 00:00:00+05:30  3412.00  3949.35  3412.00  3900.40
7  2022-08-31 00:00:00+05:30  3900.40  3916.00  3585.25  3747.75
8  2022-09-30 00:00:00+05:30  3730.00  3889.80  3564.10  3843.05
9  2022-10-31 00:00:00+05:30  3862.00  3878.20  3690.00  3766.55
10 2022-11-30 00:00:00+05:30  3780.00  4387.90  3705.45  4362.30
11 2022-12-31 00:00:00+05:30  4364.55  4537.00  4296.55  4307.45
12 2023-01-31 00:00:00+05:30  4379.95  4444.00  4206.30  4317.60
13 2023-02-28 00:00:00+05:30  4329.90  4669.20  4326.85  4461.75
14 2023-03-31 00:00:00+05:30  4439.00  4454.55  4153.00  4322.15
15 2023-04-30 00:00:00+05:30  4344.00  4564.85  4222.55  4553.55
16 2023-05-31 00:00:00+05:30  4565.25  4705.45  4443.35  4657.05
17 2023-06-30 00:00:00+05:30  4655.00  5085.25  4587.55  5024.55
18 2023-07-31 00:00:00+05:30  5035.00  5270.35  4763.80  4793.95
19 2023-08-31 00:00:00+05:30  4825.10  4843.50  4421.40  4467.75
20 2023-09-30 00:00:00+05:30  4475.00  4634.30  4426.00  4537.15
21 2023-10-31 00:00:00+05:30  4524.80  4623.00  4401.90  4426.50
22 2023-11-30 00:00:00+05:30  4442.60  4875.95  4347.70  4852.65
23 2023-12-31 00:00:00+05:30  4873.00  5386.05  4837.05  5338.45
24 2024-01-31 00:00:00+05:30  5339.00  5375.00  4925.90  5198.40
25 2024-02-29 00:00:00+05:30  5196.05  5239.75  4828.85  4965.20
26 2024-03-31 00:00:00+05:30  4965.20  5014.00  4740.70  4911.25
27 2024-04-30 00:00:00+05:30  4929.95  4960.70  4641.00  4775.95
28 2024-05-31 00:00:00+05:30  4789.95  5302.50  4707.90  5179.80
29 2024-06-30 00:00:00+05:30  5300.00  5725.00  5127.05  5475.55
30 2024-07-31 00:00:00+05:30  5475.05  6005.00  5384.30  5784.45
31 2024-08-31 00:00:00+05:30  5784.45  5924.80  5594.15  5855.25
32 2024-09-30 00:00:00+05:30  5882.05  6362.90  5827.10  6338.15
33 2024-10-31 00:00:00+05:30  6306.90  6469.90  5601.60  5726.90
34 2024-11-30 00:00:00+05:30  5768.55  5902.15  4746.90  4941.15
35 2024-12-31 00:00:00+05:30  4930.50  4973.90  4663.80  4762.75
36 2025-01-31 00:00:00+05:30  4752.20  5216.25  4723.10  5129.65"
NSE:HINDUNILVR-EQ,2024-06-30 00:00:00+05:30,2344.4621199999997,2136.58,2760.226359999999,42.65370685537031,100000.0,29.999999999999996,207.88211999999976,4,Win,2757.466133639999,2024-07-31 00:00:00+05:30,35.284845638367564,17550.867282253526,17.550867282253527,1.7550867282253528,1,29,"                       Month     Open     High      Low    Close
0  2022-01-31 00:00:00+05:30  2339.17  2385.40  2204.31  2236.62
1  2022-02-28 00:00:00+05:30  2265.69  2294.90  2085.38  2136.63
2  2022-03-31 00:00:00+05:30  2094.19  2132.55  1870.50  2015.20
3  2022-04-30 00:00:00+05:30  2021.35  2252.61  2005.12  2198.36
4  2022-05-31 00:00:00+05:30  2183.75  2349.01  2071.81  2314.82
5  2022-06-30 00:00:00+05:30  2331.30  2374.39  2065.71  2194.18
6  2022-07-31 00:00:00+05:30  2189.65  2610.66  2167.62  2594.33
7  2022-08-31 00:00:00+05:30  2594.43  2670.67  2508.36  2616.42
8  2022-09-30 00:00:00+05:30  2606.73  2684.44  2467.10  2652.42
9  2022-10-31 00:00:00+05:30  2678.54  2689.36  2447.37  2509.05
10 2022-11-30 00:00:00+05:30  2527.05  2653.94  2388.45  2640.52
11 2022-12-31 00:00:00+05:30  2636.24  2696.83  2497.93  2519.23
12 2023-01-31 00:00:00+05:30  2531.87  2649.52  2485.79  2534.67
13 2023-02-28 00:00:00+05:30  2557.74  2614.06  2395.88  2420.47
14 2023-03-31 00:00:00+05:30  2417.86  2526.51  2353.92  2518.54
15 2023-04-30 00:00:00+05:30  2528.03  2546.28  2379.50  2417.17
16 2023-05-31 00:00:00+05:30  2431.44  2636.24  2409.99  2623.99
17 2023-06-30 00:00:00+05:30  2623.45  2693.49  2577.32  2634.42
18 2023-07-31 00:00:00+05:30  2643.12  2724.42  2511.31  2518.98
19 2023-08-31 00:00:00+05:30  2528.03  2549.43  2447.47  2464.15
20 2023-09-30 00:00:00+05:30  2464.15  2507.38  2403.01  2425.34
21 2023-10-31 00:00:00+05:30  2449.34  2539.84  2415.55  2443.44
22 2023-11-30 00:00:00+05:30  2444.42  2512.79  2423.08  2503.98
23 2023-12-31 00:00:00+05:30  2505.90  2623.55  2456.23  2620.45
24 2024-01-31 00:00:00+05:30  2620.35  2625.81  2326.82  2441.03
25 2024-02-29 00:00:00+05:30  2434.68  2470.54  2308.43  2372.91
26 2024-03-31 00:00:00+05:30  2377.48  2398.98  2195.55  2227.38
27 2024-04-30 00:00:00+05:30  2232.93  2260.48  2136.58  2194.03
28 2024-05-31 00:00:00+05:30  2169.04  2369.66  2168.01  2291.02
29 2024-06-30 00:00:00+05:30  2342.12  2679.47  2303.86  2432.67
30 2024-07-31 00:00:00+05:30  2420.86  2765.39  2410.09  2661.47
31 2024-08-31 00:00:00+05:30  2669.68  2788.66  2622.66  2732.64
32 2024-09-30 00:00:00+05:30  2748.38  2985.44  2726.39  2909.99
33 2024-10-31 00:00:00+05:30  2914.32  2914.32  2412.55  2486.97
34 2024-11-30 00:00:00+05:30  2502.41  2505.41  2336.96  2455.39
35 2024-12-31 00:00:00+05:30  2444.42  2473.93  2277.44  2288.86
36 2025-01-31 00:00:00+05:30  2287.04  2438.52  2217.05  2428.49"
NSE:DRREDDY-EQ,2024-07-31 00:00:00+05:30,1287.2859999999998,1141.8,1578.2579999999996,77.68281485233275,100000.0,29.999999999999996,145.48599999999988,3,Time Exit,1272.9258,2024-10-31 00:00:00+05:30,29.665337772647263,-1175.2060956150965,-1.1752060956150965,-0.11752060956150966,3,30,"                       Month     Open     High      Low    Close
0  2022-01-31 00:00:00+05:30   981.40   986.06   835.09   860.56
1  2022-02-28 00:00:00+05:30   864.00   887.39   809.99   812.68
2  2022-03-31 00:00:00+05:30   812.27   877.50   730.80   859.09
3  2022-04-30 00:00:00+05:30   859.00   895.53   812.20   826.39
4  2022-05-31 00:00:00+05:30   824.43   885.35   757.97   873.93
5  2022-06-30 00:00:00+05:30   870.00   883.00   813.21   878.76
6  2022-07-31 00:00:00+05:30   877.00   922.76   811.12   818.07
7  2022-08-31 00:00:00+05:30   827.96   865.98   808.00   849.01
8  2022-09-30 00:00:00+05:30   843.20   881.40   799.40   867.14
9  2022-10-31 00:00:00+05:30   863.00   925.00   843.01   886.74
10 2022-11-30 00:00:00+05:30   887.05   929.00   863.00   897.43
11 2022-12-31 00:00:00+05:30   901.92   906.40   840.20   847.51
12 2023-01-31 00:00:00+05:30   851.75   878.99   835.02   864.83
13 2023-02-28 00:00:00+05:30   868.20   912.80   857.00   863.32
14 2023-03-31 00:00:00+05:30   863.29   931.30   859.40   924.55
15 2023-04-30 00:00:00+05:30   929.79   988.00   919.62   985.97
16 2023-05-31 00:00:00+05:30   980.68   997.80   876.81   900.21
17 2023-06-30 00:00:00+05:30   901.97  1034.99   900.21  1031.92
18 2023-07-31 00:00:00+05:30  1031.92  1132.08  1015.25  1128.09
19 2023-08-31 00:00:00+05:30  1127.97  1197.94  1118.00  1121.57
20 2023-09-30 00:00:00+05:30  1126.00  1168.57  1082.20  1117.40
21 2023-10-31 00:00:00+05:30  1117.38  1138.95  1041.11  1073.51
22 2023-11-30 00:00:00+05:30  1077.00  1160.00  1049.42  1157.63
23 2023-12-31 00:00:00+05:30  1160.00  1178.16  1074.00  1159.58
24 2024-01-31 00:00:00+05:30  1160.00  1227.50  1104.13  1224.23
25 2024-02-29 00:00:00+05:30  1217.89  1301.18  1190.02  1284.85
26 2024-03-31 00:00:00+05:30  1289.80  1294.60  1204.64  1231.58
27 2024-04-30 00:00:00+05:30  1243.00  1265.00  1176.16  1240.86
28 2024-05-31 00:00:00+05:30  1239.05  1283.98  1141.80  1158.37
29 2024-06-30 00:00:00+05:30  1187.58  1284.00  1120.00  1280.47
30 2024-07-31 00:00:00+05:30  1286.00  1393.20  1256.85  1350.10
31 2024-08-31 00:00:00+05:30  1359.10  1421.49  1351.63  1406.27
32 2024-09-30 00:00:00+05:30  1409.94  1414.99  1296.50  1350.32
33 2024-10-31 00:00:00+05:30  1350.32  1359.00  1228.80  1274.20
34 2024-11-30 00:00:00+05:30  1280.00  1321.90  1170.20  1202.30
35 2024-12-31 00:00:00+05:30  1214.25  1398.25  1202.30  1388.50
36 2025-01-31 00:00:00+05:30  1388.45  1405.90  1164.65  1217.35"
NSE:HCLTECH-EQ,2024-07-31 00:00:00+05:30,1466.465,1301.65,1796.0949999999996,68.19119447105795,100000.0,29.999999999999996,164.81499999999983,3,Win,1794.2989049999996,2024-09-30 00:00:00+05:30,36.70661567101839,22288.678954390303,22.288678954390303,2.22886789543903,2,30,"                       Month     Open     High      Low    Close
0  2022-01-31 00:00:00+05:30  1316.35  1359.40  1070.20  1099.40
1  2022-02-28 00:00:00+05:30  1116.70  1191.90  1092.00  1126.95
2  2022-03-31 00:00:00+05:30  1124.65  1215.00  1109.00  1163.75
3  2022-04-30 00:00:00+05:30  1161.00  1203.00  1058.75  1079.25
4  2022-05-31 00:00:00+05:30  1073.00  1097.35   963.00  1040.75
5  2022-06-30 00:00:00+05:30  1040.75  1069.65   944.05   973.25
6  2022-07-31 00:00:00+05:30   964.50  1002.65   877.35   948.40
7  2022-08-31 00:00:00+05:30   954.00   987.05   900.10   938.95
8  2022-09-30 00:00:00+05:30   917.30   963.50   882.00   932.35
9  2022-10-31 00:00:00+05:30   932.35  1052.50   916.00  1041.15
10 2022-11-30 00:00:00+05:30  1049.00  1138.75  1033.10  1120.80
11 2022-12-31 00:00:00+05:30  1130.00  1150.65  1011.50  1039.30
12 2023-01-31 00:00:00+05:30  1039.10  1143.70  1025.25  1122.20
13 2023-02-28 00:00:00+05:30  1137.00  1156.65  1068.10  1077.60
14 2023-03-31 00:00:00+05:30  1077.35  1148.00  1039.35  1085.25
15 2023-04-30 00:00:00+05:30  1089.95  1113.00  1016.25  1064.10
16 2023-05-31 00:00:00+05:30  1064.10  1153.35  1048.30  1145.10
17 2023-06-30 00:00:00+05:30  1148.00  1194.00  1105.95  1187.95
18 2023-07-31 00:00:00+05:30  1190.00  1202.60  1087.05  1116.70
19 2023-08-31 00:00:00+05:30  1120.00  1195.00  1111.90  1172.15
20 2023-09-30 00:00:00+05:30  1173.00  1311.30  1171.10  1234.80
21 2023-10-31 00:00:00+05:30  1232.50  1281.50  1208.55  1276.00
22 2023-11-30 00:00:00+05:30  1280.00  1346.80  1250.65  1340.90
23 2023-12-31 00:00:00+05:30  1346.00  1509.90  1308.30  1466.10
24 2024-01-31 00:00:00+05:30  1460.00  1619.60  1417.15  1576.00
25 2024-02-29 00:00:00+05:30  1576.00  1697.35  1551.45  1663.85
26 2024-03-31 00:00:00+05:30  1675.45  1683.00  1508.20  1543.55
27 2024-04-30 00:00:00+05:30  1549.00  1569.00  1362.45  1366.60
28 2024-05-31 00:00:00+05:30  1358.00  1377.90  1301.65  1324.10
29 2024-06-30 00:00:00+05:30  1350.55  1481.95  1235.00  1459.60
30 2024-07-31 00:00:00+05:30  1465.00  1645.00  1455.00  1642.60
31 2024-08-31 00:00:00+05:30  1640.05  1766.30  1537.00  1753.25
32 2024-09-30 00:00:00+05:30  1764.20  1828.55  1721.40  1796.10
33 2024-10-31 00:00:00+05:30  1790.00  1888.50  1743.00  1766.05
34 2024-11-30 00:00:00+05:30  1777.00  1919.95  1745.00  1848.05
35 2024-12-31 00:00:00+05:30  1848.05  1980.00  1835.45  1917.40
36 2025-01-31 00:00:00+05:30  1917.40  2012.20  1691.00  1725.45"
NSE:INFY-EQ,2024-07-31 00:00:00+05:30,1561.0594999999998,1378.75,1925.6784999999995,64.05905732613012,100000.0,29.999999999999996,182.30949999999984,3,Win,1923.7528214999995,2024-08-31 00:00:00+05:30,36.970137682131906,23166.822136090894,23.166822136090897,2.316682213609089,1,30,"                       Month     Open     High      Low    Close
0  2022-01-31 00:00:00+05:30  1887.75  1953.90  1665.00  1736.20
1  2022-02-28 00:00:00+05:30  1766.10  1792.80  1665.00  1715.60
2  2022-03-31 00:00:00+05:30  1710.00  1923.30  1681.00  1906.85
3  2022-04-30 00:00:00+05:30  1886.85  1910.30  1550.00  1567.55
4  2022-05-31 00:00:00+05:30  1550.90  1589.40  1399.25  1503.60
5  2022-06-30 00:00:00+05:30  1513.00  1555.00  1367.15  1461.90
6  2022-07-31 00:00:00+05:30  1454.00  1555.70  1410.65  1549.70
7  2022-08-31 00:00:00+05:30  1564.00  1631.35  1450.00  1492.95
8  2022-09-30 00:00:00+05:30  1460.05  1553.00  1355.00  1413.45
9  2022-10-31 00:00:00+05:30  1412.00  1546.40  1386.00  1537.65
10 2022-11-30 00:00:00+05:30  1553.05  1653.50  1485.00  1634.95
11 2022-12-31 00:00:00+05:30  1656.20  1672.60  1482.45  1508.20
12 2023-01-31 00:00:00+05:30  1514.00  1568.80  1446.50  1533.75
13 2023-02-28 00:00:00+05:30  1542.20  1619.75  1481.30  1487.55
14 2023-03-31 00:00:00+05:30  1492.40  1520.40  1364.55  1427.95
15 2023-04-30 00:00:00+05:30  1435.00  1435.00  1185.30  1252.75
16 2023-05-31 00:00:00+05:30  1254.55  1332.70  1239.05  1318.30
17 2023-06-30 00:00:00+05:30  1322.55  1338.90  1262.25  1335.50
18 2023-07-31 00:00:00+05:30  1330.00  1498.80  1305.00  1355.70
19 2023-08-31 00:00:00+05:30  1362.00  1444.90  1348.45  1435.45
20 2023-09-30 00:00:00+05:30  1430.95  1518.40  1416.00  1435.45
21 2023-10-31 00:00:00+05:30  1436.05  1518.25  1353.10  1368.40
22 2023-11-30 00:00:00+05:30  1373.05  1467.90  1351.65  1455.15
23 2023-12-31 00:00:00+05:30  1459.90  1593.00  1433.15  1542.90
24 2024-01-31 00:00:00+05:30  1539.00  1690.00  1486.60  1660.90
25 2024-02-29 00:00:00+05:30  1659.55  1733.00  1635.50  1673.90
26 2024-03-31 00:00:00+05:30  1669.00  1671.95  1481.55  1498.05
27 2024-04-30 00:00:00+05:30  1525.00  1529.95  1378.75  1420.55
28 2024-05-31 00:00:00+05:30  1413.00  1479.60  1400.00  1406.90
29 2024-06-30 00:00:00+05:30  1440.00  1588.50  1358.35  1566.75
30 2024-07-31 00:00:00+05:30  1559.50  1903.00  1559.50  1868.25
31 2024-08-31 00:00:00+05:30  1856.10  1951.00  1718.55  1943.70
32 2024-09-30 00:00:00+05:30  1943.35  1975.75  1867.40  1875.60
33 2024-10-31 00:00:00+05:30  1875.00  1991.45  1746.50  1757.25
34 2024-11-30 00:00:00+05:30  1764.50  1941.40  1718.00  1857.85
35 2024-12-31 00:00:00+05:30  1859.00  2006.45  1835.20  1880.00
36 2025-01-31 00:00:00+05:30  1874.00  1982.80  1793.05  1879.80"
NSE:LTIM-EQ,2024-07-31 00:00:00+05:30,5377.82245,4565.5,7002.467349999999,18.59488685796981,100000.0,29.999999999999996,812.3224499999997,5,Time Exit,5705.13915,2024-10-31 00:00:00+05:30,31.82592510096722,6024.591078123098,6.024591078123097,0.6024591078123097,3,30,"                       Month     Open     High      Low    Close
0  2022-01-31 00:00:00+05:30  7338.00  7588.80  5722.00  6270.35
1  2022-02-28 00:00:00+05:30  6390.00  6432.30  5580.00  5849.80
2  2022-03-31 00:00:00+05:30  5850.00  6524.80  5755.20  6155.40
3  2022-04-30 00:00:00+05:30  6148.95  6430.00  4713.10  4839.05
4  2022-05-31 00:00:00+05:30  4800.00  4823.95  3733.30  4253.70
5  2022-06-30 00:00:00+05:30  4274.85  4455.00  3900.00  3975.45
6  2022-07-31 00:00:00+05:30  3945.00  4835.00  3833.15  4730.75
7  2022-08-31 00:00:00+05:30  4760.00  5046.00  4400.00  4641.70
8  2022-09-30 00:00:00+05:30  4570.00  4850.00  4261.35  4457.85
9  2022-10-31 00:00:00+05:30  4457.00  4820.00  4378.00  4739.85
10 2022-11-30 00:00:00+05:30  4735.05  5360.00  4693.00  4838.55
11 2022-12-31 00:00:00+05:30  4911.00  5125.00  4225.00  4365.40
12 2023-01-31 00:00:00+05:30  4365.40  4544.95  4121.00  4368.55
13 2023-02-28 00:00:00+05:30  4393.00  4975.05  4331.05  4722.05
14 2023-03-31 00:00:00+05:30  4722.05  4845.00  4480.00  4759.65
15 2023-04-30 00:00:00+05:30  4760.00  4848.00  4132.20  4419.45
16 2023-05-31 00:00:00+05:30  4430.95  5054.70  4424.05  4998.40
17 2023-06-30 00:00:00+05:30  5018.75  5230.00  4776.10  5197.20
18 2023-07-31 00:00:00+05:30  5226.00  5430.00  4776.20  4891.65
19 2023-08-31 00:00:00+05:30  4929.00  5253.40  4831.05  5193.40
20 2023-09-30 00:00:00+05:30  5224.80  5593.40  5128.00  5209.85
21 2023-10-31 00:00:00+05:30  5195.00  5513.00  5037.65  5060.40
22 2023-11-30 00:00:00+05:30  5065.00  5637.65  4989.05  5536.70
23 2023-12-31 00:00:00+05:30  5600.00  6356.00  5454.00  6294.95
24 2024-01-31 00:00:00+05:30  6308.80  6442.00  5310.30  5448.55
25 2024-02-29 00:00:00+05:30  5430.00  5594.95  5267.00  5300.85
26 2024-03-31 00:00:00+05:30  5315.00  5348.45  4908.05  4938.40
27 2024-04-30 00:00:00+05:30  4955.00  4979.75  4591.50  4706.40
28 2024-05-31 00:00:00+05:30  4714.95  4933.45  4565.50  4701.90
29 2024-06-30 00:00:00+05:30  4825.00  5450.00  4513.55  5385.05
30 2024-07-31 00:00:00+05:30  5372.45  5879.15  5320.35  5658.15
31 2024-08-31 00:00:00+05:30  5689.00  6198.90  5257.05  6156.05
32 2024-09-30 00:00:00+05:30  6102.00  6574.95  5989.75  6244.35
33 2024-10-31 00:00:00+05:30  6244.35  6551.70  5621.20  5710.85
34 2024-11-30 00:00:00+05:30  5702.00  6301.55  5572.65  6172.40
35 2024-12-31 00:00:00+05:30  6172.40  6767.95  5510.00  5585.90
36 2025-01-31 00:00:00+05:30  5625.55  6157.95  5602.75  5914.15"
NSE:SBILIFE-EQ,2024-07-31 00:00:00+05:30,1493.44195,1371.0,1738.3258499999997,66.95941546305164,100000.0,29.999999999999996,122.4419499999999,3,Win,1736.5875241499998,2024-08-31 00:00:00+05:30,34.88426565525362,16216.001251856816,16.216001251856817,1.6216001251856818,1,30,"                       Month     Open     High      Low    Close
0  2022-01-31 00:00:00+05:30  1196.00  1293.25  1196.00  1233.25
1  2022-02-28 00:00:00+05:30  1250.00  1250.00  1016.85  1060.15
2  2022-03-31 00:00:00+05:30  1060.00  1140.00  1003.50  1121.45
3  2022-04-30 00:00:00+05:30  1119.00  1184.95  1061.20  1105.50
4  2022-05-31 00:00:00+05:30  1088.95  1180.90  1033.20  1174.15
5  2022-06-30 00:00:00+05:30  1162.00  1176.00  1051.55  1081.60
6  2022-07-31 00:00:00+05:30  1085.45  1304.70  1075.00  1294.40
7  2022-08-31 00:00:00+05:30  1300.00  1334.70  1251.25  1329.10
8  2022-09-30 00:00:00+05:30  1291.10  1340.35  1215.00  1250.45
9  2022-10-31 00:00:00+05:30  1255.60  1279.95  1167.60  1265.95
10 2022-11-30 00:00:00+05:30  1265.95  1290.00  1205.50  1282.90
11 2022-12-31 00:00:00+05:30  1290.00  1313.50  1205.00  1231.30
12 2023-01-31 00:00:00+05:30  1230.00  1330.00  1212.55  1219.55
13 2023-02-28 00:00:00+05:30  1219.55  1228.75  1068.85  1121.00
14 2023-03-31 00:00:00+05:30  1126.65  1145.95  1054.00  1101.10
15 2023-04-30 00:00:00+05:30  1100.00  1153.30  1090.60  1140.10
16 2023-05-31 00:00:00+05:30  1147.00  1239.65  1134.30  1235.00
17 2023-06-30 00:00:00+05:30  1241.50  1315.45  1199.25  1306.90
18 2023-07-31 00:00:00+05:30  1307.95  1336.00  1270.00  1282.15
19 2023-08-31 00:00:00+05:30  1285.00  1374.00  1251.65  1292.55
20 2023-09-30 00:00:00+05:30  1297.95  1393.00  1277.95  1305.40
21 2023-10-31 00:00:00+05:30  1302.15  1375.40  1264.35  1367.85
22 2023-11-30 00:00:00+05:30  1371.05  1444.20  1320.40  1435.25
23 2023-12-31 00:00:00+05:30  1438.05  1491.90  1379.95  1432.60
24 2024-01-31 00:00:00+05:30  1435.85  1495.35  1357.15  1401.15
25 2024-02-29 00:00:00+05:30  1407.30  1569.00  1398.50  1552.55
26 2024-03-31 00:00:00+05:30  1564.90  1569.40  1450.00  1500.25
27 2024-04-30 00:00:00+05:30  1498.00  1528.00  1411.20  1436.55
28 2024-05-31 00:00:00+05:30  1416.35  1472.70  1371.00  1386.40
29 2024-06-30 00:00:00+05:30  1435.30  1498.80  1307.70  1491.95
30 2024-07-31 00:00:00+05:30  1491.95  1777.70  1468.10  1753.65
31 2024-08-31 00:00:00+05:30  1791.10  1869.80  1666.00  1850.30
32 2024-09-30 00:00:00+05:30  1850.30  1936.00  1808.45  1844.00
33 2024-10-31 00:00:00+05:30  1840.20  1859.30  1593.60  1622.15
34 2024-11-30 00:00:00+05:30  1639.40  1642.00  1396.65  1437.75
35 2024-12-31 00:00:00+05:30  1428.40  1484.40  1377.50  1390.40
36 2025-01-31 00:00:00+05:30  1392.20  1555.00  1384.95  1483.60"
NSE:TCS-EQ,2024-07-31 00:00:00+05:30,3887.8839999999996,3653.75,4356.151999999998,25.720932003115323,100000.0,29.999999999999996,234.13399999999956,3,Win,4351.795847999998,2024-08-31 00:00:00+05:30,33.57967352935425,11868.665424318171,11.868665424318172,1.1868665424318172,1,30,"                       Month     Open     High      Low    Close
0  2022-01-31 00:00:00+05:30  3750.00  4043.00  3625.10  3736.25
1  2022-02-28 00:00:00+05:30  3770.00  3882.50  3391.10  3554.20
2  2022-03-31 00:00:00+05:30  3552.50  3779.50  3431.55  3739.95
3  2022-04-30 00:00:00+05:30  3748.00  3835.60  3439.15  3546.70
4  2022-05-31 00:00:00+05:30  3519.90  3547.95  3154.05  3364.35
5  2022-06-30 00:00:00+05:30  3388.00  3477.30  3023.85  3267.10
6  2022-07-31 00:00:00+05:30  3260.00  3333.00  2953.00  3301.90
7  2022-08-31 00:00:00+05:30  3327.00  3428.70  3081.00  3211.15
8  2022-09-30 00:00:00+05:30  3190.00  3269.80  2926.10  3004.55
9  2022-10-31 00:00:00+05:30  2995.00  3199.00  2974.00  3193.15
10 2022-11-30 00:00:00+05:30  3214.50  3429.00  3166.15  3390.80
11 2022-12-31 00:00:00+05:30  3425.00  3480.00  3163.65  3256.70
12 2023-01-31 00:00:00+05:30  3261.00  3458.45  3200.00  3358.70
13 2023-02-28 00:00:00+05:30  3363.00  3575.00  3299.90  3312.85
14 2023-03-31 00:00:00+05:30  3323.00  3404.95  3095.05  3205.90
15 2023-04-30 00:00:00+05:30  3224.95  3272.95  3070.25  3219.25
16 2023-05-31 00:00:00+05:30  3235.00  3372.00  3173.15  3289.50
17 2023-06-30 00:00:00+05:30  3314.00  3340.00  3156.00  3302.25
18 2023-07-31 00:00:00+05:30  3314.30  3549.90  3250.10  3421.45
19 2023-08-31 00:00:00+05:30  3415.00  3489.95  3343.65  3356.80
20 2023-09-30 00:00:00+05:30  3366.00  3633.75  3356.80  3528.60
21 2023-10-31 00:00:00+05:30  3534.20  3679.00  3330.00  3368.75
22 2023-11-30 00:00:00+05:30  3355.00  3544.00  3311.00  3487.60
23 2023-12-31 00:00:00+05:30  3500.00  3929.00  3490.05  3793.40
24 2024-01-31 00:00:00+05:30  3790.00  3965.00  3651.00  3815.95
25 2024-02-29 00:00:00+05:30  3820.00  4184.75  3805.05  4095.10
26 2024-03-31 00:00:00+05:30  4107.20  4254.75  3829.40  3876.30
27 2024-04-30 00:00:00+05:30  3897.70  4064.20  3800.90  3820.65
28 2024-05-31 00:00:00+05:30  3778.05  3988.00  3653.75  3670.95
29 2024-06-30 00:00:00+05:30  3732.80  3960.00  3591.50  3904.15
30 2024-07-31 00:00:00+05:30  3884.00  4431.00  3884.00  4385.35
31 2024-08-31 00:00:00+05:30  4399.40  4592.25  4110.50  4553.75
32 2024-09-30 00:00:00+05:30  4576.00  4588.00  4227.50  4268.50
33 2024-10-31 00:00:00+05:30  4255.55  4298.00  3960.00  3968.45
34 2024-11-30 00:00:00+05:30  3989.85  4377.40  3913.25  4270.85
35 2024-12-31 00:00:00+05:30  4270.00  4494.90  4032.05  4094.80
36 2025-01-31 00:00:00+05:30  4094.40  4322.95  4011.55  4112.40"
NSE:ADANIENT-EQ,2024-10-31 00:00:00+05:30,3043.6405999999997,2650.52,3829.881799999999,32.855390350621555,100000.0,29.999999999999996,393.12059999999974,3,Loss,2647.86948,2024-11-30 00:00:00+05:30,26.09903560886919,-13059.31367271156,-13.059313672711559,-1.3059313672711559,1,33,"                       Month     Open     High      Low    Close
0  2022-01-31 00:00:00+05:30  1660.73  1850.26  1604.01  1662.62
1  2022-02-28 00:00:00+05:30  1675.22  1753.80  1482.15  1594.27
2  2022-03-31 00:00:00+05:30  1588.02  1979.69  1492.33  1953.27
3  2022-04-30 00:00:00+05:30  1956.42  2347.07  1951.62  2260.84
4  2022-05-31 00:00:00+05:30  2254.05  2290.80  1848.03  2101.41
5  2022-06-30 00:00:00+05:30  2103.73  2204.61  1963.21  2124.04
6  2022-07-31 00:00:00+05:30  2123.08  2541.99  2073.00  2490.80
7  2022-08-31 00:00:00+05:30  2497.25  3163.53  2490.80  3096.87
8  2022-09-30 00:00:00+05:30  3102.35  3766.45  3087.23  3350.30
9  2022-10-31 00:00:00+05:30  3335.03  3354.47  3015.29  3245.30
10 2022-11-30 00:00:00+05:30  3259.31  3971.01  3249.71  3798.35
11 2022-12-31 00:00:00+05:30  3817.35  4062.14  3506.43  3740.61
12 2023-01-31 00:00:00+05:30  3751.91  3761.60  2583.68  2883.15
13 2023-02-28 00:00:00+05:30  2903.61  2918.88   986.40  1322.23
14 2023-03-31 00:00:00+05:30  1380.55  2069.85  1364.94  1697.04
15 2023-04-30 00:00:00+05:30  1697.04  1884.68  1620.54  1866.21
16 2023-05-31 00:00:00+05:30  1875.95  2675.25  1730.87  2417.27
17 2023-06-30 00:00:00+05:30  2423.62  2481.88  2097.29  2315.18
18 2023-07-31 00:00:00+05:30  2331.61  2441.16  2268.59  2416.15
19 2023-08-31 00:00:00+05:30  2428.41  2639.33  2311.01  2345.43
20 2023-09-30 00:00:00+05:30  2308.34  2549.99  2307.37  2340.24
21 2023-10-31 00:00:00+05:30  2344.21  2460.55  2100.92  2224.63
22 2023-11-30 00:00:00+05:30  2228.85  2435.73  2076.64  2286.58
23 2023-12-31 00:00:00+05:30  2297.68  3058.29  2282.26  2762.01
24 2024-01-31 00:00:00+05:30  2765.26  3101.38  2718.82  3046.12
25 2024-02-29 00:00:00+05:30  3060.57  3241.96  2988.97  3185.15
26 2024-03-31 00:00:00+05:30  3208.85  3247.77  2763.18  3099.54
27 2024-04-30 00:00:00+05:30  3131.63  3191.35  2872.10  2961.49
28 2024-05-31 00:00:00+05:30  2978.21  3352.33  2671.90  3307.25
29 2024-06-30 00:00:00+05:30  3611.33  3629.65  2650.52  3080.20
30 2024-07-31 00:00:00+05:30  3082.91  3109.91  2798.27  3072.69
31 2024-08-31 00:00:00+05:30  3082.96  3158.58  2890.33  2927.21
32 2024-09-30 00:00:00+05:30  2928.91  3111.95  2802.15  3040.16
33 2024-10-31 00:00:00+05:30  3040.60  3113.02  2573.69  2857.31
34 2024-11-30 00:00:00+05:30  2869.68  2976.32  1963.21  2387.99
35 2024-12-31 00:00:00+05:30  2415.33  2530.36  2261.57  2451.49
36 2025-01-31 00:00:00+05:30  2458.61  2563.51  2134.13  2217.99"
NSE:INDUSINDBK-EQ,2024-10-31 00:00:00+05:30,1451.4499999999998,1329.2,1695.9499999999994,68.89662062075855,100000.0,29.999999999999996,122.24999999999977,5,Loss,1327.8708000000001,2024-11-30 00:00:00+05:30,27.44574322229495,-8571.635002239123,-8.571635002239123,-0.8571635002239123,1,33,"                       Month     Open     High      Low    Close
0  2022-01-31 00:00:00+05:30   888.20   950.00   831.55   872.10
1  2022-02-28 00:00:00+05:30   879.00   990.00   868.85   920.70
2  2022-03-31 00:00:00+05:30   907.00   949.50   816.00   935.40
3  2022-04-30 00:00:00+05:30   929.45  1009.50   929.15   978.55
4  2022-05-31 00:00:00+05:30   972.00  1029.00   856.00   930.85
5  2022-06-30 00:00:00+05:30   930.85   953.80   763.20   794.35
6  2022-07-31 00:00:00+05:30   793.00  1049.95   783.00  1043.50
7  2022-08-31 00:00:00+05:30  1040.00  1119.75  1024.55  1107.45
8  2022-09-30 00:00:00+05:30  1097.65  1275.80  1086.00  1185.20
9  2022-10-31 00:00:00+05:30  1178.00  1234.95  1121.80  1142.65
10 2022-11-30 00:00:00+05:30  1146.50  1205.45  1117.00  1167.80
11 2022-12-31 00:00:00+05:30  1175.00  1273.55  1141.00  1220.10
12 2023-01-31 00:00:00+05:30  1220.10  1273.40  1055.00  1082.95
13 2023-02-28 00:00:00+05:30  1094.00  1170.00   990.00  1077.70
14 2023-03-31 00:00:00+05:30  1077.05  1182.65   990.20  1067.95
15 2023-04-30 00:00:00+05:30  1073.00  1157.55  1007.95  1152.80
16 2023-05-31 00:00:00+05:30  1158.95  1297.40  1065.35  1286.60
17 2023-06-30 00:00:00+05:30  1280.00  1382.25  1251.50  1374.65
18 2023-07-31 00:00:00+05:30  1379.95  1446.00  1345.15  1417.75
19 2023-08-31 00:00:00+05:30  1420.75  1435.00  1354.05  1378.15
20 2023-09-30 00:00:00+05:30  1382.00  1475.65  1376.20  1428.85
21 2023-10-31 00:00:00+05:30  1432.00  1471.80  1386.20  1441.30
22 2023-11-30 00:00:00+05:30  1443.90  1538.50  1427.15  1466.10
23 2023-12-31 00:00:00+05:30  1479.00  1618.90  1458.15  1598.95
24 2024-01-31 00:00:00+05:30  1598.95  1694.50  1428.05  1534.05
25 2024-02-29 00:00:00+05:30  1537.75  1564.85  1430.65  1474.90
26 2024-03-31 00:00:00+05:30  1480.00  1571.50  1422.70  1553.00
27 2024-04-30 00:00:00+05:30  1553.00  1576.35  1443.30  1515.70
28 2024-05-31 00:00:00+05:30  1508.00  1521.30  1377.25  1461.85
29 2024-06-30 00:00:00+05:30  1514.95  1550.00  1363.55  1464.50
30 2024-07-31 00:00:00+05:30  1468.95  1469.00  1359.05  1427.80
31 2024-08-31 00:00:00+05:30  1432.00  1440.00  1329.20  1425.25
32 2024-09-30 00:00:00+05:30  1425.25  1498.00  1400.10  1447.60
33 2024-10-31 00:00:00+05:30  1450.00  1450.30  1018.10  1055.60
34 2024-11-30 00:00:00+05:30  1061.45  1098.60   966.40   995.85
35 2024-12-31 00:00:00+05:30   990.05  1011.50   926.45   960.15
36 2025-01-31 00:00:00+05:30   958.60  1025.40   923.70   991.20"
NSE:LT-EQ,2024-12-31 00:00:00+05:30,3710.5568499999995,3262.55,4606.570549999999,26.95013283518349,100000.0,29.999999999999996,448.0068499999993,3,Open (EOD),,,0.0,0.0,0.0,0.0,0,35,"                       Month     Open     High      Low    Close
0  2022-01-31 00:00:00+05:30  1895.00  2078.55  1850.10  1909.20
1  2022-02-28 00:00:00+05:30  1928.65  2008.00  1751.00  1816.75
2  2022-03-31 00:00:00+05:30  1800.00  1826.95  1595.00  1767.65
3  2022-04-30 00:00:00+05:30  1759.00  1858.00  1652.00  1694.35
4  2022-05-31 00:00:00+05:30  1668.60  1685.95  1502.00  1654.50
5  2022-06-30 00:00:00+05:30  1653.55  1673.70  1456.35  1558.25
6  2022-07-31 00:00:00+05:30  1560.95  1832.50  1534.60  1808.05
7  2022-08-31 00:00:00+05:30  1808.00  1944.00  1773.00  1922.50
8  2022-09-30 00:00:00+05:30  1905.00  1995.00  1797.40  1847.70
9  2022-10-31 00:00:00+05:30  1852.00  2034.65  1814.00  2023.10
10 2022-11-30 00:00:00+05:30  2032.00  2095.80  1970.20  2074.85
11 2022-12-31 00:00:00+05:30  2085.25  2211.60  2050.10  2085.80
12 2023-01-31 00:00:00+05:30  2092.90  2297.65  2058.00  2124.40
13 2023-02-28 00:00:00+05:30  2133.00  2262.00  2080.30  2109.15
14 2023-03-31 00:00:00+05:30  2100.00  2246.25  2100.00  2164.20
15 2023-04-30 00:00:00+05:30  2180.00  2369.00  2155.00  2364.40
16 2023-05-31 00:00:00+05:30  2373.20  2416.35  2168.50  2205.65
17 2023-06-30 00:00:00+05:30  2217.00  2483.50  2202.15  2475.55
18 2023-07-31 00:00:00+05:30  2478.20  2690.00  2420.00  2681.35
19 2023-08-31 00:00:00+05:30  2681.35  2766.80  2586.30  2702.70
20 2023-09-30 00:00:00+05:30  2710.00  3058.35  2688.30  3023.55
21 2023-10-31 00:00:00+05:30  3040.50  3114.95  2856.15  2929.05
22 2023-11-30 00:00:00+05:30  2947.45  3124.55  2871.05  3109.20
23 2023-12-31 00:00:00+05:30  3129.95  3559.95  3121.05  3526.00
24 2024-01-31 00:00:00+05:30  3538.00  3737.90  3387.05  3479.75
25 2024-02-29 00:00:00+05:30  3480.00  3513.00  3263.05  3477.55
26 2024-03-31 00:00:00+05:30  3501.65  3813.35  3481.00  3763.90
27 2024-04-30 00:00:00+05:30  3780.85  3860.00  3472.40  3594.30
28 2024-05-31 00:00:00+05:30  3590.05  3744.80  3225.20  3669.30
29 2024-06-30 00:00:00+05:30  3855.40  3919.90  3175.05  3548.45
30 2024-07-31 00:00:00+05:30  3535.20  3822.00  3460.00  3815.00
31 2024-08-31 00:00:00+05:30  3810.00  3838.95  3511.50  3704.65
32 2024-09-30 00:00:00+05:30  3706.00  3838.80  3516.40  3675.55
33 2024-10-31 00:00:00+05:30  3667.00  3724.00  3262.55  3622.30
34 2024-11-30 00:00:00+05:30  3624.95  3761.00  3452.45  3724.80
35 2024-12-31 00:00:00+05:30  3706.85  3963.50  3550.00  3607.65
36 2025-01-31 00:00:00+05:30  3600.00  3724.10  3395.00  3567.40"
NSE:ADANIPORTS-EQ,2025-01-31 00:00:00+05:30,1224.223,995.65,1681.369,81.6844643500408,100000.0,29.999999999999996,228.57299999999998,4,Open (EOD),,,0.0,0.0,0.0,0.0,0,36,"                       Month     Open     High      Low    Close
0  2022-01-31 00:00:00+05:30   732.00   795.00   689.00   716.30
1  2022-02-28 00:00:00+05:30   721.00   750.85   651.95   707.50
2  2022-03-31 00:00:00+05:30   702.95   781.00   663.55   774.20
3  2022-04-30 00:00:00+05:30   774.50   924.65   774.50   856.40
4  2022-05-31 00:00:00+05:30   850.00   864.20   668.15   739.85
5  2022-06-30 00:00:00+05:30   739.80   758.50   653.10   672.05
6  2022-07-31 00:00:00+05:30   670.00   775.65   656.00   763.70
7  2022-08-31 00:00:00+05:30   770.00   891.90   765.05   842.15
8  2022-09-30 00:00:00+05:30   841.80   987.85   801.00   820.65
9  2022-10-31 00:00:00+05:30   821.00   835.00   771.65   823.55
10 2022-11-30 00:00:00+05:30   827.70   916.00   823.50   881.00
11 2022-12-31 00:00:00+05:30   884.75   912.00   785.30   818.10
12 2023-01-31 00:00:00+05:30   823.00   826.75   537.00   612.65
13 2023-02-28 00:00:00+05:30   627.00   629.00   395.10   592.45
14 2023-03-31 00:00:00+05:30   598.00   722.75   571.55   631.90
15 2023-04-30 00:00:00+05:30   638.55   683.00   622.15   681.30
16 2023-05-31 00:00:00+05:30   683.80   785.65   656.75   738.85
17 2023-06-30 00:00:00+05:30   730.50   759.90   703.00   739.25
18 2023-07-31 00:00:00+05:30   744.50   780.00   708.00   777.85
19 2023-08-31 00:00:00+05:30   778.95   869.00   751.55   792.20
20 2023-09-30 00:00:00+05:30   780.00   889.50   779.65   825.15
21 2023-10-31 00:00:00+05:30   826.00   845.45   754.50   784.75
22 2023-11-30 00:00:00+05:30   784.75   854.40   767.20   825.50
23 2023-12-31 00:00:00+05:30   839.20  1102.40   825.50  1024.35
24 2024-01-31 00:00:00+05:30  1026.55  1229.90  1023.00  1207.65
25 2024-02-29 00:00:00+05:30  1213.60  1343.00  1200.30  1320.50
26 2024-03-31 00:00:00+05:30  1335.00  1358.70  1188.10  1341.85
27 2024-04-30 00:00:00+05:30  1356.80  1424.95  1270.00  1324.90
28 2024-05-31 00:00:00+05:30  1333.95  1457.05  1240.00  1437.40
29 2024-06-30 00:00:00+05:30  1549.00  1621.40  1160.60  1478.10
30 2024-07-31 00:00:00+05:30  1483.00  1577.90  1419.00  1569.90
31 2024-08-31 00:00:00+05:30  1580.95  1604.95  1452.00  1481.90
32 2024-09-30 00:00:00+05:30  1490.00  1499.50  1394.45  1448.20
33 2024-10-31 00:00:00+05:30  1448.20  1472.85  1303.15  1375.95
34 2024-11-30 00:00:00+05:30  1386.50  1397.95   995.65  1190.05
35 2024-12-31 00:00:00+05:30  1201.90  1309.50  1174.25  1231.10
36 2025-01-31 00:00:00+05:30  1223.00  1237.60  1010.75  1099.35"
NSE:DRREDDY-EQ,2025-01-31 00:00:00+05:30,1389.83845,1170.2,1829.1153499999998,71.95080838352112,100000.0,29.999999999999996,219.63844999999992,3,Open (EOD),,,0.0,0.0,0.0,0.0,0,36,"                       Month     Open     High      Low    Close
0  2022-01-31 00:00:00+05:30   981.40   986.06   835.09   860.56
1  2022-02-28 00:00:00+05:30   864.00   887.39   809.99   812.68
2  2022-03-31 00:00:00+05:30   812.27   877.50   730.80   859.09
3  2022-04-30 00:00:00+05:30   859.00   895.53   812.20   826.39
4  2022-05-31 00:00:00+05:30   824.43   885.35   757.97   873.93
5  2022-06-30 00:00:00+05:30   870.00   883.00   813.21   878.76
6  2022-07-31 00:00:00+05:30   877.00   922.76   811.12   818.07
7  2022-08-31 00:00:00+05:30   827.96   865.98   808.00   849.01
8  2022-09-30 00:00:00+05:30   843.20   881.40   799.40   867.14
9  2022-10-31 00:00:00+05:30   863.00   925.00   843.01   886.74
10 2022-11-30 00:00:00+05:30   887.05   929.00   863.00   897.43
11 2022-12-31 00:00:00+05:30   901.92   906.40   840.20   847.51
12 2023-01-31 00:00:00+05:30   851.75   878.99   835.02   864.83
13 2023-02-28 00:00:00+05:30   868.20   912.80   857.00   863.32
14 2023-03-31 00:00:00+05:30   863.29   931.30   859.40   924.55
15 2023-04-30 00:00:00+05:30   929.79   988.00   919.62   985.97
16 2023-05-31 00:00:00+05:30   980.68   997.80   876.81   900.21
17 2023-06-30 00:00:00+05:30   901.97  1034.99   900.21  1031.92
18 2023-07-31 00:00:00+05:30  1031.92  1132.08  1015.25  1128.09
19 2023-08-31 00:00:00+05:30  1127.97  1197.94  1118.00  1121.57
20 2023-09-30 00:00:00+05:30  1126.00  1168.57  1082.20  1117.40
21 2023-10-31 00:00:00+05:30  1117.38  1138.95  1041.11  1073.51
22 2023-11-30 00:00:00+05:30  1077.00  1160.00  1049.42  1157.63
23 2023-12-31 00:00:00+05:30  1160.00  1178.16  1074.00  1159.58
24 2024-01-31 00:00:00+05:30  1160.00  1227.50  1104.13  1224.23
25 2024-02-29 00:00:00+05:30  1217.89  1301.18  1190.02  1284.85
26 2024-03-31 00:00:00+05:30  1289.80  1294.60  1204.64  1231.58
27 2024-04-30 00:00:00+05:30  1243.00  1265.00  1176.16  1240.86
28 2024-05-31 00:00:00+05:30  1239.05  1283.98  1141.80  1158.37
29 2024-06-30 00:00:00+05:30  1187.58  1284.00  1120.00  1280.47
30 2024-07-31 00:00:00+05:30  1286.00  1393.20  1256.85  1350.10
31 2024-08-31 00:00:00+05:30  1359.10  1421.49  1351.63  1406.27
32 2024-09-30 00:00:00+05:30  1409.94  1414.99  1296.50  1350.32
33 2024-10-31 00:00:00+05:30  1350.32  1359.00  1228.80  1274.20
34 2024-11-30 00:00:00+05:30  1280.00  1321.90  1170.20  1202.30
35 2024-12-31 00:00:00+05:30  1214.25  1398.25  1202.30  1388.50
36 2025-01-31 00:00:00+05:30  1388.45  1405.90  1164.65  1217.35"
