Timestamp2,Open,High,Low,Close,Volume
2026-02-05 09:15:00+05:30,25755.9,25757.65,25689.5,25693.1,1378778
2026-02-05 09:15:05+05:30,25697.25,25697.8,25681.85,25697.8,981881
2026-02-05 09:15:10+05:30,25699.95,25704.75,25697.95,25703.8,650400
2026-02-05 09:15:15+05:30,25705.3,25722.45,25705.3,25715.9,759863
2026-02-05 09:15:20+05:30,25717.6,25721.65,25712.1,25719.25,495658
2026-02-05 09:15:25+05:30,25717.4,25723.5,25717.35,25717.35,562810
2026-02-05 09:15:30+05:30,25721.55,25729.0,25721.05,25722.4,378972
2026-02-05 09:15:35+05:30,25726.05,25731.4,25726.05,25727.85,454785
2026-02-05 09:15:40+05:30,25728.6,25731.85,25724.3,25724.3,593543
2026-02-05 09:15:45+05:30,25721.95,25722.45,25716.25,25718.5,464576
2026-02-05 09:15:50+05:30,25718.3,25720.0,25715.7,25715.8,304471
2026-02-05 09:15:55+05:30,25716.15,25724.75,25715.7,25723.5,346635
2026-02-05 09:16:00+05:30,25722.85,25722.95,25718.55,25722.85,369030
2026-02-05 09:16:05+05:30,25722.75,25735.55,25722.75,25729.3,414567
2026-02-05 09:16:10+05:30,25728.65,25730.9,25725.85,25726.7,248224
2026-02-05 09:16:15+05:30,25727.8,25730.3,25722.85,25722.85,365964
2026-02-05 09:16:20+05:30,25723.5,25725.45,25721.5,25721.5,247043
2026-02-05 09:16:25+05:30,25720.85,25725.65,25720.85,25723.85,239909
2026-02-05 09:16:30+05:30,25723.05,25727.7,25722.3,25726.35,331695
2026-02-05 09:16:35+05:30,25725.15,25725.15,25721.45,25722.45,265296
2026-02-05 09:16:40+05:30,25723.25,25723.45,25719.2,25723.45,248631
2026-02-05 09:16:45+05:30,25724.7,25726.8,25718.5,25718.5,239779
2026-02-05 09:16:50+05:30,25718.1,25719.1,25717.35,25717.4,175381
2026-02-05 09:16:55+05:30,25717.45,25722.45,25717.1,25717.1,204025
2026-02-05 09:17:00+05:30,25718.2,25722.95,25717.05,25722.85,199319
2026-02-05 09:17:05+05:30,25725.3,25726.9,25722.9,25723.3,195647
2026-02-05 09:17:10+05:30,25722.1,25722.95,25719.75,25722.95,226309
2026-02-05 09:17:15+05:30,25723.0,25724.15,25720.2,25721.85,186856
2026-02-05 09:17:20+05:30,25721.05,25726.3,25720.65,25726.15,215494
2026-02-05 09:17:25+05:30,25724.85,25727.45,25723.6,25723.75,212548
2026-02-05 09:17:30+05:30,25723.15,25723.15,25719.05,25720.2,227721
2026-02-05 09:17:35+05:30,25719.1,25719.2,25716.15,25716.15,251373
2026-02-05 09:17:40+05:30,25717.75,25731.85,25716.5,25731.85,163223
2026-02-05 09:17:45+05:30,25733.0,25739.7,25733.0,25739.7,299494
2026-02-05 09:17:50+05:30,25740.05,25741.85,25738.9,25741.15,301914
2026-02-05 09:17:55+05:30,25739.65,25739.95,25732.95,25732.95,179349
2026-02-05 09:18:00+05:30,25734.6,25737.4,25733.6,25735.25,308904
2026-02-05 09:18:05+05:30,25735.85,25738.05,25734.35,25735.3,162989
2026-02-05 09:18:10+05:30,25735.05,25737.6,25735.05,25735.9,242226
2026-02-05 09:18:15+05:30,25735.45,25735.45,25731.4,25731.4,171679
2026-02-05 09:18:20+05:30,25731.3,25737.45,25731.3,25737.45,178132
2026-02-05 09:18:25+05:30,25735.65,25737.8,25733.1,25737.8,253752
2026-02-05 09:18:30+05:30,25736.05,25742.3,25736.05,25742.3,201661
2026-02-05 09:18:35+05:30,25741.0,25746.45,25741.0,25746.45,192911
2026-02-05 09:18:40+05:30,25746.4,25749.25,25746.4,25748.35,189845
2026-02-05 09:18:45+05:30,25746.0,25747.45,25743.95,25746.6,246201
2026-02-05 09:18:50+05:30,25746.5,25746.9,25743.9,25744.4,233551
2026-02-05 09:18:55+05:30,25744.75,25746.6,25743.85,25744.9,148601
2026-02-05 09:19:00+05:30,25744.9,25744.9,25742.5,25743.75,247308
2026-02-05 09:19:05+05:30,25744.55,25747.1,25744.55,25746.7,184719
2026-02-05 09:19:10+05:30,25745.25,25745.25,25738.95,25739.35,163980
2026-02-05 09:19:15+05:30,25738.6,25739.5,25733.65,25735.3,242672
2026-02-05 09:19:20+05:30,25735.85,25741.95,25735.85,25741.95,177899
2026-02-05 09:19:25+05:30,25742.05,25742.05,25737.55,25737.55,266036
2026-02-05 09:19:30+05:30,25736.6,25736.95,25734.45,25735.4,133229
2026-02-05 09:19:35+05:30,25734.85,25734.85,25731.35,25733.0,176832
2026-02-05 09:19:40+05:30,25733.7,25734.45,25732.6,25732.6,158568
2026-02-05 09:19:45+05:30,25731.8,25733.65,25731.05,25731.4,194627
2026-02-05 09:19:50+05:30,25730.0,25731.4,25727.6,25727.6,208323
2026-02-05 09:19:55+05:30,25728.75,25728.75,25727.0,25727.35,152666
2026-02-05 09:20:00+05:30,25728.3,25728.3,25720.2,25720.95,232984
2026-02-05 09:20:05+05:30,25721.7,25721.7,25716.05,25716.05,261538
2026-02-05 09:20:10+05:30,25717.65,25718.3,25715.35,25715.75,142006
2026-02-05 09:20:15+05:30,25716.25,25716.25,25715.15,25716.2,184766
2026-02-05 09:20:20+05:30,25716.15,25716.7,25711.0,25712.95,185183
2026-02-05 09:20:25+05:30,25713.55,25715.35,25711.2,25713.7,151850
2026-02-05 09:20:30+05:30,25712.75,25713.65,25709.6,25709.6,212794
2026-02-05 09:20:35+05:30,25710.45,25710.45,25705.0,25705.55,150080
2026-02-05 09:20:40+05:30,25704.35,25705.05,25701.15,25703.45,231799
2026-02-05 09:20:45+05:30,25702.4,25705.0,25700.7,25700.7,161644
2026-02-05 09:20:50+05:30,25701.2,25701.3,25697.85,25697.85,100383
2026-02-05 09:20:55+05:30,25698.4,25702.25,25698.4,25702.2,96810
2026-02-05 09:21:00+05:30,25702.45,25702.45,25697.4,25697.4,179351
2026-02-05 09:21:05+05:30,25699.35,25699.45,25694.55,25694.55,252896
2026-02-05 09:21:10+05:30,25694.65,25697.6,25692.65,25697.1,244142
2026-02-05 09:21:15+05:30,25699.0,25699.15,25695.95,25695.95,194301
2026-02-05 09:21:20+05:30,25696.65,25698.2,25695.95,25696.15,120700
2026-02-05 09:21:25+05:30,25695.6,25700.8,25695.6,25700.8,217187
2026-02-05 09:21:30+05:30,25699.45,25700.7,25697.95,25697.95,96455
2026-02-05 09:21:35+05:30,25697.65,25700.5,25697.35,25698.1,161397
2026-02-05 09:21:40+05:30,25698.8,25699.85,25696.95,25698.7,110647
2026-02-05 09:21:45+05:30,25697.1,25698.55,25695.65,25696.9,194210
2026-02-05 09:21:50+05:30,25696.65,25699.85,25696.35,25697.0,145459
2026-02-05 09:21:55+05:30,25696.7,25698.0,25696.25,25697.4,89325
2026-02-05 09:22:00+05:30,25697.4,25697.4,25692.85,25694.75,171931
2026-02-05 09:22:05+05:30,25694.75,25696.9,25692.8,25693.0,177378
2026-02-05 09:22:10+05:30,25692.6,25692.6,25690.15,25690.15,128436
2026-02-05 09:22:15+05:30,25690.85,25695.5,25690.85,25692.85,201950
2026-02-05 09:22:20+05:30,25690.8,25690.9,25688.5,25688.75,289017
2026-02-05 09:22:25+05:30,25689.6,25691.1,25687.4,25688.7,99660
2026-02-05 09:22:30+05:30,25688.85,25690.4,25687.6,25689.55,239828
2026-02-05 09:22:35+05:30,25689.75,25690.85,25688.0,25689.0,117617
2026-02-05 09:22:40+05:30,25690.4,25691.0,25687.6,25687.6,135514
2026-02-05 09:22:45+05:30,25688.55,25688.55,25684.7,25685.2,131088
2026-02-05 09:22:50+05:30,25685.35,25686.85,25684.45,25686.3,143445
2026-02-05 09:22:55+05:30,25684.85,25687.75,25684.85,25686.3,178410
2026-02-05 09:23:00+05:30,25687.05,25692.1,25686.1,25692.1,165141
2026-02-05 09:23:05+05:30,25691.2,25696.85,25691.2,25694.95,185110
2026-02-05 09:23:10+05:30,25694.8,25697.25,25694.3,25697.2,120987
2026-02-05 09:23:15+05:30,25698.05,25699.2,25697.25,25697.9,117208
2026-02-05 09:23:20+05:30,25697.75,25698.65,25696.55,25697.45,92997
2026-02-05 09:23:25+05:30,25698.2,25698.45,25693.2,25693.2,147996
2026-02-05 09:23:30+05:30,25691.65,25693.0,25688.75,25690.8,203119
2026-02-05 09:23:35+05:30,25691.3,25691.55,25688.35,25688.95,111554
2026-02-05 09:23:40+05:30,25689.65,25692.4,25687.25,25692.4,107420
2026-02-05 09:23:45+05:30,25692.0,25695.85,25692.0,25694.65,108504
2026-02-05 09:23:50+05:30,25695.4,25697.7,25695.4,25697.45,164624
2026-02-05 09:23:55+05:30,25696.65,25698.15,25692.25,25692.25,117011
2026-02-05 09:24:00+05:30,25691.4,25691.9,25689.35,25691.9,116759
2026-02-05 09:24:05+05:30,25692.2,25694.9,25692.2,25693.35,163717
2026-02-05 09:24:10+05:30,25693.2,25695.25,25692.0,25692.45,139043
2026-02-05 09:24:15+05:30,25692.6,25692.8,25688.75,25688.75,93455
2026-02-05 09:24:20+05:30,25690.15,25690.15,25687.75,25688.6,87962
2026-02-05 09:24:25+05:30,25688.35,25689.5,25686.3,25686.3,132686
2026-02-05 09:24:30+05:30,25685.6,25686.6,25684.55,25685.1,112672
2026-02-05 09:24:35+05:30,25685.65,25686.5,25684.9,25686.05,115248
2026-02-05 09:24:40+05:30,25685.2,25685.95,25680.6,25681.85,103397
2026-02-05 09:24:45+05:30,25682.5,25683.65,25681.2,25683.2,122837
2026-02-05 09:24:50+05:30,25684.75,25684.75,25682.0,25683.2,92081
2026-02-05 09:24:55+05:30,25685.65,25686.8,25682.3,25682.3,113997
2026-02-05 09:25:00+05:30,25682.6,25682.6,25678.55,25681.45,105917
2026-02-05 09:25:05+05:30,25680.95,25681.05,25677.3,25679.25,199685
2026-02-05 09:25:10+05:30,25679.75,25683.25,25679.75,25683.1,162006
2026-02-05 09:25:15+05:30,25681.85,25682.25,25681.05,25681.9,90024
2026-02-05 09:25:20+05:30,25682.3,25682.3,25679.05,25680.2,97693
2026-02-05 09:25:25+05:30,25680.0,25680.3,25678.8,25679.0,76246
2026-02-05 09:25:30+05:30,25679.8,25680.9,25679.15,25679.7,106150
2026-02-05 09:25:35+05:30,25678.95,25680.85,25676.75,25677.95,199612
2026-02-05 09:25:40+05:30,25677.85,25679.15,25676.15,25676.65,131753
2026-02-05 09:25:45+05:30,25677.15,25677.6,25674.7,25675.0,96397
2026-02-05 09:25:50+05:30,25676.0,25676.65,25673.2,25674.0,79816
2026-02-05 09:25:55+05:30,25673.05,25675.1,25672.35,25674.9,124333
2026-02-05 09:26:00+05:30,25674.8,25678.5,25674.2,25678.5,138568
2026-02-05 09:26:05+05:30,25679.25,25683.0,25679.25,25681.35,151085
2026-02-05 09:26:10+05:30,25680.25,25681.65,25679.25,25679.95,199061
2026-02-05 09:26:15+05:30,25679.7,25681.65,25678.85,25681.65,130668
2026-02-05 09:26:20+05:30,25681.5,25681.75,25679.5,25681.35,99213
2026-02-05 09:26:25+05:30,25681.65,25683.05,25681.55,25681.65,145245
2026-02-05 09:26:30+05:30,25682.0,25682.95,25679.9,25682.95,148144
2026-02-05 09:26:35+05:30,25682.85,25687.05,25682.85,25685.8,95208
2026-02-05 09:26:40+05:30,25685.35,25687.85,25685.35,25686.7,98579
2026-02-05 09:26:45+05:30,25686.45,25686.85,25684.95,25684.95,116087
2026-02-05 09:26:50+05:30,25685.3,25685.3,25680.7,25680.7,192295
2026-02-05 09:26:55+05:30,25679.75,25680.5,25678.15,25678.5,107080
2026-02-05 09:27:00+05:30,25677.95,25678.1,25673.45,25674.05,151420
2026-02-05 09:27:05+05:30,25672.65,25672.65,25669.5,25670.8,124275
2026-02-05 09:27:10+05:30,25671.15,25671.95,25669.7,25671.95,91672
2026-02-05 09:27:15+05:30,25670.9,25673.1,25670.9,25673.1,80620
2026-02-05 09:27:20+05:30,25672.45,25673.3,25670.7,25673.3,96798
2026-02-05 09:27:25+05:30,25672.9,25672.95,25672.0,25672.2,105388
2026-02-05 09:27:30+05:30,25671.65,25673.05,25670.8,25670.8,99828
2026-02-05 09:27:35+05:30,25670.95,25677.35,25670.95,25676.45,109989
2026-02-05 09:27:40+05:30,25676.85,25676.85,25670.6,25670.6,176391
2026-02-05 09:27:45+05:30,25669.0,25671.25,25668.8,25670.15,110110
2026-02-05 09:27:50+05:30,25670.2,25671.85,25670.1,25670.9,189778
2026-02-05 09:27:55+05:30,25671.0,25671.75,25667.7,25668.85,102968
2026-02-05 09:28:00+05:30,25668.35,25670.25,25666.8,25670.25,85850
2026-02-05 09:28:05+05:30,25671.75,25672.15,25670.1,25670.1,46073
2026-02-05 09:28:10+05:30,25669.85,25671.9,25669.05,25669.35,137503
2026-02-05 09:28:15+05:30,25668.75,25672.6,25668.75,25672.2,101173
2026-02-05 09:28:20+05:30,25672.05,25672.05,25670.8,25671.3,95818
2026-02-05 09:28:25+05:30,25671.6,25674.85,25671.6,25673.75,166074
2026-02-05 09:28:30+05:30,25674.2,25674.2,25672.25,25673.95,107354
2026-02-05 09:28:35+05:30,25673.35,25674.35,25671.85,25671.85,63669
2026-02-05 09:28:40+05:30,25671.2,25672.25,25669.3,25670.4,85146
2026-02-05 09:28:45+05:30,25669.35,25672.15,25669.35,25671.35,77333
2026-02-05 09:28:50+05:30,25671.65,25672.0,25670.6,25671.05,80263
2026-02-05 09:28:55+05:30,25670.55,25672.5,25669.05,25669.3,125255
2026-02-05 09:29:00+05:30,25668.35,25668.4,25666.15,25668.4,80407
2026-02-05 09:29:05+05:30,25667.85,25669.4,25667.4,25668.95,112831
2026-02-05 09:29:10+05:30,25669.35,25671.3,25668.55,25669.2,161335
2026-02-05 09:29:15+05:30,25669.3,25670.4,25668.15,25668.15,110305
2026-02-05 09:29:20+05:30,25668.7,25671.1,25668.4,25671.1,88321
2026-02-05 09:29:25+05:30,25671.5,25676.15,25671.5,25676.15,141566
2026-02-05 09:29:30+05:30,25675.8,25676.5,25675.65,25675.75,101235
2026-02-05 09:29:35+05:30,25676.2,25678.85,25676.2,25678.4,107615
2026-02-05 09:29:40+05:30,25679.1,25680.65,25677.55,25678.5,143320
2026-02-05 09:29:45+05:30,25679.4,25680.7,25679.1,25680.25,96540
2026-02-05 09:29:50+05:30,25680.95,25688.25,25680.95,25687.65,68641
2026-02-05 09:29:55+05:30,25687.95,25690.65,25686.85,25690.65,121355
2026-02-05 09:30:00+05:30,25690.7,25697.85,25690.7,25697.85,179654
2026-02-05 09:30:05+05:30,25698.85,25706.25,25698.85,25705.95,146476
2026-02-05 09:30:10+05:30,25707.5,25708.35,25702.85,25703.1,146167
2026-02-05 09:30:15+05:30,25702.45,25702.9,25699.25,25699.4,138800
2026-02-05 09:30:20+05:30,25701.5,25701.5,25697.0,25698.7,80563
2026-02-05 09:30:25+05:30,25698.1,25701.1,25698.1,25700.8,83585
2026-02-05 09:30:30+05:30,25700.65,25701.4,25699.15,25699.85,93256
2026-02-05 09:30:35+05:30,25702.2,25702.25,25697.4,25697.4,120866
2026-02-05 09:30:40+05:30,25697.9,25699.2,25697.25,25698.55,101975
2026-02-05 09:30:45+05:30,25698.6,25699.6,25697.15,25698.65,121929
2026-02-05 09:30:50+05:30,25698.9,25701.15,25698.9,25700.35,92953
2026-02-05 09:30:55+05:30,25700.4,25701.3,25699.55,25700.3,154705
2026-02-05 09:31:00+05:30,25699.1,25706.85,25699.1,25706.85,122208
2026-02-05 09:31:05+05:30,25706.85,25709.1,25705.7,25708.3,109256
2026-02-05 09:31:10+05:30,25706.6,25708.5,25705.85,25706.2,110149
2026-02-05 09:31:15+05:30,25706.6,25706.7,25705.7,25706.5,113333
2026-02-05 09:31:20+05:30,25706.95,25711.45,25706.35,25711.45,72061
2026-02-05 09:31:25+05:30,25710.9,25714.9,25710.9,25714.6,163687
2026-02-05 09:31:30+05:30,25713.5,25716.8,25713.2,25716.8,66695
2026-02-05 09:31:35+05:30,25714.4,25714.5,25711.7,25713.05,124337
2026-02-05 09:31:40+05:30,25713.0,25714.6,25713.0,25714.4,142814
2026-02-05 09:31:45+05:30,25714.05,25714.4,25708.6,25709.25,102913
2026-02-05 09:31:50+05:30,25710.0,25713.2,25710.0,25710.6,92719
2026-02-05 09:31:55+05:30,25710.25,25711.7,25709.35,25710.1,108774
2026-02-05 09:32:00+05:30,25710.25,25710.85,25708.85,25710.75,76540
2026-02-05 09:32:05+05:30,25711.8,25716.65,25711.35,25714.85,94203
2026-02-05 09:32:10+05:30,25715.65,25717.9,25715.4,25715.4,157133
2026-02-05 09:32:15+05:30,25715.55,25717.1,25713.9,25713.9,57218
2026-02-05 09:32:20+05:30,25714.2,25714.2,25710.3,25710.4,70059
2026-02-05 09:32:25+05:30,25711.0,25713.7,25711.0,25713.7,87246
2026-02-05 09:32:30+05:30,25713.1,25719.3,25713.1,25719.3,105777
2026-02-05 09:32:35+05:30,25720.3,25722.9,25720.2,25721.45,84668
2026-02-05 09:32:40+05:30,25720.9,25723.35,25720.9,25721.45,96496
2026-02-05 09:32:45+05:30,25722.4,25723.9,25722.1,25722.5,136945
2026-02-05 09:32:50+05:30,25722.9,25722.9,25718.5,25718.5,118557
2026-02-05 09:32:55+05:30,25718.15,25718.25,25717.1,25717.1,61160
2026-02-05 09:33:00+05:30,25716.6,25718.0,25715.45,25716.55,71195
2026-02-05 09:33:05+05:30,25716.85,25717.8,25715.95,25716.8,92916
2026-02-05 09:33:10+05:30,25717.85,25722.75,25717.85,25722.75,108247
2026-02-05 09:33:15+05:30,25722.25,25724.7,25722.25,25724.65,51979
2026-02-05 09:33:20+05:30,25725.4,25727.85,25724.35,25727.55,72378
2026-02-05 09:33:25+05:30,25727.3,25729.55,25726.05,25726.05,69094
2026-02-05 09:33:30+05:30,25725.65,25727.05,25723.95,25723.95,131329
2026-02-05 09:33:35+05:30,25722.95,25723.3,25720.7,25721.2,147183
2026-02-05 09:33:40+05:30,25719.95,25721.25,25714.9,25714.9,145673
2026-02-05 09:33:45+05:30,25714.45,25714.55,25712.3,25712.3,102970
2026-02-05 09:33:50+05:30,25711.8,25712.15,25707.15,25707.15,115986
2026-02-05 09:33:55+05:30,25706.4,25706.4,25704.15,25705.6,195405
2026-02-05 09:34:00+05:30,25705.2,25705.2,25702.85,25704.8,95777
2026-02-05 09:34:05+05:30,25703.6,25705.85,25703.6,25704.95,100364
2026-02-05 09:34:10+05:30,25704.95,25707.25,25704.4,25707.25,130127
2026-02-05 09:34:15+05:30,25707.5,25710.1,25706.9,25709.85,108811
2026-02-05 09:34:20+05:30,25709.0,25709.45,25704.95,25704.95,104951
2026-02-05 09:34:25+05:30,25703.25,25703.25,25700.3,25700.3,116280
2026-02-05 09:34:30+05:30,25700.85,25700.85,25696.8,25696.8,103004
2026-02-05 09:34:35+05:30,25698.4,25698.4,25696.8,25697.1,60693
2026-02-05 09:34:40+05:30,25697.25,25698.8,25695.05,25695.45,59931
2026-02-05 09:34:45+05:30,25696.2,25697.35,25695.35,25697.0,102553
2026-02-05 09:34:50+05:30,25697.55,25697.55,25695.3,25695.3,50787
2026-02-05 09:34:55+05:30,25695.5,25695.5,25692.0,25692.75,165720
2026-02-05 09:35:00+05:30,25692.95,25697.1,25692.75,25697.1,74545
2026-02-05 09:35:05+05:30,25697.2,25703.6,25697.2,25703.6,91173
2026-02-05 09:35:10+05:30,25704.5,25707.05,25704.2,25704.8,82979
2026-02-05 09:35:15+05:30,25703.75,25704.35,25702.75,25702.75,75875
2026-02-05 09:35:20+05:30,25702.4,25702.85,25701.35,25702.05,83976
2026-02-05 09:35:25+05:30,25702.3,25702.85,25699.7,25700.5,118551
2026-02-05 09:35:30+05:30,25700.05,25700.8,25698.7,25699.15,82121
2026-02-05 09:35:35+05:30,25699.7,25699.75,25695.55,25695.55,103323
2026-02-05 09:35:40+05:30,25695.85,25697.05,25695.2,25695.65,63178
2026-02-05 09:35:45+05:30,25696.35,25696.95,25693.05,25693.35,82708
2026-02-05 09:35:50+05:30,25693.55,25696.75,25693.55,25694.75,89449
2026-02-05 09:35:55+05:30,25693.9,25694.2,25691.8,25692.15,129530
2026-02-05 09:36:00+05:30,25691.8,25692.0,25688.7,25689.45,102087
2026-02-05 09:36:05+05:30,25690.05,25694.25,25690.0,25692.85,96696
2026-02-05 09:36:10+05:30,25691.85,25694.1,25691.85,25693.45,60644
2026-02-05 09:36:15+05:30,25693.25,25693.25,25691.8,25692.8,62460
2026-02-05 09:36:20+05:30,25692.7,25694.8,25692.15,25692.6,86031
2026-02-05 09:36:25+05:30,25691.4,25693.45,25691.3,25692.2,86776
2026-02-05 09:36:30+05:30,25690.75,25690.75,25686.55,25688.15,150995
2026-02-05 09:36:35+05:30,25687.1,25687.35,25685.25,25685.4,87087
2026-02-05 09:36:40+05:30,25685.15,25685.15,25681.6,25681.85,117309
2026-02-05 09:36:45+05:30,25682.5,25682.75,25680.05,25681.15,80414
2026-02-05 09:36:50+05:30,25681.25,25681.25,25678.75,25679.45,77025
2026-02-05 09:36:55+05:30,25679.35,25680.9,25678.2,25678.2,107312
2026-02-05 09:37:00+05:30,25678.4,25678.4,25675.55,25677.55,92740
2026-02-05 09:37:05+05:30,25677.55,25677.55,25675.6,25676.4,67710
2026-02-05 09:37:10+05:30,25675.5,25678.9,25675.5,25677.75,62603
2026-02-05 09:37:15+05:30,25677.1,25679.15,25676.5,25677.4,93823
2026-02-05 09:37:20+05:30,25678.0,25678.0,25673.05,25674.5,100550
2026-02-05 09:37:25+05:30,25674.15,25674.7,25672.55,25674.05,79233
2026-02-05 09:37:30+05:30,25673.8,25673.9,25672.15,25672.65,93542
2026-02-05 09:37:35+05:30,25672.5,25674.0,25672.0,25674.0,144069
2026-02-05 09:37:40+05:30,25674.2,25678.75,25673.55,25676.45,191228
2026-02-05 09:37:45+05:30,25677.35,25678.9,25676.95,25677.35,57128
2026-02-05 09:37:50+05:30,25677.0,25679.25,25677.0,25679.25,202569
2026-02-05 09:37:55+05:30,25680.05,25680.95,25679.6,25680.35,78744
2026-02-05 09:38:00+05:30,25680.1,25680.1,25677.2,25677.2,115773
2026-02-05 09:38:05+05:30,25677.9,25679.55,25677.65,25679.55,81428
2026-02-05 09:38:10+05:30,25678.8,25680.25,25676.9,25678.75,94695
2026-02-05 09:38:15+05:30,25677.65,25680.1,25676.6,25678.5,59882
2026-02-05 09:38:20+05:30,25678.75,25678.75,25675.7,25678.1,61477
2026-02-05 09:38:25+05:30,25678.7,25678.7,25676.05,25677.45,145246
2026-02-05 09:38:30+05:30,25678.35,25678.5,25676.2,25677.7,145095
2026-02-05 09:38:35+05:30,25676.9,25677.8,25675.3,25677.8,69674
2026-02-05 09:38:40+05:30,25677.15,25680.0,25674.8,25675.0,111746
2026-02-05 09:38:45+05:30,25675.65,25675.9,25673.65,25673.65,210718
2026-02-05 09:38:50+05:30,25674.65,25674.9,25670.65,25671.1,89411
2026-02-05 09:38:55+05:30,25672.9,25672.9,25668.3,25670.05,190183
2026-02-05 09:39:00+05:30,25668.85,25669.1,25665.65,25666.3,101643
2026-02-05 09:39:05+05:30,25666.8,25667.05,25663.45,25663.45,167795
2026-02-05 09:39:10+05:30,25664.7,25667.4,25664.55,25667.4,99998
2026-02-05 09:39:15+05:30,25665.55,25667.2,25665.15,25666.95,65550
2026-02-05 09:39:20+05:30,25667.5,25671.55,25667.5,25671.55,101520
2026-02-05 09:39:25+05:30,25670.2,25672.45,25670.0,25672.45,68563
2026-02-05 09:39:30+05:30,25672.6,25673.45,25670.95,25671.65,49018
2026-02-05 09:39:35+05:30,25672.25,25672.8,25668.9,25669.9,238995
2026-02-05 09:39:40+05:30,25669.95,25672.15,25669.85,25670.9,198153
2026-02-05 09:39:45+05:30,25672.2,25676.6,25672.2,25675.65,194766
2026-02-05 09:39:50+05:30,25678.4,25678.6,25675.65,25675.9,61233
2026-02-05 09:39:55+05:30,25676.7,25680.4,25676.55,25677.85,116481
2026-02-05 09:40:00+05:30,25679.6,25679.6,25676.6,25676.6,82892
2026-02-05 09:40:05+05:30,25677.5,25680.35,25676.85,25678.1,62968
2026-02-05 09:40:10+05:30,25678.7,25680.05,25678.3,25678.9,45256
2026-02-05 09:40:15+05:30,25677.95,25678.75,25675.8,25676.45,59190
2026-02-05 09:40:20+05:30,25676.9,25676.9,25674.1,25676.05,113258
2026-02-05 09:40:25+05:30,25675.3,25675.9,25674.3,25675.1,69139
2026-02-05 09:40:30+05:30,25674.75,25675.1,25670.6,25671.8,66514
2026-02-05 09:40:35+05:30,25670.75,25671.15,25668.2,25668.2,72176
2026-02-05 09:40:40+05:30,25669.0,25671.0,25668.35,25670.6,139115
2026-02-05 09:40:45+05:30,25670.15,25671.0,25669.4,25670.6,61801
2026-02-05 09:40:50+05:30,25669.75,25672.1,25669.75,25670.05,87707
2026-02-05 09:40:55+05:30,25668.9,25669.35,25667.8,25667.8,102715
2026-02-05 09:41:00+05:30,25667.65,25668.4,25664.35,25665.55,232121
2026-02-05 09:41:05+05:30,25665.6,25665.65,25662.9,25663.7,130296
2026-02-05 09:41:10+05:30,25662.5,25667.45,25661.9,25667.45,92424
2026-02-05 09:41:15+05:30,25667.3,25668.55,25665.05,25665.05,97345
2026-02-05 09:41:20+05:30,25665.5,25666.9,25663.9,25664.45,68009
2026-02-05 09:41:25+05:30,25666.3,25666.3,25662.8,25662.8,124195
2026-02-05 09:41:30+05:30,25663.1,25664.65,25661.5,25664.05,91056
2026-02-05 09:41:35+05:30,25664.15,25664.45,25661.15,25661.55,80879
2026-02-05 09:41:40+05:30,25661.05,25663.55,25660.3,25662.05,71146
2026-02-05 09:41:45+05:30,25661.9,25663.8,25661.7,25663.8,172728
2026-02-05 09:41:50+05:30,25663.15,25665.6,25663.15,25665.05,98919
2026-02-05 09:41:55+05:30,25663.5,25663.5,25660.95,25661.35,99529
2026-02-05 09:42:00+05:30,25662.0,25662.0,25658.3,25659.45,94051
2026-02-05 09:42:05+05:30,25659.25,25659.5,25655.9,25657.4,96225
2026-02-05 09:42:10+05:30,25657.2,25660.1,25655.75,25657.35,90322
2026-02-05 09:42:15+05:30,25655.8,25657.95,25651.95,25653.5,84042
2026-02-05 09:42:20+05:30,25653.1,25653.1,25650.0,25651.4,98277
2026-02-05 09:42:25+05:30,25650.35,25651.45,25648.15,25648.5,101327
2026-02-05 09:42:30+05:30,25649.0,25650.0,25647.15,25649.5,124474
2026-02-05 09:42:35+05:30,25650.4,25651.8,25650.2,25650.3,76170
2026-02-05 09:42:40+05:30,25651.15,25653.15,25650.1,25653.15,97181
2026-02-05 09:42:45+05:30,25654.75,25655.0,25653.1,25655.0,109574
2026-02-05 09:42:50+05:30,25655.6,25657.2,25655.45,25657.2,86102
2026-02-05 09:42:55+05:30,25656.65,25657.15,25655.3,25655.3,53483
2026-02-05 09:43:00+05:30,25655.35,25655.5,25652.65,25652.65,109557
2026-02-05 09:43:05+05:30,25654.65,25654.65,25650.15,25650.15,122257
2026-02-05 09:43:10+05:30,25650.35,25652.2,25648.8,25649.05,62088
2026-02-05 09:43:15+05:30,25650.6,25652.55,25649.7,25650.85,88380
2026-02-05 09:43:20+05:30,25651.0,25651.05,25647.7,25649.45,188028
2026-02-05 09:43:25+05:30,25649.65,25650.95,25648.85,25650.9,78125
2026-02-05 09:43:30+05:30,25651.25,25652.35,25651.25,25652.25,57748
2026-02-05 09:43:35+05:30,25651.85,25652.2,25649.9,25650.65,101974
2026-02-05 09:43:40+05:30,25650.15,25652.55,25649.7,25650.35,64985
2026-02-05 09:43:45+05:30,25650.85,25651.3,25647.1,25647.1,97754
2026-02-05 09:43:50+05:30,25647.15,25648.6,25646.0,25646.65,157837
2026-02-05 09:43:55+05:30,25646.15,25647.25,25645.65,25646.5,110176
2026-02-05 09:44:00+05:30,25646.85,25648.05,25645.55,25648.05,79541
2026-02-05 09:44:05+05:30,25648.7,25648.7,25645.95,25645.95,62529
2026-02-05 09:44:10+05:30,25647.1,25648.05,25646.4,25646.4,92395
2026-02-05 09:44:15+05:30,25646.95,25647.8,25645.15,25646.3,54370
2026-02-05 09:44:20+05:30,25647.2,25647.75,25645.65,25646.95,58685
2026-02-05 09:44:25+05:30,25648.1,25648.55,25645.3,25645.3,61893
2026-02-05 09:44:30+05:30,25646.1,25646.1,25644.05,25644.45,104674
2026-02-05 09:44:35+05:30,25644.25,25644.25,25641.1,25641.4,62456
2026-02-05 09:44:40+05:30,25641.45,25643.05,25639.1,25640.3,93453
2026-02-05 09:44:45+05:30,25638.8,25639.6,25637.2,25637.75,220191
2026-02-05 09:44:50+05:30,25635.45,25637.75,25634.85,25634.85,188122
2026-02-05 09:44:55+05:30,25636.5,25636.6,25633.85,25635.15,79242
2026-02-05 09:45:00+05:30,25635.3,25636.8,25632.0,25632.15,133035
2026-02-05 09:45:05+05:30,25632.35,25632.35,25626.45,25627.45,100898
2026-02-05 09:45:10+05:30,25626.75,25628.55,25625.65,25627.65,92402
2026-02-05 09:45:15+05:30,25629.0,25629.9,25628.05,25628.45,77808
2026-02-05 09:45:20+05:30,25628.3,25630.05,25628.3,25630.05,78625
2026-02-05 09:45:25+05:30,25631.05,25633.15,25630.85,25633.1,89952
2026-02-05 09:45:30+05:30,25632.25,25632.7,25629.35,25629.35,112501
2026-02-05 09:45:35+05:30,25631.4,25631.4,25628.1,25628.5,111134
2026-02-05 09:45:40+05:30,25627.7,25631.4,25627.7,25630.6,179545
2026-02-05 09:45:45+05:30,25630.7,25630.9,25629.05,25629.8,85019
2026-02-05 09:45:50+05:30,25631.45,25631.85,25630.3,25631.85,47104
2026-02-05 09:45:55+05:30,25631.75,25634.3,25631.65,25633.45,65833
2026-02-05 09:46:00+05:30,25634.45,25636.85,25632.8,25636.85,162681
2026-02-05 09:46:05+05:30,25638.0,25640.6,25637.6,25639.4,81884
2026-02-05 09:46:10+05:30,25638.25,25639.7,25636.6,25638.4,39263
2026-02-05 09:46:15+05:30,25637.2,25637.2,25634.7,25635.7,99457
2026-02-05 09:46:20+05:30,25636.7,25637.15,25634.35,25635.9,81233
2026-02-05 09:46:25+05:30,25637.4,25637.95,25635.35,25635.55,83502
2026-02-05 09:46:30+05:30,25635.3,25635.3,25633.1,25633.95,67174
2026-02-05 09:46:35+05:30,25633.35,25636.85,25633.35,25636.85,63329
2026-02-05 09:46:40+05:30,25637.15,25639.75,25637.15,25639.75,73036
2026-02-05 09:46:45+05:30,25640.25,25640.25,25637.45,25637.45,126900
2026-02-05 09:46:50+05:30,25637.95,25639.1,25637.25,25637.25,107987
2026-02-05 09:46:55+05:30,25636.05,25637.2,25633.45,25633.45,63778
2026-02-05 09:47:00+05:30,25634.0,25634.15,25631.05,25631.35,97151
2026-02-05 09:47:05+05:30,25631.6,25632.3,25631.1,25631.85,51429
2026-02-05 09:47:10+05:30,25632.0,25635.35,25631.3,25631.65,98897
2026-02-05 09:47:15+05:30,25631.95,25633.1,25630.65,25633.1,96967
2026-02-05 09:47:20+05:30,25633.0,25633.45,25632.65,25633.1,112716
2026-02-05 09:47:25+05:30,25633.95,25636.25,25633.95,25636.2,58127
2026-02-05 09:47:30+05:30,25635.9,25636.75,25635.15,25636.15,59529
2026-02-05 09:47:35+05:30,25636.45,25636.8,25635.5,25635.5,66738
2026-02-05 09:47:40+05:30,25636.5,25640.15,25636.5,25640.15,60375
2026-02-05 09:47:45+05:30,25641.05,25641.8,25639.5,25640.45,57085
2026-02-05 09:47:50+05:30,25640.3,25640.45,25639.2,25640.45,61833
2026-02-05 09:47:55+05:30,25640.25,25640.25,25638.0,25638.35,62596
2026-02-05 09:48:00+05:30,25637.9,25637.9,25634.05,25634.25,113692
2026-02-05 09:48:05+05:30,25634.5,25634.5,25632.75,25632.75,38771
2026-02-05 09:48:10+05:30,25633.0,25634.3,25632.8,25632.85,80278
2026-02-05 09:48:15+05:30,25632.75,25633.55,25632.6,25632.9,101168
2026-02-05 09:48:20+05:30,25632.85,25633.9,25632.25,25632.25,63376
2026-02-05 09:48:25+05:30,25633.05,25633.15,25631.8,25632.85,65854
2026-02-05 09:48:30+05:30,25633.1,25633.85,25632.8,25633.2,43224
2026-02-05 09:48:35+05:30,25633.35,25633.75,25632.2,25632.25,44804
2026-02-05 09:48:40+05:30,25631.8,25632.4,25630.1,25631.35,75218
2026-02-05 09:48:45+05:30,25631.15,25632.85,25630.65,25632.8,57408
2026-02-05 09:48:50+05:30,25634.15,25635.15,25633.25,25633.25,38950
2026-02-05 09:48:55+05:30,25632.95,25632.95,25624.4,25625.1,231335
2026-02-05 09:49:00+05:30,25624.8,25626.05,25622.5,25625.4,142679
2026-02-05 09:49:05+05:30,25624.9,25628.85,25623.9,25628.15,95110
2026-02-05 09:49:10+05:30,25628.0,25629.55,25627.75,25629.55,57288
2026-02-05 09:49:15+05:30,25629.4,25630.8,25628.55,25629.15,56896
2026-02-05 09:49:20+05:30,25629.1,25630.55,25628.7,25630.05,67397
2026-02-05 09:49:25+05:30,25630.4,25631.8,25630.0,25631.8,51300
2026-02-05 09:49:30+05:30,25631.1,25632.3,25628.5,25632.2,59598
2026-02-05 09:49:35+05:30,25633.75,25637.0,25633.75,25635.1,116590
2026-02-05 09:49:40+05:30,25634.8,25635.45,25633.25,25635.35,161946
2026-02-05 09:49:45+05:30,25634.25,25635.7,25633.35,25633.95,65360
2026-02-05 09:49:50+05:30,25633.0,25633.25,25631.75,25632.8,55857
2026-02-05 09:49:55+05:30,25633.3,25633.3,25631.6,25631.65,52883
2026-02-05 09:50:00+05:30,25631.75,25635.65,25631.75,25635.65,85725
2026-02-05 09:50:05+05:30,25635.0,25636.6,25634.25,25636.6,47319
2026-02-05 09:50:10+05:30,25636.55,25640.4,25636.55,25640.2,124290
2026-02-05 09:50:15+05:30,25640.9,25641.95,25639.9,25641.55,130756
2026-02-05 09:50:20+05:30,25641.6,25645.75,25641.6,25643.8,178314
2026-02-05 09:50:25+05:30,25643.6,25644.7,25641.15,25641.15,94897
2026-02-05 09:50:30+05:30,25641.3,25642.25,25640.9,25641.75,56354
2026-02-05 09:50:35+05:30,25642.3,25642.3,25639.0,25639.0,102588
2026-02-05 09:50:40+05:30,25638.95,25640.45,25638.5,25638.85,133743
2026-02-05 09:50:45+05:30,25639.75,25639.85,25637.6,25637.6,95677
2026-02-05 09:50:50+05:30,25637.65,25637.65,25635.25,25636.2,90667
2026-02-05 09:50:55+05:30,25636.35,25641.95,25636.35,25641.95,91331
2026-02-05 09:51:00+05:30,25640.45,25641.25,25638.65,25639.45,69330
2026-02-05 09:51:05+05:30,25640.3,25644.1,25639.15,25643.95,49607
2026-02-05 09:51:10+05:30,25644.2,25644.25,25641.55,25641.75,78259
2026-02-05 09:51:15+05:30,25642.65,25643.95,25641.55,25641.55,77755
2026-02-05 09:51:20+05:30,25643.65,25645.8,25642.25,25645.7,51064
2026-02-05 09:51:25+05:30,25646.2,25647.05,25645.9,25645.9,53527
2026-02-05 09:51:30+05:30,25646.75,25646.9,25641.5,25641.5,90305
2026-02-05 09:51:35+05:30,25642.65,25642.65,25640.6,25640.9,58307
2026-02-05 09:51:40+05:30,25641.15,25641.55,25639.85,25641.15,54743
2026-02-05 09:51:45+05:30,25641.35,25641.65,25639.85,25641.0,50368
2026-02-05 09:51:50+05:30,25640.95,25640.95,25635.65,25635.65,54408
2026-02-05 09:51:55+05:30,25635.9,25636.8,25635.1,25635.1,79683
2026-02-05 09:52:00+05:30,25636.55,25636.8,25634.45,25635.65,55643
2026-02-05 09:52:05+05:30,25636.1,25637.25,25635.5,25636.15,146994
2026-02-05 09:52:10+05:30,25636.55,25637.05,25634.55,25634.9,75837
2026-02-05 09:52:15+05:30,25634.9,25635.7,25634.5,25634.5,31274
2026-02-05 09:52:20+05:30,25635.2,25635.2,25634.0,25634.05,49309
2026-02-05 09:52:25+05:30,25633.85,25633.85,25630.25,25631.2,153470
2026-02-05 09:52:30+05:30,25630.0,25631.45,25628.95,25628.95,141081
2026-02-05 09:52:35+05:30,25629.2,25630.75,25628.95,25628.95,45270
2026-02-05 09:52:40+05:30,25630.1,25631.35,25629.2,25629.2,87675
2026-02-05 09:52:45+05:30,25629.25,25630.15,25626.05,25627.15,107311
2026-02-05 09:52:50+05:30,25626.15,25627.55,25624.95,25627.55,79947
2026-02-05 09:52:55+05:30,25626.2,25627.1,25625.1,25626.1,51842
2026-02-05 09:53:00+05:30,25625.6,25626.7,25625.3,25626.7,47879
2026-02-05 09:53:05+05:30,25627.5,25629.75,25626.95,25629.15,76996
2026-02-05 09:53:10+05:30,25628.6,25629.1,25627.35,25627.6,51185
2026-02-05 09:53:15+05:30,25627.7,25628.65,25627.15,25627.45,62263
2026-02-05 09:53:20+05:30,25628.25,25628.25,25626.65,25626.9,82928
2026-02-05 09:53:25+05:30,25628.5,25629.2,25627.6,25628.15,36082
2026-02-05 09:53:30+05:30,25628.0,25628.7,25626.95,25627.1,35511
2026-02-05 09:53:35+05:30,25627.85,25631.8,25627.75,25631.75,98409
2026-02-05 09:53:40+05:30,25631.0,25632.05,25630.4,25632.05,79126
2026-02-05 09:53:45+05:30,25631.85,25631.85,25630.25,25630.65,48600
2026-02-05 09:53:50+05:30,25630.75,25631.65,25627.8,25627.8,65254
2026-02-05 09:53:55+05:30,25627.15,25628.5,25626.05,25626.15,50367
2026-02-05 09:54:00+05:30,25626.85,25627.35,25624.25,25624.25,49654
2026-02-05 09:54:05+05:30,25625.45,25626.55,25622.95,25622.95,92875
2026-02-05 09:54:10+05:30,25624.05,25625.1,25622.45,25622.45,105829
2026-02-05 09:54:15+05:30,25622.35,25624.15,25621.25,25624.0,160884
2026-02-05 09:54:20+05:30,25623.95,25626.05,25623.95,25626.05,77795
2026-02-05 09:54:25+05:30,25626.1,25626.7,25624.75,25626.7,50565
2026-02-05 09:54:30+05:30,25626.45,25627.5,25626.45,25627.5,62621
2026-02-05 09:54:35+05:30,25627.45,25627.45,25626.4,25626.95,67352
2026-02-05 09:54:40+05:30,25625.6,25628.65,25625.6,25628.65,113039
2026-02-05 09:54:45+05:30,25627.55,25628.95,25626.15,25626.4,85473
2026-02-05 09:54:50+05:30,25627.05,25627.05,25624.6,25624.6,53577
2026-02-05 09:54:55+05:30,25625.35,25625.95,25624.15,25624.6,50208
2026-02-05 09:55:00+05:30,25625.25,25625.4,25623.95,25624.8,70551
2026-02-05 09:55:05+05:30,25624.85,25626.1,25623.0,25623.0,52381
2026-02-05 09:55:10+05:30,25623.5,25629.4,25623.5,25629.4,72676
2026-02-05 09:55:15+05:30,25627.1,25628.65,25626.55,25626.55,43507
2026-02-05 09:55:20+05:30,25626.25,25627.1,25625.0,25626.55,31512
2026-02-05 09:55:25+05:30,25626.85,25627.8,25626.75,25626.75,54363
2026-02-05 09:55:30+05:30,25627.05,25627.3,25625.25,25625.25,46481
2026-02-05 09:55:35+05:30,25626.75,25627.3,25624.95,25627.3,48942
2026-02-05 09:55:40+05:30,25626.2,25627.35,25625.1,25626.65,43194
2026-02-05 09:55:45+05:30,25626.5,25626.55,25623.75,25623.8,51823
2026-02-05 09:55:50+05:30,25623.9,25624.55,25621.85,25624.15,48633
2026-02-05 09:55:55+05:30,25622.3,25626.2,25622.1,25625.3,117206
2026-02-05 09:56:00+05:30,25624.95,25626.85,25624.65,25625.85,67986
2026-02-05 09:56:05+05:30,25626.05,25626.05,25624.05,25624.8,52981
2026-02-05 09:56:10+05:30,25623.9,25626.5,25622.9,25626.5,111334
2026-02-05 09:56:15+05:30,25624.85,25625.25,25622.95,25622.95,58643
2026-02-05 09:56:20+05:30,25623.55,25623.55,25613.75,25613.9,92371
2026-02-05 09:56:25+05:30,25614.15,25617.45,25612.9,25614.6,95647
2026-02-05 09:56:30+05:30,25614.45,25619.25,25614.45,25616.0,32743
2026-02-05 09:56:35+05:30,25619.15,25619.15,25616.3,25616.3,46316
2026-02-05 09:56:40+05:30,25617.75,25620.65,25617.7,25620.65,131830
2026-02-05 09:56:45+05:30,25620.15,25624.7,25620.15,25622.8,88529
2026-02-05 09:56:50+05:30,25626.0,25627.0,25623.1,25626.85,31886
2026-02-05 09:56:55+05:30,25627.25,25628.1,25626.7,25627.55,57455
2026-02-05 09:57:00+05:30,25627.0,25629.2,25625.75,25625.95,39920
2026-02-05 09:57:05+05:30,25627.1,25631.1,25625.5,25631.0,89235
2026-02-05 09:57:10+05:30,25630.7,25631.0,25628.65,25629.25,63045
2026-02-05 09:57:15+05:30,25628.85,25629.1,25627.65,25627.75,43741
2026-02-05 09:57:20+05:30,25627.35,25633.05,25627.35,25633.05,89676
2026-02-05 09:57:25+05:30,25632.05,25635.35,25632.0,25634.35,68549
2026-02-05 09:57:30+05:30,25633.9,25637.9,25632.4,25635.45,88443
2026-02-05 09:57:35+05:30,25635.2,25636.25,25633.4,25633.4,55924
2026-02-05 09:57:40+05:30,25635.45,25635.45,25633.2,25635.4,31837
2026-02-05 09:57:45+05:30,25635.85,25635.85,25632.95,25633.6,44305
2026-02-05 09:57:50+05:30,25634.25,25635.05,25631.3,25631.9,52175
2026-02-05 09:57:55+05:30,25631.6,25632.5,25630.95,25630.95,72436
2026-02-05 09:58:00+05:30,25631.6,25632.65,25630.1,25630.1,42648
2026-02-05 09:58:05+05:30,25630.4,25630.4,25626.45,25627.5,42293
2026-02-05 09:58:10+05:30,25627.25,25630.35,25627.25,25630.35,58185
2026-02-05 09:58:15+05:30,25630.35,25631.8,25629.7,25631.45,58557
2026-02-05 09:58:20+05:30,25632.0,25632.45,25631.8,25631.8,22334
2026-02-05 09:58:25+05:30,25632.2,25633.05,25631.95,25632.85,30504
2026-02-05 09:58:30+05:30,25632.05,25633.1,25631.1,25631.1,121093
2026-02-05 09:58:35+05:30,25632.25,25632.25,25631.25,25631.25,116694
2026-02-05 09:58:40+05:30,25631.8,25632.2,25630.9,25631.3,38188
2026-02-05 09:58:45+05:30,25631.6,25635.1,25631.6,25635.1,60430
2026-02-05 09:58:50+05:30,25635.05,25638.1,25635.05,25638.1,51039
2026-02-05 09:58:55+05:30,25638.05,25639.5,25637.35,25638.6,56429
2026-02-05 09:59:00+05:30,25638.65,25643.05,25638.65,25643.05,90123
2026-02-05 09:59:05+05:30,25643.8,25643.8,25641.75,25641.9,69079
2026-02-05 09:59:10+05:30,25642.05,25642.85,25641.75,25642.3,36146
2026-02-05 09:59:15+05:30,25642.05,25643.15,25641.85,25643.05,47320
2026-02-05 09:59:20+05:30,25643.6,25643.6,25642.05,25642.75,56808
2026-02-05 09:59:25+05:30,25641.95,25643.8,25639.6,25639.6,69538
2026-02-05 09:59:30+05:30,25639.95,25639.95,25637.5,25637.85,51540
2026-02-05 09:59:35+05:30,25638.3,25638.3,25635.7,25635.7,53981
2026-02-05 09:59:40+05:30,25636.4,25638.4,25636.4,25637.55,84927
2026-02-05 09:59:45+05:30,25637.5,25637.5,25636.6,25636.6,74472
2026-02-05 09:59:50+05:30,25637.2,25638.25,25636.6,25638.25,56314
2026-02-05 09:59:55+05:30,25637.65,25638.4,25637.15,25637.65,54043
2026-02-05 10:00:00+05:30,25637.35,25638.9,25637.35,25638.65,55904
2026-02-05 10:00:05+05:30,25638.3,25641.6,25638.3,25639.95,64522
2026-02-05 10:00:10+05:30,25639.75,25641.1,25638.0,25638.55,32234
2026-02-05 10:00:15+05:30,25637.4,25637.4,25634.8,25634.9,119239
2026-02-05 10:00:20+05:30,25634.3,25635.1,25633.4,25634.8,112132
2026-02-05 10:00:25+05:30,25634.4,25635.35,25633.6,25634.45,54897
2026-02-05 10:00:30+05:30,25633.55,25634.25,25633.0,25633.45,71879
2026-02-05 10:00:35+05:30,25633.85,25634.0,25630.45,25631.0,76548
2026-02-05 10:00:40+05:30,25630.55,25631.3,25630.5,25630.8,44037
2026-02-05 10:00:45+05:30,25631.45,25631.85,25630.05,25630.05,53049
2026-02-05 10:00:50+05:30,25630.15,25635.45,25630.15,25634.8,88924
2026-02-05 10:00:55+05:30,25634.95,25635.55,25634.15,25634.15,39623
2026-02-05 10:01:00+05:30,25633.95,25634.05,25632.65,25632.65,49419
2026-02-05 10:01:05+05:30,25631.85,25631.85,25631.05,25631.15,27725
2026-02-05 10:01:10+05:30,25631.15,25632.3,25630.25,25631.65,80664
2026-02-05 10:01:15+05:30,25631.55,25634.4,25631.25,25634.4,73656
2026-02-05 10:01:20+05:30,25634.65,25639.2,25634.5,25638.45,77349
2026-02-05 10:01:25+05:30,25637.65,25640.5,25637.65,25639.7,54205
2026-02-05 10:01:30+05:30,25638.95,25639.3,25637.2,25637.2,23294
2026-02-05 10:01:35+05:30,25637.7,25638.3,25634.1,25634.1,26805
2026-02-05 10:01:40+05:30,25633.25,25634.9,25631.3,25631.3,49161
2026-02-05 10:01:45+05:30,25630.7,25631.85,25629.5,25629.95,77796
2026-02-05 10:01:50+05:30,25629.85,25630.6,25629.5,25629.6,65624
2026-02-05 10:01:55+05:30,25629.7,25629.7,25628.6,25629.05,44760
2026-02-05 10:02:00+05:30,25627.8,25628.5,25626.5,25627.1,52796
2026-02-05 10:02:05+05:30,25627.0,25627.45,25625.55,25625.9,57387
2026-02-05 10:02:10+05:30,25625.65,25626.15,25622.75,25622.75,85067
2026-02-05 10:02:15+05:30,25623.4,25625.55,25623.4,25623.65,37381
2026-02-05 10:02:20+05:30,25624.5,25625.1,25622.7,25624.7,46550
2026-02-05 10:02:25+05:30,25624.6,25625.1,25623.9,25625.1,48477
2026-02-05 10:02:30+05:30,25625.05,25626.0,25624.2,25624.95,38515
2026-02-05 10:02:35+05:30,25626.25,25626.6,25625.85,25626.25,34907
2026-02-05 10:02:40+05:30,25626.6,25631.8,25626.6,25630.8,70568
2026-02-05 10:02:45+05:30,25630.5,25630.5,25629.1,25629.7,25206
2026-02-05 10:02:50+05:30,25629.75,25629.75,25627.45,25627.45,37578
2026-02-05 10:02:55+05:30,25626.55,25627.95,25626.55,25626.65,33943
2026-02-05 10:03:00+05:30,25625.1,25625.55,25624.35,25625.15,127464
2026-02-05 10:03:05+05:30,25626.5,25628.35,25624.95,25626.7,56304
2026-02-05 10:03:10+05:30,25625.65,25629.4,25625.65,25629.4,48354
2026-02-05 10:03:15+05:30,25629.0,25629.0,25627.35,25627.35,24675
2026-02-05 10:03:20+05:30,25625.9,25626.45,25624.4,25624.4,123332
2026-02-05 10:03:25+05:30,25625.35,25626.75,25624.25,25625.3,55002
2026-02-05 10:03:30+05:30,25625.05,25625.75,25624.35,25624.8,62209
2026-02-05 10:03:35+05:30,25624.9,25624.9,25623.15,25623.5,46439
2026-02-05 10:03:40+05:30,25622.85,25625.1,25622.85,25623.75,60106
2026-02-05 10:03:45+05:30,25624.15,25628.6,25622.55,25628.55,45491
2026-02-05 10:03:50+05:30,25628.35,25628.95,25627.35,25628.0,51699
2026-02-05 10:03:55+05:30,25628.4,25629.4,25627.3,25627.3,32630
2026-02-05 10:04:00+05:30,25627.7,25630.3,25627.25,25629.65,103389
2026-02-05 10:04:05+05:30,25631.55,25633.35,25631.55,25632.8,75410
2026-02-05 10:04:10+05:30,25633.0,25636.0,25633.0,25636.0,39557
2026-02-05 10:04:15+05:30,25635.55,25635.95,25633.8,25633.8,39709
2026-02-05 10:04:20+05:30,25634.7,25635.15,25633.55,25633.9,47072
2026-02-05 10:04:25+05:30,25633.4,25635.6,25633.4,25634.7,37484
2026-02-05 10:04:30+05:30,25634.15,25640.55,25634.15,25640.5,109713
2026-02-05 10:04:35+05:30,25640.4,25641.15,25639.7,25641.15,50342
2026-02-05 10:04:40+05:30,25640.6,25643.1,25640.6,25641.35,64456
2026-02-05 10:04:45+05:30,25640.4,25640.75,25639.0,25639.25,48270
2026-02-05 10:04:50+05:30,25640.05,25640.55,25638.9,25639.15,99950
2026-02-05 10:04:55+05:30,25638.6,25638.7,25636.85,25636.85,62236
2026-02-05 10:05:00+05:30,25637.65,25641.3,25637.65,25640.85,88825
2026-02-05 10:05:05+05:30,25640.9,25640.9,25637.45,25637.45,100536
2026-02-05 10:05:10+05:30,25637.6,25639.7,25637.6,25638.45,56188
2026-02-05 10:05:15+05:30,25637.45,25638.7,25636.75,25637.85,78212
2026-02-05 10:05:20+05:30,25638.0,25638.4,25637.05,25637.05,91155
2026-02-05 10:05:25+05:30,25639.35,25641.15,25638.55,25638.55,75007
2026-02-05 10:05:30+05:30,25639.1,25640.85,25636.35,25638.1,37723
2026-02-05 10:05:35+05:30,25636.85,25637.35,25636.1,25637.35,89415
2026-02-05 10:05:40+05:30,25636.1,25638.55,25636.1,25638.55,55602
2026-02-05 10:05:45+05:30,25638.45,25638.45,25635.85,25635.85,60343
2026-02-05 10:05:50+05:30,25635.8,25636.65,25634.9,25634.9,65454
2026-02-05 10:05:55+05:30,25634.45,25635.25,25632.55,25632.55,40582
2026-02-05 10:06:00+05:30,25632.2,25637.3,25632.2,25637.3,100069
2026-02-05 10:06:05+05:30,25636.55,25638.7,25634.55,25635.65,70148
2026-02-05 10:06:10+05:30,25635.7,25637.25,25635.7,25636.75,69568
2026-02-05 10:06:15+05:30,25637.1,25637.55,25636.6,25637.05,56723
2026-02-05 10:06:20+05:30,25637.35,25637.55,25634.6,25634.6,42986
2026-02-05 10:06:25+05:30,25635.2,25636.95,25635.2,25636.45,62820
2026-02-05 10:06:30+05:30,25637.4,25637.45,25636.7,25636.8,61467
2026-02-05 10:06:35+05:30,25637.7,25638.6,25636.45,25637.0,19796
2026-02-05 10:06:40+05:30,25636.95,25638.4,25636.9,25637.9,100840
2026-02-05 10:06:45+05:30,25638.0,25638.0,25634.0,25634.0,53538
2026-02-05 10:06:50+05:30,25633.25,25634.0,25631.5,25631.5,38708
2026-02-05 10:06:55+05:30,25630.6,25632.85,25630.6,25631.9,114751
2026-02-05 10:07:00+05:30,25633.1,25634.3,25633.05,25633.45,62807
2026-02-05 10:07:05+05:30,25633.65,25634.4,25631.55,25632.55,46799
2026-02-05 10:07:10+05:30,25632.9,25634.45,25632.85,25633.85,56239
2026-02-05 10:07:15+05:30,25633.85,25633.9,25632.9,25633.35,19100
2026-02-05 10:07:20+05:30,25633.7,25633.7,25632.3,25632.3,39109
2026-02-05 10:07:25+05:30,25632.65,25633.15,25631.15,25631.2,46108
2026-02-05 10:07:30+05:30,25630.9,25632.15,25630.0,25630.0,20985
2026-02-05 10:07:35+05:30,25631.9,25631.9,25630.3,25630.8,45846
2026-02-05 10:07:40+05:30,25630.1,25636.7,25630.1,25634.85,94992
2026-02-05 10:07:45+05:30,25634.1,25637.3,25634.1,25637.25,54597
2026-02-05 10:07:50+05:30,25636.8,25638.65,25636.8,25638.55,61860
2026-02-05 10:07:55+05:30,25638.45,25640.1,25638.45,25639.25,34111
2026-02-05 10:08:00+05:30,25638.9,25639.55,25638.05,25639.55,49649
2026-02-05 10:08:05+05:30,25638.85,25643.35,25638.85,25642.85,69050
2026-02-05 10:08:10+05:30,25643.45,25645.8,25642.85,25644.95,22431
2026-02-05 10:08:15+05:30,25644.55,25645.0,25643.9,25644.75,56300
2026-02-05 10:08:20+05:30,25644.35,25646.0,25644.35,25645.05,46661
2026-02-05 10:08:25+05:30,25643.9,25644.65,25641.9,25642.25,27777
2026-02-05 10:08:30+05:30,25641.95,25642.1,25641.15,25642.0,53887
2026-02-05 10:08:35+05:30,25640.9,25641.2,25637.7,25637.85,30620
2026-02-05 10:08:40+05:30,25637.7,25638.65,25632.9,25633.5,61707
2026-02-05 10:08:45+05:30,25631.25,25632.2,25630.1,25631.15,128680
2026-02-05 10:08:50+05:30,25630.45,25632.25,25630.45,25631.65,57910
2026-02-05 10:08:55+05:30,25632.3,25633.0,25631.95,25633.0,68266
2026-02-05 10:09:00+05:30,25631.6,25633.95,25631.6,25631.95,53506
2026-02-05 10:09:05+05:30,25632.05,25635.6,25631.1,25635.6,94601
2026-02-05 10:09:10+05:30,25634.75,25634.95,25631.5,25631.5,50251
2026-02-05 10:09:15+05:30,25632.7,25635.3,25632.2,25634.9,64047
2026-02-05 10:09:20+05:30,25636.75,25637.35,25636.0,25636.2,40231
2026-02-05 10:09:25+05:30,25637.15,25637.15,25635.35,25636.55,43840
2026-02-05 10:09:30+05:30,25636.2,25636.2,25634.6,25635.35,40949
2026-02-05 10:09:35+05:30,25635.55,25635.65,25635.0,25635.0,41338
2026-02-05 10:09:40+05:30,25634.95,25638.2,25634.95,25638.2,43318
2026-02-05 10:09:45+05:30,25637.5,25638.75,25636.1,25636.1,51983
2026-02-05 10:09:50+05:30,25634.75,25638.85,25634.75,25638.2,40201
2026-02-05 10:09:55+05:30,25638.9,25638.9,25634.85,25637.1,39619
2026-02-05 10:10:00+05:30,25635.55,25637.5,25635.35,25636.9,31711
2026-02-05 10:10:05+05:30,25636.95,25641.35,25636.7,25641.35,38424
2026-02-05 10:10:10+05:30,25640.75,25645.15,25640.75,25645.15,65172
2026-02-05 10:10:15+05:30,25643.95,25645.8,25643.75,25645.3,35456
2026-02-05 10:10:20+05:30,25643.65,25650.05,25643.65,25649.9,79151
2026-02-05 10:10:25+05:30,25649.8,25651.25,25648.4,25651.25,55841
2026-02-05 10:10:30+05:30,25649.55,25652.6,25649.55,25652.6,37389
2026-02-05 10:10:35+05:30,25652.95,25654.7,25652.95,25654.2,75694
2026-02-05 10:10:40+05:30,25654.55,25656.7,25654.05,25654.05,122591
2026-02-05 10:10:45+05:30,25654.5,25654.55,25652.3,25653.6,87502
2026-02-05 10:10:50+05:30,25654.4,25656.75,25654.4,25655.6,108666
2026-02-05 10:10:55+05:30,25656.3,25661.05,25655.45,25660.6,139975
2026-02-05 10:11:00+05:30,25662.0,25663.5,25660.75,25662.75,145039
2026-02-05 10:11:05+05:30,25663.25,25665.2,25662.95,25664.75,43807
2026-02-05 10:11:10+05:30,25664.05,25664.35,25660.6,25661.95,72046
2026-02-05 10:11:15+05:30,25660.55,25661.15,25659.8,25661.1,70758
2026-02-05 10:11:20+05:30,25661.05,25661.05,25658.8,25660.8,46654
2026-02-05 10:11:25+05:30,25660.15,25660.4,25659.6,25660.1,101590
2026-02-05 10:11:30+05:30,25660.3,25667.4,25660.3,25667.35,83722
2026-02-05 10:11:35+05:30,25666.45,25667.45,25665.6,25666.1,97686
2026-02-05 10:11:40+05:30,25664.75,25667.15,25663.4,25664.4,67027
2026-02-05 10:11:45+05:30,25665.55,25666.15,25663.6,25664.1,45936
2026-02-05 10:11:50+05:30,25664.3,25665.6,25662.8,25664.95,44449
2026-02-05 10:11:55+05:30,25664.85,25664.85,25663.7,25663.85,41073
2026-02-05 10:12:00+05:30,25662.95,25664.6,25662.95,25664.6,55523
2026-02-05 10:12:05+05:30,25663.75,25664.8,25663.6,25664.65,31408
2026-02-05 10:12:10+05:30,25664.8,25666.7,25664.8,25666.1,30371
2026-02-05 10:12:15+05:30,25666.75,25667.4,25665.15,25667.4,115381
2026-02-05 10:12:20+05:30,25668.0,25668.3,25666.6,25667.9,32373
2026-02-05 10:12:25+05:30,25667.35,25668.15,25667.15,25667.45,69900
2026-02-05 10:12:30+05:30,25667.2,25667.2,25665.4,25665.65,85030
2026-02-05 10:12:35+05:30,25666.85,25668.0,25666.3,25668.0,57379
2026-02-05 10:12:40+05:30,25668.35,25669.2,25666.8,25667.4,90227
2026-02-05 10:12:45+05:30,25668.15,25668.15,25665.9,25665.9,56882
2026-02-05 10:12:50+05:30,25667.4,25667.4,25664.95,25664.95,55282
2026-02-05 10:12:55+05:30,25662.5,25665.45,25661.75,25665.45,48921
2026-02-05 10:13:00+05:30,25664.25,25665.65,25664.25,25665.4,1223875
2026-02-05 10:13:05+05:30,25666.2,25666.2,25664.65,25664.85,153762
2026-02-05 10:13:10+05:30,25665.35,25666.9,25664.85,25664.85,82987
2026-02-05 10:13:15+05:30,25666.3,25666.3,25664.1,25664.95,77893
2026-02-05 10:13:20+05:30,25665.3,25665.55,25662.35,25662.35,62121
2026-02-05 10:13:25+05:30,25662.8,25664.15,25661.0,25661.0,50549
2026-02-05 10:13:30+05:30,25662.1,25664.65,25661.3,25664.4,109389
2026-02-05 10:13:35+05:30,25664.9,25665.8,25664.5,25665.65,44947
2026-02-05 10:13:40+05:30,25665.55,25670.85,25665.55,25670.85,45310
2026-02-05 10:13:45+05:30,25670.25,25670.25,25665.8,25666.25,118556
2026-02-05 10:13:50+05:30,25667.25,25668.0,25667.0,25667.35,37123
2026-02-05 10:13:55+05:30,25666.5,25668.05,25666.5,25667.45,25307
2026-02-05 10:14:00+05:30,25667.5,25668.2,25666.2,25666.7,76121
2026-02-05 10:14:05+05:30,25666.0,25668.1,25665.55,25668.05,88597
2026-02-05 10:14:10+05:30,25667.5,25670.25,25667.5,25668.8,92390
2026-02-05 10:14:15+05:30,25669.6,25669.6,25667.9,25668.85,77040
2026-02-05 10:14:20+05:30,25670.65,25672.1,25669.1,25669.95,90259
2026-02-05 10:14:25+05:30,25669.9,25670.8,25669.0,25669.35,41913
2026-02-05 10:14:30+05:30,25668.85,25672.75,25668.85,25671.5,65889
2026-02-05 10:14:35+05:30,25672.65,25672.65,25671.1,25671.4,32276
2026-02-05 10:14:40+05:30,25672.85,25675.55,25672.85,25674.25,56743
2026-02-05 10:14:45+05:30,25674.15,25675.5,25673.75,25675.5,60781
2026-02-05 10:14:50+05:30,25675.35,25675.95,25673.75,25675.55,110186
2026-02-05 10:14:55+05:30,25675.8,25676.7,25672.75,25672.75,76549
2026-02-05 10:15:00+05:30,25672.5,25673.1,25669.3,25669.3,96576
2026-02-05 10:15:05+05:30,25670.75,25670.75,25669.25,25669.75,65363
2026-02-05 10:15:10+05:30,25669.55,25672.5,25669.55,25672.2,69023
2026-02-05 10:15:15+05:30,25672.0,25672.55,25669.15,25670.75,73696
2026-02-05 10:15:20+05:30,25670.35,25671.15,25669.3,25670.2,19368
2026-02-05 10:15:25+05:30,25669.1,25671.25,25669.1,25670.7,125524
2026-02-05 10:15:30+05:30,25669.6,25670.05,25668.5,25668.5,48823
2026-02-05 10:15:35+05:30,25668.55,25668.55,25666.25,25667.15,56393
2026-02-05 10:15:40+05:30,25666.25,25668.3,25666.25,25666.6,78763
2026-02-05 10:15:45+05:30,25666.9,25667.2,25665.5,25665.5,66517
2026-02-05 10:15:50+05:30,25665.15,25665.65,25664.05,25664.05,107997
2026-02-05 10:15:55+05:30,25663.9,25665.4,25663.5,25665.4,31407
2026-02-05 10:16:00+05:30,25665.85,25665.85,25664.0,25664.6,39905
2026-02-05 10:16:05+05:30,25665.0,25665.0,25663.55,25663.55,31499
2026-02-05 10:16:10+05:30,25663.4,25664.65,25663.4,25663.55,28987
2026-02-05 10:16:15+05:30,25663.85,25665.7,25663.85,25665.25,43306
2026-02-05 10:16:20+05:30,25666.2,25667.1,25665.4,25667.1,131013
2026-02-05 10:16:25+05:30,25666.4,25666.4,25664.85,25665.8,83255
2026-02-05 10:16:30+05:30,25666.45,25670.7,25666.45,25669.8,84992
2026-02-05 10:16:35+05:30,25669.7,25670.3,25669.1,25669.55,42836
2026-02-05 10:16:40+05:30,25669.1,25671.25,25669.1,25671.25,31560
2026-02-05 10:16:45+05:30,25671.35,25671.35,25669.05,25671.1,49050
2026-02-05 10:16:50+05:30,25670.45,25671.4,25670.45,25670.5,32104
2026-02-05 10:16:55+05:30,25669.5,25669.5,25667.55,25667.55,52869
2026-02-05 10:17:00+05:30,25667.3,25668.35,25665.75,25666.15,58428
2026-02-05 10:17:05+05:30,25666.1,25666.1,25664.35,25664.5,34631
2026-02-05 10:17:10+05:30,25664.1,25665.1,25663.25,25663.85,67974
2026-02-05 10:17:15+05:30,25662.75,25663.85,25661.4,25661.4,36154
2026-02-05 10:17:20+05:30,25662.25,25662.85,25661.3,25662.55,66533
2026-02-05 10:17:25+05:30,25662.0,25662.0,25659.7,25660.25,57868
2026-02-05 10:17:30+05:30,25660.15,25661.3,25659.45,25661.2,48262
2026-02-05 10:17:35+05:30,25661.4,25661.4,25659.8,25661.05,34886
2026-02-05 10:17:40+05:30,25660.95,25664.15,25660.95,25664.15,49543
2026-02-05 10:17:45+05:30,25664.05,25664.05,25662.55,25662.75,57822
2026-02-05 10:17:50+05:30,25662.65,25663.05,25662.05,25662.95,39681
2026-02-05 10:17:55+05:30,25663.0,25663.35,25660.8,25660.8,53912
2026-02-05 10:18:00+05:30,25659.95,25660.7,25659.5,25660.5,31972
2026-02-05 10:18:05+05:30,25661.3,25661.45,25659.45,25659.45,32338
2026-02-05 10:18:10+05:30,25659.5,25660.5,25659.2,25659.2,31517
2026-02-05 10:18:15+05:30,25658.75,25660.0,25657.7,25657.7,38532
2026-02-05 10:18:20+05:30,25658.3,25658.95,25657.3,25658.75,28669
2026-02-05 10:18:25+05:30,25658.8,25658.8,25657.45,25657.45,31904
2026-02-05 10:18:30+05:30,25657.85,25660.7,25657.85,25660.5,88819
2026-02-05 10:18:35+05:30,25660.3,25662.25,25660.3,25662.25,59724
2026-02-05 10:18:40+05:30,25661.4,25666.95,25661.4,25666.95,48864
2026-02-05 10:18:45+05:30,25666.2,25666.2,25661.8,25662.3,42051
2026-02-05 10:18:50+05:30,25662.5,25663.7,25662.0,25662.7,18887
2026-02-05 10:18:55+05:30,25661.95,25662.4,25660.25,25660.55,25826
2026-02-05 10:19:00+05:30,25660.75,25662.8,25660.75,25662.6,29192
2026-02-05 10:19:05+05:30,25662.15,25662.15,25660.2,25661.1,58690
2026-02-05 10:19:10+05:30,25660.55,25662.6,25660.55,25661.7,26978
2026-02-05 10:19:15+05:30,25662.25,25662.95,25661.6,25662.9,39614
2026-02-05 10:19:20+05:30,25663.15,25664.55,25662.7,25664.1,36629
2026-02-05 10:19:25+05:30,25663.25,25666.35,25663.25,25665.05,79916
2026-02-05 10:19:30+05:30,25665.7,25669.75,25665.6,25668.5,71031
2026-02-05 10:19:35+05:30,25669.95,25669.95,25668.8,25669.55,105205
2026-02-05 10:19:40+05:30,25670.0,25671.2,25668.75,25669.9,56687
2026-02-05 10:19:45+05:30,25669.65,25669.65,25667.35,25667.35,36324
2026-02-05 10:19:50+05:30,25668.6,25671.0,25668.5,25670.8,49821
2026-02-05 10:19:55+05:30,25670.6,25671.65,25669.25,25670.55,36536
2026-02-05 10:20:00+05:30,25670.6,25674.7,25670.6,25674.45,54663
2026-02-05 10:20:05+05:30,25674.3,25675.75,25673.15,25675.75,94884
2026-02-05 10:20:10+05:30,25676.0,25678.2,25676.0,25677.8,78335
2026-02-05 10:20:15+05:30,25677.85,25679.35,25677.6,25677.6,302167
2026-02-05 10:20:20+05:30,25677.8,25682.1,25677.55,25682.05,55299
2026-02-05 10:20:25+05:30,25681.0,25681.15,25679.6,25679.6,65471
2026-02-05 10:20:30+05:30,25679.45,25680.2,25679.1,25679.1,61854
2026-02-05 10:20:35+05:30,25679.35,25679.5,25677.75,25677.75,52005
2026-02-05 10:20:40+05:30,25678.7,25683.1,25678.7,25683.1,173022
2026-02-05 10:20:45+05:30,25682.6,25684.95,25682.35,25682.35,132304
2026-02-05 10:20:50+05:30,25682.3,25683.55,25680.9,25683.25,67238
2026-02-05 10:20:55+05:30,25682.05,25684.1,25682.05,25683.55,53541
2026-02-05 10:21:00+05:30,25683.6,25686.5,25683.6,25686.15,48182
2026-02-05 10:21:05+05:30,25686.3,25686.9,25685.85,25686.65,463258
2026-02-05 10:21:10+05:30,25687.0,25687.75,25684.15,25684.7,70440
2026-02-05 10:21:15+05:30,25684.6,25684.8,25679.5,25679.5,60218
2026-02-05 10:21:20+05:30,25679.65,25679.65,25677.35,25678.2,127894
2026-02-05 10:21:25+05:30,25678.25,25678.8,25676.35,25677.05,61337
2026-02-05 10:21:30+05:30,25677.1,25678.1,25676.2,25677.75,39076
2026-02-05 10:21:35+05:30,25677.6,25678.25,25677.05,25678.25,111014
2026-02-05 10:21:40+05:30,25678.05,25682.85,25678.05,25681.75,65408
2026-02-05 10:21:45+05:30,25682.2,25682.2,25679.95,25680.1,47537
2026-02-05 10:21:50+05:30,25681.6,25683.85,25681.45,25683.85,139348
2026-02-05 10:21:55+05:30,25683.75,25683.95,25682.75,25683.95,33073
2026-02-05 10:22:00+05:30,25683.1,25684.45,25681.7,25681.7,50735
2026-02-05 10:22:05+05:30,25682.65,25682.65,25679.6,25679.6,29375
2026-02-05 10:22:10+05:30,25679.65,25685.0,25679.65,25684.75,40075
2026-02-05 10:22:15+05:30,25682.9,25684.5,25681.65,25684.5,45340
2026-02-05 10:22:20+05:30,25689.5,25690.85,25686.85,25690.05,111350
2026-02-05 10:22:25+05:30,25689.4,25692.3,25689.4,25692.05,49361
2026-02-05 10:22:30+05:30,25691.65,25694.4,25691.65,25692.7,101473
2026-02-05 10:22:35+05:30,25693.8,25693.85,25692.35,25692.35,44081
2026-02-05 10:22:40+05:30,25693.4,25695.15,25692.85,25692.85,92470
2026-02-05 10:22:45+05:30,25693.55,25695.3,25693.1,25694.4,107167
2026-02-05 10:22:50+05:30,25695.75,25696.6,25694.8,25695.4,73770
2026-02-05 10:22:55+05:30,25694.15,25695.85,25692.8,25693.1,55938
2026-02-05 10:23:00+05:30,25693.45,25693.6,25691.45,25692.65,39422
2026-02-05 10:23:05+05:30,25693.75,25693.75,25692.35,25692.45,69183
2026-02-05 10:23:10+05:30,25692.85,25694.75,25692.05,25692.65,36913
2026-02-05 10:23:15+05:30,25692.35,25696.0,25692.35,25696.0,45673
2026-02-05 10:23:20+05:30,25696.7,25697.7,25696.7,25696.75,44388
2026-02-05 10:23:25+05:30,25696.25,25696.85,25693.4,25694.1,70688
2026-02-05 10:23:30+05:30,25694.05,25694.6,25693.5,25693.8,83666
2026-02-05 10:23:35+05:30,25693.5,25693.5,25691.35,25691.6,48393
2026-02-05 10:23:40+05:30,25691.15,25692.4,25691.15,25692.4,47016
2026-02-05 10:23:45+05:30,25691.8,25694.05,25691.8,25694.05,200947
2026-02-05 10:23:50+05:30,25693.75,25695.05,25693.7,25694.95,40626
2026-02-05 10:23:55+05:30,25695.15,25695.65,25694.1,25694.6,125620
2026-02-05 10:24:00+05:30,25694.45,25697.85,25694.45,25697.8,76754
2026-02-05 10:24:05+05:30,25696.7,25696.95,25694.2,25694.2,45356
2026-02-05 10:24:10+05:30,25694.4,25696.1,25693.1,25693.1,49008
2026-02-05 10:24:15+05:30,25693.45,25694.4,25693.4,25694.25,51379
2026-02-05 10:24:20+05:30,25694.2,25697.0,25694.05,25696.75,37252
2026-02-05 10:24:25+05:30,25697.05,25697.2,25695.7,25695.7,41043
2026-02-05 10:24:30+05:30,25696.4,25700.45,25696.4,25700.4,60185
2026-02-05 10:24:35+05:30,25700.3,25700.35,25698.45,25698.45,32123
2026-02-05 10:24:40+05:30,25698.85,25699.6,25697.25,25697.85,46212
2026-02-05 10:24:45+05:30,25697.75,25698.25,25696.55,25697.65,42277
2026-02-05 10:24:50+05:30,25697.25,25697.55,25696.15,25697.05,59813
2026-02-05 10:24:55+05:30,25696.85,25698.15,25694.6,25694.6,33226
2026-02-05 10:25:00+05:30,25694.85,25696.1,25694.7,25696.1,66600
2026-02-05 10:25:05+05:30,25696.15,25696.4,25695.25,25695.25,38398
2026-02-05 10:25:10+05:30,25695.8,25696.1,25694.15,25695.25,62743
2026-02-05 10:25:15+05:30,25694.9,25695.05,25693.5,25693.5,36876
2026-02-05 10:25:20+05:30,25694.0,25694.8,25692.75,25692.75,47945
2026-02-05 10:25:25+05:30,25693.2,25693.65,25690.75,25690.8,54507
2026-02-05 10:25:30+05:30,25690.55,25691.6,25690.25,25691.5,51128
2026-02-05 10:25:35+05:30,25691.7,25691.7,25690.65,25691.2,32183
2026-02-05 10:25:40+05:30,25690.8,25693.1,25690.8,25692.2,45714
2026-02-05 10:25:45+05:30,25692.65,25693.45,25691.65,25693.25,45334
2026-02-05 10:25:50+05:30,25694.1,25697.35,25693.15,25696.5,50213
2026-02-05 10:25:55+05:30,25696.15,25697.2,25695.7,25695.7,91775
2026-02-05 10:26:00+05:30,25695.45,25696.2,25694.85,25696.1,71984
2026-02-05 10:26:05+05:30,25695.85,25697.55,25695.85,25696.2,158841
2026-02-05 10:26:10+05:30,25696.05,25697.9,25695.95,25697.55,55508
2026-02-05 10:26:15+05:30,25697.1,25697.75,25696.25,25697.15,36174
2026-02-05 10:26:20+05:30,25696.5,25697.5,25696.0,25697.1,50296
2026-02-05 10:26:25+05:30,25697.05,25697.85,25696.9,25697.85,37742
2026-02-05 10:26:30+05:30,25697.65,25698.2,25697.25,25698.05,41070
2026-02-05 10:26:35+05:30,25698.3,25698.35,25697.4,25697.4,56799
2026-02-05 10:26:40+05:30,25698.0,25698.35,25696.7,25696.7,52015
2026-02-05 10:26:45+05:30,25695.55,25695.85,25694.05,25695.7,48054
2026-02-05 10:26:50+05:30,25695.15,25695.15,25693.65,25695.1,35447
2026-02-05 10:26:55+05:30,25694.9,25694.9,25692.4,25692.7,51094
2026-02-05 10:27:00+05:30,25692.85,25694.95,25692.3,25694.95,73065
2026-02-05 10:27:05+05:30,25694.4,25695.45,25694.4,25695.2,34286
2026-02-05 10:27:10+05:30,25695.8,25696.25,25694.05,25694.05,38973
2026-02-05 10:27:15+05:30,25694.85,25696.3,25694.85,25695.0,42393
2026-02-05 10:27:20+05:30,25694.55,25694.55,25692.35,25692.65,43459
2026-02-05 10:27:25+05:30,25693.2,25693.2,25690.15,25691.15,61122
2026-02-05 10:27:30+05:30,25691.9,25694.15,25691.9,25694.15,36757
2026-02-05 10:27:35+05:30,25694.2,25694.2,25691.2,25693.05,51146
2026-02-05 10:27:40+05:30,25691.95,25693.15,25691.4,25691.9,42551
2026-02-05 10:27:45+05:30,25692.0,25692.25,25691.2,25691.2,40468
2026-02-05 10:27:50+05:30,25691.75,25691.85,25690.3,25691.1,53599
2026-02-05 10:27:55+05:30,25690.75,25690.75,25687.25,25687.3,60639
2026-02-05 10:28:00+05:30,25686.65,25688.65,25686.65,25688.25,34665
2026-02-05 10:28:05+05:30,25687.9,25687.9,25685.95,25687.0,38183
2026-02-05 10:28:10+05:30,25687.45,25689.0,25687.45,25688.95,53002
2026-02-05 10:28:15+05:30,25689.0,25689.5,25687.6,25689.35,44696
2026-02-05 10:28:20+05:30,25689.15,25689.25,25688.2,25688.2,40377
2026-02-05 10:28:25+05:30,25688.2,25688.2,25685.05,25685.8,32092
2026-02-05 10:28:30+05:30,25686.0,25687.15,25684.15,25685.45,110865
2026-02-05 10:28:35+05:30,25685.9,25686.45,25684.05,25684.05,23455
2026-02-05 10:28:40+05:30,25684.3,25684.3,25681.65,25681.9,79759
2026-02-05 10:28:45+05:30,25681.05,25681.7,25679.8,25680.65,60889
2026-02-05 10:28:50+05:30,25680.2,25680.35,25678.55,25678.55,75402
2026-02-05 10:28:55+05:30,25678.65,25678.75,25677.1,25677.1,47802
2026-02-05 10:29:00+05:30,25676.85,25677.85,25674.3,25677.45,64977
2026-02-05 10:29:05+05:30,25677.55,25679.75,25677.1,25677.1,77639
2026-02-05 10:29:10+05:30,25677.7,25681.3,25677.7,25681.1,87566
2026-02-05 10:29:15+05:30,25680.0,25680.9,25679.4,25679.75,43868
2026-02-05 10:29:20+05:30,25681.0,25681.2,25676.45,25676.45,34576
2026-02-05 10:29:25+05:30,25676.75,25676.75,25671.6,25671.7,46200
2026-02-05 10:29:30+05:30,25672.5,25674.95,25671.3,25674.95,37845
2026-02-05 10:29:35+05:30,25674.35,25674.35,25671.05,25671.05,37337
2026-02-05 10:29:40+05:30,25670.8,25672.35,25670.8,25670.9,43969
2026-02-05 10:29:45+05:30,25671.3,25672.05,25669.85,25670.75,42793
2026-02-05 10:29:50+05:30,25671.15,25672.0,25669.35,25670.8,50210
2026-02-05 10:29:55+05:30,25669.9,25670.4,25668.95,25669.55,61646
2026-02-05 10:30:00+05:30,25668.9,25670.65,25668.9,25669.1,89456
2026-02-05 10:30:05+05:30,25669.05,25669.05,25667.4,25667.4,181096
2026-02-05 10:30:10+05:30,25667.2,25667.8,25666.6,25666.75,2154605
2026-02-05 10:30:15+05:30,25665.9,25667.0,25665.45,25666.9,65901
2026-02-05 10:30:20+05:30,25667.55,25669.65,25667.55,25668.5,65477
2026-02-05 10:30:25+05:30,25668.45,25668.6,25667.35,25667.7,43308
2026-02-05 10:30:30+05:30,25667.55,25668.95,25667.55,25668.15,42960
2026-02-05 10:30:35+05:30,25668.25,25669.05,25667.9,25668.55,96295
2026-02-05 10:30:40+05:30,25668.0,25669.9,25668.0,25669.75,43241
2026-02-05 10:30:45+05:30,25669.65,25670.4,25668.75,25669.3,35894
2026-02-05 10:30:50+05:30,25669.75,25670.85,25669.45,25669.95,69377
2026-02-05 10:30:55+05:30,25670.1,25670.55,25667.3,25667.3,61257
2026-02-05 10:31:00+05:30,25666.3,25666.5,25660.1,25660.1,93324
2026-02-05 10:31:05+05:30,25660.5,25660.55,25655.25,25655.25,45776
2026-02-05 10:31:10+05:30,25655.3,25658.1,25655.3,25658.0,112672
2026-02-05 10:31:15+05:30,25657.95,25658.3,25656.5,25657.6,40525
2026-02-05 10:31:20+05:30,25657.9,25659.0,25656.8,25658.55,87820
2026-02-05 10:31:25+05:30,25658.5,25659.35,25657.85,25659.2,82324
2026-02-05 10:31:30+05:30,25658.65,25661.15,25658.65,25661.15,85862
2026-02-05 10:31:35+05:30,25661.4,25661.4,25659.6,25659.65,73885
2026-02-05 10:31:40+05:30,25659.35,25660.95,25658.5,25660.5,85805
2026-02-05 10:31:45+05:30,25660.65,25663.05,25660.65,25662.0,109389
2026-02-05 10:31:50+05:30,25662.5,25663.4,25662.0,25662.65,114837
2026-02-05 10:31:55+05:30,25662.25,25663.25,25661.85,25662.65,75236
2026-02-05 10:32:00+05:30,25661.6,25665.85,25661.6,25665.85,128829
2026-02-05 10:32:05+05:30,25665.05,25668.05,25665.05,25668.05,86876
2026-02-05 10:32:10+05:30,25667.5,25669.0,25665.05,25665.45,61603
2026-02-05 10:32:15+05:30,25664.85,25665.6,25664.1,25664.5,50233
2026-02-05 10:32:20+05:30,25664.65,25664.65,25660.9,25660.9,62079
2026-02-05 10:32:25+05:30,25659.35,25659.55,25658.3,25658.65,73031
2026-02-05 10:32:30+05:30,25658.4,25659.95,25658.35,25659.4,62475
2026-02-05 10:32:35+05:30,25659.5,25659.5,25656.35,25657.0,88173
2026-02-05 10:32:40+05:30,25657.3,25659.1,25657.3,25658.8,41865
2026-02-05 10:32:45+05:30,25658.95,25659.85,25658.4,25658.65,79793
2026-02-05 10:32:50+05:30,25658.75,25660.55,25658.75,25659.5,39816
2026-02-05 10:32:55+05:30,25659.95,25659.95,25657.3,25657.3,62702
2026-02-05 10:33:00+05:30,25657.9,25658.2,25657.15,25657.9,49829
2026-02-05 10:33:05+05:30,25658.6,25658.85,25656.75,25656.75,52298
2026-02-05 10:33:10+05:30,25657.15,25657.8,25656.8,25656.9,28143
2026-02-05 10:33:15+05:30,25657.05,25658.25,25655.9,25655.9,41431
2026-02-05 10:33:20+05:30,25656.3,25656.6,25655.15,25655.25,45455
2026-02-05 10:33:25+05:30,25655.1,25655.1,25652.25,25652.4,46592
2026-02-05 10:33:30+05:30,25651.5,25652.3,25650.6,25650.6,27808
2026-02-05 10:33:35+05:30,25650.65,25650.65,25649.85,25650.05,42019
2026-02-05 10:33:40+05:30,25649.85,25652.2,25649.85,25652.2,34528
2026-02-05 10:33:45+05:30,25651.6,25652.1,25650.45,25650.85,28477
2026-02-05 10:33:50+05:30,25650.8,25651.95,25650.5,25651.6,33718
2026-02-05 10:33:55+05:30,25651.45,25651.65,25649.1,25649.1,26423
2026-02-05 10:34:00+05:30,25648.65,25649.05,25645.95,25646.85,66990
2026-02-05 10:34:05+05:30,25646.2,25646.2,25643.4,25643.4,64175
2026-02-05 10:34:10+05:30,25643.15,25645.95,25643.15,25644.05,33519
2026-02-05 10:34:15+05:30,25643.9,25643.9,25641.2,25642.45,37111
2026-02-05 10:34:20+05:30,25642.55,25644.75,25642.2,25644.3,47526
2026-02-05 10:34:25+05:30,25643.5,25643.85,25642.0,25642.4,42454
2026-02-05 10:34:30+05:30,25642.75,25643.55,25642.0,25642.45,96224
2026-02-05 10:34:35+05:30,25642.3,25642.75,25641.7,25642.15,58376
2026-02-05 10:34:40+05:30,25642.25,25645.4,25642.25,25644.6,36181
2026-02-05 10:34:45+05:30,25645.4,25646.55,25645.1,25645.8,30180
2026-02-05 10:34:50+05:30,25647.1,25648.3,25646.45,25646.45,37174
2026-02-05 10:34:55+05:30,25646.4,25647.6,25646.2,25646.7,24359
2026-02-05 10:35:00+05:30,25646.9,25647.7,25645.8,25645.95,48823
2026-02-05 10:35:05+05:30,25646.65,25646.65,25644.45,25644.45,29411
2026-02-05 10:35:10+05:30,25645.35,25647.75,25645.15,25647.45,38760
2026-02-05 10:35:15+05:30,25647.3,25650.35,25647.3,25650.35,87579
2026-02-05 10:35:20+05:30,25650.55,25651.75,25650.25,25651.05,47073
2026-02-05 10:35:25+05:30,25651.9,25651.95,25651.15,25651.95,38364
2026-02-05 10:35:30+05:30,25651.55,25653.35,25651.55,25653.2,55841
2026-02-05 10:35:35+05:30,25653.4,25653.4,25651.5,25652.15,70144
2026-02-05 10:35:40+05:30,25653.05,25653.05,25651.35,25651.35,102760
2026-02-05 10:35:45+05:30,25651.1,25651.25,25648.35,25648.35,47433
2026-02-05 10:35:50+05:30,25648.55,25648.8,25646.6,25646.6,46815
2026-02-05 10:35:55+05:30,25646.8,25647.0,25645.8,25645.8,48792
2026-02-05 10:36:00+05:30,25646.05,25646.05,25642.25,25643.05,52967
2026-02-05 10:36:05+05:30,25643.55,25644.7,25642.8,25644.7,50401
2026-02-05 10:36:10+05:30,25644.6,25645.55,25642.15,25642.15,44536
2026-02-05 10:36:15+05:30,25642.1,25647.95,25642.1,25647.45,60975
2026-02-05 10:36:20+05:30,25647.6,25647.6,25645.4,25645.45,71034
2026-02-05 10:36:25+05:30,25644.7,25646.7,25644.7,25646.7,36468
2026-02-05 10:36:30+05:30,25645.5,25647.4,25645.5,25645.9,45575
2026-02-05 10:36:35+05:30,25645.6,25645.65,25643.75,25644.0,41690
2026-02-05 10:36:40+05:30,25643.75,25645.0,25642.8,25643.35,39581
2026-02-05 10:36:45+05:30,25643.05,25643.4,25641.9,25642.8,38080
2026-02-05 10:36:50+05:30,25642.45,25643.0,25641.85,25642.6,82956
2026-02-05 10:36:55+05:30,25642.0,25644.0,25642.0,25643.6,34405
2026-02-05 10:37:00+05:30,25643.3,25645.2,25643.2,25644.95,44858
2026-02-05 10:37:05+05:30,25644.1,25644.35,25642.95,25643.4,30070
2026-02-05 10:37:10+05:30,25643.5,25643.95,25641.0,25641.0,31937
2026-02-05 10:37:15+05:30,25641.8,25642.4,25639.2,25640.4,59627
2026-02-05 10:37:20+05:30,25640.85,25641.75,25639.8,25640.5,58696
2026-02-05 10:37:25+05:30,25640.75,25643.4,25640.55,25641.4,41427
2026-02-05 10:37:30+05:30,25640.35,25644.95,25640.35,25644.95,46702
2026-02-05 10:37:35+05:30,25644.55,25646.95,25644.5,25646.45,51770
2026-02-05 10:37:40+05:30,25647.0,25647.65,25646.5,25647.3,37473
2026-02-05 10:37:45+05:30,25646.3,25647.8,25645.5,25645.65,40643
2026-02-05 10:37:50+05:30,25645.05,25645.85,25644.3,25644.9,25413
2026-02-05 10:37:55+05:30,25643.95,25644.85,25641.95,25641.95,26610
2026-02-05 10:38:00+05:30,25641.2,25642.05,25639.85,25639.85,48170
2026-02-05 10:38:05+05:30,25640.05,25640.05,25638.5,25638.5,35424
2026-02-05 10:38:10+05:30,25638.25,25639.8,25638.25,25638.75,80376
2026-02-05 10:38:15+05:30,25638.65,25638.65,25636.35,25637.8,53588
2026-02-05 10:38:20+05:30,25637.9,25637.9,25636.6,25636.6,31145
2026-02-05 10:38:25+05:30,25636.95,25637.6,25636.0,25636.45,47202
2026-02-05 10:38:30+05:30,25636.9,25638.0,25636.0,25636.05,38364
2026-02-05 10:38:35+05:30,25637.5,25637.8,25636.0,25637.8,37525
2026-02-05 10:38:40+05:30,25637.1,25639.0,25637.1,25637.6,56839
2026-02-05 10:38:45+05:30,25637.65,25638.35,25636.2,25637.25,26757
2026-02-05 10:38:50+05:30,25636.9,25636.9,25635.25,25635.25,55868
2026-02-05 10:38:55+05:30,25635.5,25635.5,25632.95,25632.95,62706
2026-02-05 10:39:00+05:30,25633.0,25633.05,25632.25,25632.8,58088
2026-02-05 10:39:05+05:30,25633.05,25633.05,25630.25,25630.25,47592
2026-02-05 10:39:10+05:30,25630.85,25631.3,25628.2,25628.95,59550
2026-02-05 10:39:15+05:30,25628.25,25629.0,25627.35,25628.15,98199
2026-02-05 10:39:20+05:30,25628.1,25629.75,25628.0,25628.45,105249
2026-02-05 10:39:25+05:30,25628.15,25628.5,25626.65,25627.6,62623
2026-02-05 10:39:30+05:30,25628.55,25630.9,25628.55,25629.55,47754
2026-02-05 10:39:35+05:30,25629.8,25629.8,25627.15,25627.15,52881
2026-02-05 10:39:40+05:30,25627.85,25629.8,25627.85,25629.45,38038
2026-02-05 10:39:45+05:30,25629.7,25630.45,25628.6,25629.75,75760
2026-02-05 10:39:50+05:30,25629.45,25630.35,25629.05,25629.05,40997
2026-02-05 10:39:55+05:30,25629.15,25629.15,25627.8,25627.8,56298
2026-02-05 10:40:00+05:30,25627.45,25628.85,25626.9,25626.9,47097
2026-02-05 10:40:05+05:30,25627.85,25628.9,25627.05,25628.2,91537
2026-02-05 10:40:10+05:30,25627.6,25629.1,25627.6,25629.05,29319
2026-02-05 10:40:15+05:30,25628.6,25629.45,25627.35,25627.75,33978
2026-02-05 10:40:20+05:30,25628.85,25629.7,25628.75,25628.8,64972
2026-02-05 10:40:25+05:30,25628.95,25629.45,25627.5,25627.5,63418
2026-02-05 10:40:30+05:30,25628.25,25628.75,25627.8,25627.8,73997
2026-02-05 10:40:35+05:30,25628.2,25628.2,25624.85,25624.85,39773
2026-02-05 10:40:40+05:30,25624.75,25626.3,25623.55,25624.95,72858
2026-02-05 10:40:45+05:30,25624.6,25625.8,25623.65,25624.4,38058
2026-02-05 10:40:50+05:30,25624.55,25628.2,25624.55,25627.7,107980
2026-02-05 10:40:55+05:30,25627.25,25627.95,25625.55,25627.95,62782
2026-02-05 10:41:00+05:30,25630.65,25637.95,25630.65,25635.6,147083
2026-02-05 10:41:05+05:30,25637.7,25637.85,25636.7,25637.15,57698
2026-02-05 10:41:10+05:30,25637.75,25640.45,25637.2,25639.4,32513
2026-02-05 10:41:15+05:30,25638.55,25639.7,25637.9,25639.7,29554
2026-02-05 10:41:20+05:30,25640.55,25643.6,25640.55,25642.95,44479
2026-02-05 10:41:25+05:30,25642.0,25644.35,25641.75,25642.7,27531
2026-02-05 10:41:30+05:30,25642.0,25643.6,25641.85,25642.3,36628
2026-02-05 10:41:35+05:30,25642.9,25644.4,25642.7,25642.85,38938
2026-02-05 10:41:40+05:30,25643.55,25644.85,25643.1,25643.25,26157
2026-02-05 10:41:45+05:30,25642.35,25646.4,25640.9,25646.4,93847
2026-02-05 10:41:50+05:30,25647.25,25649.05,25646.45,25647.9,76454
2026-02-05 10:41:55+05:30,25647.25,25648.75,25647.25,25648.15,44216
2026-02-05 10:42:00+05:30,25648.0,25649.65,25647.75,25648.7,28316
2026-02-05 10:42:05+05:30,25648.95,25649.25,25647.55,25648.15,35560
2026-02-05 10:42:10+05:30,25648.05,25649.75,25647.9,25648.7,38591
2026-02-05 10:42:15+05:30,25648.45,25649.05,25647.35,25648.0,39574
2026-02-05 10:42:20+05:30,25648.45,25649.0,25647.6,25649.0,28598
2026-02-05 10:42:25+05:30,25648.75,25649.05,25647.85,25649.05,32160
2026-02-05 10:42:30+05:30,25648.95,25649.85,25647.85,25648.55,29369
2026-02-05 10:42:35+05:30,25648.2,25648.6,25647.55,25648.6,126421
2026-02-05 10:42:40+05:30,25647.7,25649.75,25647.7,25648.8,38416
2026-02-05 10:42:45+05:30,25649.3,25649.3,25647.15,25647.15,47136
2026-02-05 10:42:50+05:30,25646.55,25646.55,25644.75,25645.2,81732
2026-02-05 10:42:55+05:30,25645.7,25645.7,25643.95,25643.95,27196
2026-02-05 10:43:00+05:30,25643.7,25645.2,25643.7,25644.6,44520
2026-02-05 10:43:05+05:30,25644.1,25645.0,25643.25,25643.65,81426
2026-02-05 10:43:10+05:30,25643.35,25645.5,25643.35,25645.5,43454
2026-02-05 10:43:15+05:30,25644.6,25646.7,25644.6,25645.0,53942
2026-02-05 10:43:20+05:30,25645.75,25648.1,25645.2,25646.15,30911
2026-02-05 10:43:25+05:30,25645.75,25646.55,25644.9,25646.45,27960
2026-02-05 10:43:30+05:30,25646.6,25647.65,25645.8,25646.9,65993
2026-02-05 10:43:35+05:30,25648.05,25648.05,25646.7,25647.6,36228
2026-02-05 10:43:40+05:30,25646.6,25648.7,25646.6,25647.0,39706
2026-02-05 10:43:45+05:30,25645.9,25646.3,25645.0,25645.45,38164
2026-02-05 10:43:50+05:30,25645.4,25649.3,25645.4,25647.75,32877
2026-02-05 10:43:55+05:30,25648.6,25650.3,25648.4,25650.3,40109
2026-02-05 10:44:00+05:30,25650.0,25651.0,25648.95,25649.85,55486
2026-02-05 10:44:05+05:30,25650.1,25650.1,25648.25,25648.45,26902
2026-02-05 10:44:10+05:30,25648.3,25649.85,25647.3,25648.35,23837
2026-02-05 10:44:15+05:30,25648.05,25648.55,25646.85,25646.9,28408
2026-02-05 10:44:20+05:30,25648.65,25650.45,25647.95,25649.8,36027
2026-02-05 10:44:25+05:30,25648.75,25650.15,25648.75,25649.4,37039
2026-02-05 10:44:30+05:30,25649.25,25649.35,25648.15,25648.2,40604
2026-02-05 10:44:35+05:30,25649.2,25649.2,25647.7,25648.45,26651
2026-02-05 10:44:40+05:30,25647.85,25648.3,25645.7,25646.75,60129
2026-02-05 10:44:45+05:30,25644.75,25645.95,25644.35,25644.65,74718
2026-02-05 10:44:50+05:30,25645.35,25645.65,25643.55,25644.4,46120
2026-02-05 10:44:55+05:30,25644.05,25644.6,25642.65,25642.65,35408
2026-02-05 10:45:00+05:30,25642.8,25644.0,25641.55,25642.15,64600
2026-02-05 10:45:05+05:30,25641.95,25641.95,25639.85,25641.45,32908
2026-02-05 10:45:10+05:30,25639.05,25641.45,25638.85,25640.05,71431
2026-02-05 10:45:15+05:30,25640.3,25640.6,25639.85,25639.85,47731
2026-02-05 10:45:20+05:30,25640.45,25641.7,25640.4,25640.5,48403
2026-02-05 10:45:25+05:30,25640.7,25640.7,25639.25,25639.85,18823
2026-02-05 10:45:30+05:30,25639.7,25640.8,25638.0,25638.9,164945
2026-02-05 10:45:35+05:30,25639.6,25639.7,25637.65,25638.95,43995
2026-02-05 10:45:40+05:30,25639.85,25640.65,25639.4,25640.0,77377
2026-02-05 10:45:45+05:30,25639.5,25643.45,25639.3,25643.1,65958
2026-02-05 10:45:50+05:30,25642.45,25644.2,25641.35,25641.35,68714
2026-02-05 10:45:55+05:30,25642.95,25642.95,25641.15,25641.6,167007
2026-02-05 10:46:00+05:30,25642.3,25643.9,25641.9,25642.25,38512
2026-02-05 10:46:05+05:30,25642.5,25642.85,25641.9,25642.0,41181
2026-02-05 10:46:10+05:30,25641.65,25644.85,25641.65,25642.95,49006
2026-02-05 10:46:15+05:30,25642.85,25644.3,25642.4,25644.3,36959
2026-02-05 10:46:20+05:30,25644.2,25645.35,25643.35,25644.4,42671
2026-02-05 10:46:25+05:30,25643.15,25645.65,25643.15,25645.65,35084
2026-02-05 10:46:30+05:30,25646.15,25647.75,25646.15,25647.05,91700
2026-02-05 10:46:35+05:30,25647.9,25647.9,25646.55,25647.5,39706
2026-02-05 10:46:40+05:30,25646.15,25648.6,25645.7,25646.7,36978
2026-02-05 10:46:45+05:30,25648.05,25648.05,25646.2,25647.2,67214
2026-02-05 10:46:50+05:30,25648.1,25649.15,25646.85,25647.3,45066
2026-02-05 10:46:55+05:30,25647.0,25648.05,25645.45,25646.35,180770
2026-02-05 10:47:00+05:30,25646.15,25647.1,25645.75,25646.55,32561
2026-02-05 10:47:05+05:30,25645.8,25646.45,25641.3,25641.3,51890
2026-02-05 10:47:10+05:30,25642.3,25644.75,25640.55,25640.9,44663
2026-02-05 10:47:15+05:30,25640.8,25646.15,25640.8,25646.15,69052
2026-02-05 10:47:20+05:30,25646.25,25646.25,25644.15,25644.55,115516
2026-02-05 10:47:25+05:30,25643.8,25644.85,25643.6,25644.35,130284
2026-02-05 10:47:30+05:30,25644.95,25646.85,25644.95,25646.45,47796
2026-02-05 10:47:35+05:30,25646.1,25647.0,25646.0,25646.5,45914
2026-02-05 10:47:40+05:30,25646.0,25647.95,25646.0,25647.15,23742
2026-02-05 10:47:45+05:30,25646.95,25647.65,25646.15,25647.2,54978
2026-02-05 10:47:50+05:30,25647.85,25648.85,25647.85,25648.0,49164
2026-02-05 10:47:55+05:30,25648.2,25648.2,25645.4,25645.75,60869
2026-02-05 10:48:00+05:30,25643.95,25644.75,25642.55,25643.6,59662
2026-02-05 10:48:05+05:30,25643.55,25643.55,25640.8,25641.7,75398
2026-02-05 10:48:10+05:30,25641.55,25643.95,25641.1,25643.5,45806
2026-02-05 10:48:15+05:30,25643.0,25644.45,25642.6,25642.6,40098
2026-02-05 10:48:20+05:30,25643.65,25643.65,25642.5,25642.75,44274
2026-02-05 10:48:25+05:30,25642.05,25642.05,25640.75,25641.3,52972
2026-02-05 10:48:30+05:30,25640.95,25641.8,25640.45,25641.2,27662
2026-02-05 10:48:35+05:30,25641.85,25641.85,25640.0,25640.0,20526
2026-02-05 10:48:40+05:30,25640.25,25641.5,25639.8,25640.0,32583
2026-02-05 10:48:45+05:30,25639.9,25639.9,25637.4,25637.7,39779
2026-02-05 10:48:50+05:30,25639.5,25639.5,25637.85,25638.2,21371
2026-02-05 10:48:55+05:30,25638.5,25640.2,25638.5,25638.5,89526
2026-02-05 10:49:00+05:30,25638.7,25639.85,25638.2,25638.35,54020
2026-02-05 10:49:05+05:30,25638.1,25638.15,25636.65,25636.65,41881
2026-02-05 10:49:10+05:30,25636.85,25638.5,25636.5,25637.65,36271
2026-02-05 10:49:15+05:30,25636.9,25638.35,25636.9,25638.35,103981
2026-02-05 10:49:20+05:30,25638.0,25638.9,25637.05,25638.9,55445
2026-02-05 10:49:25+05:30,25638.6,25639.35,25637.65,25638.65,192528
2026-02-05 10:49:30+05:30,25638.55,25641.55,25638.55,25641.55,40320
2026-02-05 10:49:35+05:30,25640.45,25641.1,25639.95,25641.1,51587
2026-02-05 10:49:40+05:30,25640.95,25642.75,25640.05,25640.15,609290
2026-02-05 10:49:45+05:30,25641.4,25641.4,25639.6,25639.95,241168
2026-02-05 10:49:50+05:30,25640.9,25641.1,25639.9,25640.35,54775
2026-02-05 10:49:55+05:30,25640.3,25640.55,25639.4,25639.95,50501
2026-02-05 10:50:00+05:30,25640.25,25640.25,25638.15,25638.85,76989
2026-02-05 10:50:05+05:30,25639.0,25639.15,25638.1,25638.55,34330
2026-02-05 10:50:10+05:30,25638.95,25642.3,25638.95,25642.3,104048
2026-02-05 10:50:15+05:30,25642.4,25644.0,25642.4,25642.85,46135
2026-02-05 10:50:20+05:30,25643.8,25645.6,25642.55,25644.05,74180
2026-02-05 10:50:25+05:30,25644.0,25644.2,25641.75,25642.4,27285
2026-02-05 10:50:30+05:30,25642.7,25645.75,25642.7,25645.05,29131
2026-02-05 10:50:35+05:30,25645.2,25646.35,25645.05,25645.65,45288
2026-02-05 10:50:40+05:30,25646.4,25647.15,25645.2,25646.65,87798
2026-02-05 10:50:45+05:30,25646.15,25647.45,25644.85,25646.4,57314
2026-02-05 10:50:50+05:30,25646.6,25649.35,25646.6,25649.35,57344
2026-02-05 10:50:55+05:30,25648.4,25648.65,25646.55,25647.25,43075
2026-02-05 10:51:00+05:30,25647.65,25647.95,25646.8,25647.75,17973
2026-02-05 10:51:05+05:30,25646.75,25647.8,25645.6,25645.6,121415
2026-02-05 10:51:10+05:30,25644.9,25646.0,25644.8,25644.95,66270
2026-02-05 10:51:15+05:30,25645.0,25646.9,25645.0,25646.6,59509
2026-02-05 10:51:20+05:30,25646.65,25648.85,25646.55,25648.85,60556
2026-02-05 10:51:25+05:30,25648.6,25648.75,25647.95,25648.75,31145
2026-02-05 10:51:30+05:30,25647.7,25650.35,25647.6,25650.35,82847
2026-02-05 10:51:35+05:30,25650.55,25650.55,25649.05,25649.6,58496
2026-02-05 10:51:40+05:30,25649.5,25650.95,25649.5,25650.9,26388
2026-02-05 10:51:45+05:30,25651.15,25651.15,25648.9,25649.45,22918
2026-02-05 10:51:50+05:30,25650.0,25651.15,25648.4,25648.65,35222
2026-02-05 10:51:55+05:30,25648.7,25649.0,25647.75,25647.9,22945
2026-02-05 10:52:00+05:30,25647.35,25648.45,25646.1,25646.8,82039
2026-02-05 10:52:05+05:30,25646.95,25646.95,25643.1,25643.1,47429
2026-02-05 10:52:10+05:30,25643.2,25644.6,25642.65,25643.3,33873
2026-02-05 10:52:15+05:30,25643.0,25643.8,25642.4,25643.25,65221
2026-02-05 10:52:20+05:30,25644.25,25644.85,25643.0,25644.85,32142
2026-02-05 10:52:25+05:30,25644.9,25646.6,25643.95,25645.1,41391
2026-02-05 10:52:30+05:30,25644.4,25647.0,25644.4,25647.0,40529
2026-02-05 10:52:35+05:30,25646.05,25646.85,25645.5,25646.2,37635
2026-02-05 10:52:40+05:30,25646.0,25646.95,25646.0,25646.9,21281
2026-02-05 10:52:45+05:30,25646.85,25647.3,25645.65,25645.75,33990
2026-02-05 10:52:50+05:30,25646.75,25647.15,25646.2,25646.6,53093
2026-02-05 10:52:55+05:30,25646.15,25646.8,25644.5,25644.85,88338
2026-02-05 10:53:00+05:30,25645.55,25646.1,25643.65,25644.0,31772
2026-02-05 10:53:05+05:30,25644.4,25644.75,25643.05,25643.65,38575
2026-02-05 10:53:10+05:30,25644.2,25645.7,25643.8,25644.65,58229
2026-02-05 10:53:15+05:30,25644.55,25645.05,25643.5,25643.8,28550
2026-02-05 10:53:20+05:30,25644.65,25644.65,25643.05,25643.65,56255
2026-02-05 10:53:25+05:30,25643.25,25643.8,25641.85,25642.5,31924
2026-02-05 10:53:30+05:30,25641.4,25643.25,25641.4,25642.75,105379
2026-02-05 10:53:35+05:30,25642.55,25642.9,25641.7,25641.9,55159
2026-02-05 10:53:40+05:30,25641.4,25642.65,25640.8,25641.2,34885
2026-02-05 10:53:45+05:30,25640.6,25641.45,25640.6,25641.15,38094
2026-02-05 10:53:50+05:30,25640.7,25640.8,25639.75,25640.7,28183
2026-02-05 10:53:55+05:30,25640.1,25640.1,25638.15,25638.4,42039
2026-02-05 10:54:00+05:30,25637.2,25639.75,25637.2,25639.6,65164
2026-02-05 10:54:05+05:30,25640.25,25641.4,25639.8,25640.95,33549
2026-02-05 10:54:10+05:30,25640.25,25641.05,25638.85,25639.2,62648
2026-02-05 10:54:15+05:30,25638.25,25639.2,25637.2,25638.0,28974
2026-02-05 10:54:20+05:30,25637.05,25637.8,25636.35,25636.7,29090
2026-02-05 10:54:25+05:30,25636.4,25637.55,25636.05,25636.5,35263
2026-02-05 10:54:30+05:30,25635.35,25637.35,25635.35,25637.35,47862
2026-02-05 10:54:35+05:30,25637.45,25637.75,25636.6,25636.75,39518
2026-02-05 10:54:40+05:30,25635.9,25638.15,25635.9,25638.0,48445
2026-02-05 10:54:45+05:30,25637.4,25638.55,25637.05,25637.6,67525
2026-02-05 10:54:50+05:30,25637.75,25639.1,25636.35,25637.65,49823
2026-02-05 10:54:55+05:30,25636.8,25636.8,25633.7,25635.05,47640
2026-02-05 10:55:00+05:30,25633.55,25635.85,25633.55,25635.4,129299
2026-02-05 10:55:05+05:30,25635.7,25635.7,25633.1,25633.5,33631
2026-02-05 10:55:10+05:30,25633.15,25634.45,25632.1,25632.5,38801
2026-02-05 10:55:15+05:30,25632.3,25632.8,25631.0,25631.15,38874
2026-02-05 10:55:20+05:30,25630.4,25630.9,25627.45,25627.45,98226
2026-02-05 10:55:25+05:30,25627.1,25628.85,25626.8,25626.85,163817
2026-02-05 10:55:30+05:30,25626.85,25627.95,25626.1,25627.4,79648
2026-02-05 10:55:35+05:30,25626.85,25627.9,25626.85,25627.9,55228
2026-02-05 10:55:40+05:30,25627.65,25630.7,25627.65,25629.35,124000
2026-02-05 10:55:45+05:30,25629.15,25630.75,25628.05,25630.2,226218
2026-02-05 10:55:50+05:30,25631.25,25631.3,25629.95,25630.6,49929
2026-02-05 10:55:55+05:30,25630.65,25632.05,25630.15,25630.15,79040
2026-02-05 10:56:00+05:30,25630.85,25632.45,25629.55,25629.75,81430
2026-02-05 10:56:05+05:30,25629.35,25629.6,25628.7,25629.5,59959
2026-02-05 10:56:10+05:30,25628.65,25629.85,25628.45,25628.65,49526
2026-02-05 10:56:15+05:30,25629.15,25629.15,25627.6,25627.65,68053
2026-02-05 10:56:20+05:30,25627.9,25628.75,25626.9,25626.9,63228
2026-02-05 10:56:25+05:30,25627.5,25627.5,25626.0,25626.0,47759
2026-02-05 10:56:30+05:30,25625.85,25626.05,25624.55,25624.6,51299
2026-02-05 10:56:35+05:30,25625.8,25626.6,25624.8,25625.4,32111
2026-02-05 10:56:40+05:30,25625.2,25625.8,25624.1,25625.55,40100
2026-02-05 10:56:45+05:30,25625.1,25625.4,25624.3,25624.95,33069
2026-02-05 10:56:50+05:30,25625.75,25626.8,25624.95,25625.2,31886
2026-02-05 10:56:55+05:30,25625.35,25626.75,25624.35,25624.35,32733
2026-02-05 10:57:00+05:30,25624.3,25626.35,25624.3,25624.5,70689
2026-02-05 10:57:05+05:30,25625.75,25626.55,25624.0,25624.75,30064
2026-02-05 10:57:10+05:30,25625.4,25626.65,25622.55,25622.9,32632
2026-02-05 10:57:15+05:30,25623.25,25623.75,25620.05,25620.05,51717
2026-02-05 10:57:20+05:30,25620.3,25620.3,25616.0,25618.3,117759
2026-02-05 10:57:25+05:30,25618.25,25619.45,25617.8,25619.35,44243
2026-02-05 10:57:30+05:30,25618.35,25624.8,25618.35,25624.8,86463
2026-02-05 10:57:35+05:30,25624.2,25624.55,25623.45,25624.5,39894
2026-02-05 10:57:40+05:30,25624.1,25626.65,25623.9,25625.15,62412
2026-02-05 10:57:45+05:30,25625.95,25626.4,25623.3,25624.45,49923
2026-02-05 10:57:50+05:30,25625.15,25626.6,25624.6,25625.5,34104
2026-02-05 10:57:55+05:30,25625.9,25626.15,25624.1,25624.55,46906
2026-02-05 10:58:00+05:30,25623.3,25625.0,25622.85,25623.9,33391
2026-02-05 10:58:05+05:30,25623.1,25623.1,25621.8,25622.05,40559
2026-02-05 10:58:10+05:30,25621.6,25623.75,25621.6,25623.75,45177
2026-02-05 10:58:15+05:30,25622.95,25626.1,25622.95,25625.3,51561
2026-02-05 10:58:20+05:30,25626.55,25628.55,25626.25,25627.8,43440
2026-02-05 10:58:25+05:30,25627.35,25627.7,25625.8,25625.8,26707
2026-02-05 10:58:30+05:30,25626.05,25626.95,25625.95,25626.0,32995
2026-02-05 10:58:35+05:30,25625.75,25626.75,25625.7,25625.7,31788
2026-02-05 10:58:40+05:30,25625.0,25626.6,25625.0,25625.4,36535
2026-02-05 10:58:45+05:30,25625.45,25626.65,25625.45,25626.25,35612
2026-02-05 10:58:50+05:30,25625.95,25627.15,25624.5,25625.6,24647
2026-02-05 10:58:55+05:30,25624.85,25624.85,25623.45,25623.45,35672
2026-02-05 10:59:00+05:30,25623.1,25626.3,25623.1,25626.3,38560
2026-02-05 10:59:05+05:30,25626.85,25627.9,25626.85,25627.25,29564
2026-02-05 10:59:10+05:30,25627.1,25628.1,25626.9,25626.9,33758
2026-02-05 10:59:15+05:30,25627.55,25628.95,25627.0,25627.0,45423
2026-02-05 10:59:20+05:30,25627.25,25627.25,25625.85,25626.1,38644
2026-02-05 10:59:25+05:30,25625.6,25625.6,25622.3,25622.35,40539
2026-02-05 10:59:30+05:30,25621.3,25623.15,25621.3,25622.55,81386
2026-02-05 10:59:35+05:30,25623.7,25623.75,25621.55,25622.55,33537
2026-02-05 10:59:40+05:30,25622.7,25622.7,25621.1,25621.5,77439
2026-02-05 10:59:45+05:30,25621.35,25621.95,25620.2,25620.35,46835
2026-02-05 10:59:50+05:30,25619.8,25620.35,25619.25,25620.1,29193
2026-02-05 10:59:55+05:30,25619.45,25624.8,25619.45,25624.0,104629
2026-02-05 11:00:00+05:30,25624.35,25625.5,25623.85,25623.9,56359
2026-02-05 11:00:05+05:30,25623.75,25624.3,25622.45,25622.45,35573
2026-02-05 11:00:10+05:30,25622.55,25623.45,25620.0,25621.45,38757
2026-02-05 11:00:15+05:30,25621.0,25622.3,25620.15,25621.75,69293
2026-02-05 11:00:20+05:30,25621.9,25623.4,25621.3,25622.6,31399
2026-02-05 11:00:25+05:30,25622.95,25622.95,25620.0,25620.35,61385
2026-02-05 11:00:30+05:30,25620.55,25621.65,25620.5,25621.05,36556
2026-02-05 11:00:35+05:30,25620.85,25620.85,25619.35,25619.75,44050
2026-02-05 11:00:40+05:30,25620.0,25620.85,25619.55,25620.7,51791
2026-02-05 11:00:45+05:30,25620.8,25621.95,25620.35,25621.8,60234
2026-02-05 11:00:50+05:30,25621.55,25622.5,25621.3,25622.5,42149
2026-02-05 11:00:55+05:30,25622.6,25622.6,25621.4,25621.75,38048
2026-02-05 11:01:00+05:30,25621.95,25622.1,25620.55,25620.55,39886
2026-02-05 11:01:05+05:30,25621.35,25621.8,25620.5,25620.55,36238
2026-02-05 11:01:10+05:30,25620.25,25621.4,25619.9,25619.9,33924
2026-02-05 11:01:15+05:30,25620.3,25621.35,25619.7,25621.35,123281
2026-02-05 11:01:20+05:30,25621.0,25623.15,25620.85,25623.15,179283
2026-02-05 11:01:25+05:30,25623.45,25623.45,25621.1,25621.1,105559
2026-02-05 11:01:30+05:30,25620.35,25621.7,25619.75,25619.85,60730
2026-02-05 11:01:35+05:30,25620.1,25620.1,25617.95,25617.95,41207
2026-02-05 11:01:40+05:30,25617.8,25619.95,25616.65,25617.8,38072
2026-02-05 11:01:45+05:30,25617.1,25617.95,25616.25,25617.2,30025
2026-02-05 11:01:50+05:30,25617.0,25618.05,25616.35,25616.9,37373
2026-02-05 11:01:55+05:30,25616.5,25616.5,25615.0,25615.05,44346
2026-02-05 11:02:00+05:30,25614.3,25614.95,25612.2,25612.75,59654
2026-02-05 11:02:05+05:30,25613.15,25614.75,25611.6,25613.7,86927
2026-02-05 11:02:10+05:30,25614.85,25617.65,25614.85,25617.65,24959
2026-02-05 11:02:15+05:30,25617.1,25621.3,25617.1,25621.3,81913
2026-02-05 11:02:20+05:30,25621.5,25623.4,25621.2,25623.25,74711
2026-02-05 11:02:25+05:30,25622.95,25624.05,25622.95,25624.05,38443
2026-02-05 11:02:30+05:30,25624.15,25624.8,25623.2,25623.2,41528
2026-02-05 11:02:35+05:30,25624.15,25625.5,25622.9,25623.2,371342
2026-02-05 11:02:40+05:30,25623.75,25624.7,25623.05,25624.65,47030
2026-02-05 11:02:45+05:30,25624.2,25625.0,25623.95,25624.9,62222
2026-02-05 11:02:50+05:30,25626.0,25626.8,25625.85,25626.75,24263
2026-02-05 11:02:55+05:30,25627.45,25631.25,25627.45,25631.25,115051
2026-02-05 11:03:00+05:30,25631.2,25634.65,25631.2,25634.0,43009
2026-02-05 11:03:05+05:30,25634.4,25634.75,25633.0,25634.65,38540
2026-02-05 11:03:10+05:30,25634.15,25637.05,25634.15,25636.55,36847
2026-02-05 11:03:15+05:30,25636.75,25636.9,25635.85,25636.15,48991
2026-02-05 11:03:20+05:30,25636.85,25640.6,25636.85,25640.6,78751
2026-02-05 11:03:25+05:30,25640.15,25640.3,25639.1,25639.3,30817
2026-02-05 11:03:30+05:30,25639.25,25639.9,25639.1,25639.6,94259
2026-02-05 11:03:35+05:30,25639.85,25640.55,25639.7,25639.85,63152
2026-02-05 11:03:40+05:30,25640.65,25641.15,25639.5,25641.1,55555
2026-02-05 11:03:45+05:30,25640.6,25640.75,25637.25,25639.65,69995
2026-02-05 11:03:50+05:30,25640.05,25642.2,25639.8,25641.0,32667
2026-02-05 11:03:55+05:30,25641.15,25641.95,25640.2,25641.8,40043
2026-02-05 11:04:00+05:30,25641.0,25642.05,25640.7,25642.05,29237
2026-02-05 11:04:05+05:30,25641.25,25643.15,25640.8,25642.85,44439
2026-02-05 11:04:10+05:30,25643.3,25644.5,25642.6,25644.35,46527
2026-02-05 11:04:15+05:30,25644.75,25647.3,25643.5,25647.3,57924
2026-02-05 11:04:20+05:30,25647.65,25649.3,25646.4,25649.3,32092
2026-02-05 11:04:25+05:30,25648.25,25648.9,25645.6,25645.8,1066096
2026-02-05 11:04:30+05:30,25645.3,25647.35,25645.1,25645.9,35535
2026-02-05 11:04:35+05:30,25645.85,25646.15,25644.8,25645.5,65401
2026-02-05 11:04:40+05:30,25645.05,25645.75,25644.9,25645.4,59933
2026-02-05 11:04:45+05:30,25644.9,25648.4,25644.35,25648.4,54360
2026-02-05 11:04:50+05:30,25648.35,25648.35,25645.2,25645.95,35105
2026-02-05 11:04:55+05:30,25645.45,25646.35,25643.05,25643.1,55245
2026-02-05 11:05:00+05:30,25643.25,25644.45,25642.75,25644.3,29500
2026-02-05 11:05:05+05:30,25644.25,25645.2,25643.95,25645.2,21034
2026-02-05 11:05:10+05:30,25644.85,25646.2,25643.55,25645.35,31905
2026-02-05 11:05:15+05:30,25645.25,25646.2,25644.1,25646.05,49021
2026-02-05 11:05:20+05:30,25647.05,25647.25,25645.3,25646.2,39303
2026-02-05 11:05:25+05:30,25645.1,25646.3,25645.1,25645.6,58399
2026-02-05 11:05:30+05:30,25645.7,25645.7,25644.4,25645.25,37732
2026-02-05 11:05:35+05:30,25644.75,25645.3,25643.8,25644.2,31005
2026-02-05 11:05:40+05:30,25644.05,25647.7,25644.05,25647.7,35585
2026-02-05 11:05:45+05:30,25647.55,25648.3,25647.25,25648.3,19113
2026-02-05 11:05:50+05:30,25647.65,25648.85,25647.4,25648.4,25874
2026-02-05 11:05:55+05:30,25648.45,25649.25,25648.0,25649.25,43261
2026-02-05 11:06:00+05:30,25648.65,25649.65,25648.4,25649.65,34943
2026-02-05 11:06:05+05:30,25649.6,25650.85,25649.1,25650.85,53055
2026-02-05 11:06:10+05:30,25651.7,25651.8,25650.95,25651.45,63364
2026-02-05 11:06:15+05:30,25651.8,25652.1,25649.95,25652.1,45271
2026-02-05 11:06:20+05:30,25650.1,25651.85,25649.95,25651.85,27438
2026-02-05 11:06:25+05:30,25651.2,25653.3,25651.0,25651.95,60866
2026-02-05 11:06:30+05:30,25651.35,25652.9,25648.0,25649.95,348410
2026-02-05 11:06:35+05:30,25648.65,25649.95,25647.4,25648.1,32567
2026-02-05 11:06:40+05:30,25648.65,25650.45,25648.35,25650.35,59058
2026-02-05 11:06:45+05:30,25650.6,25652.15,25650.35,25651.65,226321
2026-02-05 11:06:50+05:30,25651.0,25652.8,25650.9,25652.8,70703
2026-02-05 11:06:55+05:30,25651.0,25652.3,25649.6,25650.1,52046
2026-02-05 11:07:00+05:30,25649.85,25649.95,25648.25,25649.25,39703
2026-02-05 11:07:05+05:30,25648.45,25649.15,25647.7,25648.2,32897
2026-02-05 11:07:10+05:30,25647.75,25651.55,25647.75,25649.35,24817
2026-02-05 11:07:15+05:30,25648.55,25650.05,25647.85,25648.7,21389
2026-02-05 11:07:20+05:30,25648.75,25651.25,25648.75,25650.1,17836
2026-02-05 11:07:25+05:30,25650.0,25650.0,25648.05,25648.05,21684
2026-02-05 11:07:30+05:30,25647.85,25651.4,25647.85,25651.4,59695
2026-02-05 11:07:35+05:30,25650.6,25653.55,25650.6,25653.35,35903
2026-02-05 11:07:40+05:30,25653.3,25657.4,25653.3,25657.4,167401
2026-02-05 11:07:45+05:30,25655.45,25655.45,25653.35,25653.35,78039
2026-02-05 11:07:50+05:30,25654.2,25655.0,25653.2,25655.0,62753
2026-02-05 11:07:55+05:30,25655.75,25656.0,25652.6,25652.6,108481
2026-02-05 11:08:00+05:30,25653.3,25655.3,25653.3,25655.3,60964
2026-02-05 11:08:05+05:30,25655.4,25655.4,25653.8,25654.95,60316
2026-02-05 11:08:10+05:30,25654.6,25655.35,25654.2,25654.75,24324
2026-02-05 11:08:15+05:30,25654.45,25654.75,25653.0,25654.0,40204
2026-02-05 11:08:20+05:30,25654.3,25654.35,25652.8,25653.4,18322
2026-02-05 11:08:25+05:30,25653.2,25653.6,25650.95,25652.05,69628
2026-02-05 11:08:30+05:30,25652.8,25653.2,25651.8,25652.7,98380
2026-02-05 11:08:35+05:30,25653.15,25654.45,25652.85,25654.45,17820
2026-02-05 11:08:40+05:30,25654.8,25656.6,25654.55,25656.6,61374
2026-02-05 11:08:45+05:30,25656.85,25658.9,25656.5,25658.3,57463
2026-02-05 11:08:50+05:30,25658.95,25659.3,25657.9,25659.3,33509
2026-02-05 11:08:55+05:30,25658.9,25659.7,25658.4,25659.5,45251
2026-02-05 11:09:00+05:30,25659.1,25660.25,25658.9,25660.25,32483
2026-02-05 11:09:05+05:30,25660.1,25660.1,25655.0,25655.35,35183
2026-02-05 11:09:10+05:30,25655.95,25658.4,25655.95,25657.45,55208
2026-02-05 11:09:15+05:30,25658.3,25658.9,25657.55,25658.3,25267
2026-02-05 11:09:20+05:30,25659.05,25659.45,25657.95,25659.05,30857
2026-02-05 11:09:25+05:30,25661.1,25661.1,25659.35,25660.1,13307
2026-02-05 11:09:30+05:30,25660.35,25662.25,25660.35,25660.7,33482
2026-02-05 11:09:35+05:30,25661.7,25661.7,25658.0,25658.0,85993
2026-02-05 11:09:40+05:30,25658.25,25660.85,25658.25,25660.85,102101
2026-02-05 11:09:45+05:30,25661.25,25662.15,25659.95,25661.55,49355
2026-02-05 11:09:50+05:30,25661.65,25663.0,25660.9,25663.0,33934
2026-02-05 11:09:55+05:30,25663.15,25663.4,25661.75,25662.85,34182
2026-02-05 11:10:00+05:30,25662.25,25662.85,25661.9,25662.5,23828
2026-02-05 11:10:05+05:30,25662.4,25662.4,25660.85,25662.1,33273
2026-02-05 11:10:10+05:30,25662.3,25662.3,25660.85,25661.95,28193
2026-02-05 11:10:15+05:30,25662.3,25662.5,25659.8,25659.8,54810
2026-02-05 11:10:20+05:30,25660.2,25661.1,25660.2,25660.4,37290
2026-02-05 11:10:25+05:30,25660.2,25660.35,25659.6,25660.0,23029
2026-02-05 11:10:30+05:30,25660.0,25661.2,25660.0,25660.75,24212
2026-02-05 11:10:35+05:30,25660.75,25661.25,25660.4,25661.25,46766
2026-02-05 11:10:40+05:30,25661.0,25661.5,25659.55,25660.15,41698
2026-02-05 11:10:45+05:30,25659.85,25660.5,25659.6,25659.65,21267
2026-02-05 11:10:50+05:30,25659.85,25661.45,25659.55,25661.25,23433
2026-02-05 11:10:55+05:30,25660.7,25661.2,25660.25,25660.25,26715
2026-02-05 11:11:00+05:30,25661.25,25661.75,25660.15,25661.3,32272
2026-02-05 11:11:05+05:30,25660.65,25661.25,25659.85,25659.85,28204
2026-02-05 11:11:10+05:30,25661.05,25662.55,25660.5,25662.3,31608
2026-02-05 11:11:15+05:30,25661.3,25662.85,25661.3,25662.85,33196
2026-02-05 11:11:20+05:30,25662.4,25663.35,25661.55,25663.35,44775
2026-02-05 11:11:25+05:30,25662.5,25662.65,25658.65,25658.65,44526
2026-02-05 11:11:30+05:30,25659.7,25662.25,25659.7,25661.95,37202
2026-02-05 11:11:35+05:30,25662.4,25663.45,25660.7,25663.0,49838
2026-02-05 11:11:40+05:30,25662.65,25663.6,25662.3,25662.35,29991
2026-02-05 11:11:45+05:30,25662.7,25662.95,25661.35,25662.0,28368
2026-02-05 11:11:50+05:30,25661.5,25664.65,25661.5,25664.65,25359
2026-02-05 11:11:55+05:30,25664.75,25664.8,25663.85,25664.8,30187
2026-02-05 11:12:00+05:30,25664.9,25666.75,25664.85,25666.0,45034
2026-02-05 11:12:05+05:30,25666.75,25666.85,25665.3,25665.7,31400
2026-02-05 11:12:10+05:30,25666.4,25669.3,25666.25,25668.65,111009
2026-02-05 11:12:15+05:30,25669.1,25669.25,25668.2,25668.35,43954
2026-02-05 11:12:20+05:30,25667.8,25670.8,25667.8,25670.8,33457
2026-02-05 11:12:25+05:30,25670.3,25670.75,25670.0,25670.35,24861
2026-02-05 11:12:30+05:30,25671.45,25671.8,25670.3,25671.8,53765
2026-02-05 11:12:35+05:30,25671.2,25672.5,25671.2,25671.2,44668
2026-02-05 11:12:40+05:30,25670.65,25670.65,25668.7,25669.75,68483
2026-02-05 11:12:45+05:30,25669.5,25671.35,25669.5,25671.35,34294
2026-02-05 11:12:50+05:30,25672.25,25672.35,25671.45,25672.05,19181
2026-02-05 11:12:55+05:30,25671.35,25672.5,25671.35,25671.35,43923
2026-02-05 11:13:00+05:30,25673.6,25674.35,25672.75,25674.35,136924
2026-02-05 11:13:05+05:30,25674.75,25675.6,25674.45,25675.6,53543
2026-02-05 11:13:10+05:30,25677.0,25678.25,25676.95,25677.75,33392
2026-02-05 11:13:15+05:30,25677.9,25677.9,25676.1,25676.1,59201
2026-02-05 11:13:20+05:30,25675.15,25675.2,25673.75,25675.2,64080
2026-02-05 11:13:25+05:30,25675.05,25675.05,25672.55,25672.65,56915
2026-02-05 11:13:30+05:30,25672.6,25673.2,25672.0,25672.65,28833
2026-02-05 11:13:35+05:30,25672.85,25672.95,25671.6,25672.15,46634
2026-02-05 11:13:40+05:30,25672.0,25673.2,25671.7,25672.95,39916
2026-02-05 11:13:45+05:30,25672.2,25673.65,25672.2,25672.7,25198
2026-02-05 11:13:50+05:30,25672.2,25672.35,25670.95,25672.05,56015
2026-02-05 11:13:55+05:30,25671.75,25672.5,25671.3,25671.35,20167
2026-02-05 11:14:00+05:30,25671.1,25674.4,25671.1,25673.1,37010
2026-02-05 11:14:05+05:30,25673.65,25673.65,25672.85,25672.85,36878
2026-02-05 11:14:10+05:30,25673.15,25674.05,25672.25,25673.3,31069
2026-02-05 11:14:15+05:30,25672.65,25673.05,25670.7,25670.7,35345
2026-02-05 11:14:20+05:30,25671.2,25672.55,25671.2,25672.55,44650
2026-02-05 11:14:25+05:30,25672.2,25672.2,25670.7,25670.7,29891
2026-02-05 11:14:30+05:30,25671.3,25672.4,25671.0,25672.4,55254
2026-02-05 11:14:35+05:30,25672.6,25673.1,25672.15,25673.1,29792
2026-02-05 11:14:40+05:30,25672.9,25674.9,25672.9,25674.9,48533
2026-02-05 11:14:45+05:30,25674.85,25677.4,25674.75,25674.75,48808
2026-02-05 11:14:50+05:30,25676.2,25676.2,25673.55,25674.0,51293
2026-02-05 11:14:55+05:30,25674.4,25675.05,25673.55,25673.55,81883
2026-02-05 11:15:00+05:30,25673.65,25673.65,25672.45,25672.6,67749
2026-02-05 11:15:05+05:30,25673.85,25676.65,25673.25,25675.85,44592
2026-02-05 11:15:10+05:30,25676.05,25676.9,25675.25,25675.3,94741
2026-02-05 11:15:15+05:30,25674.4,25675.95,25674.4,25675.0,51688
2026-02-05 11:15:20+05:30,25674.4,25675.4,25672.4,25674.15,85982
2026-02-05 11:15:25+05:30,25672.1,25672.95,25670.2,25670.2,37653
2026-02-05 11:15:30+05:30,25671.5,25671.5,25669.9,25670.75,41964
2026-02-05 11:15:35+05:30,25670.85,25670.85,25668.75,25668.9,61763
2026-02-05 11:15:40+05:30,25669.8,25669.8,25667.4,25669.45,89207
2026-02-05 11:15:45+05:30,25669.2,25670.4,25669.2,25669.5,35857
2026-02-05 11:15:50+05:30,25669.85,25671.25,25669.85,25671.25,41931
2026-02-05 11:15:55+05:30,25670.75,25671.5,25670.45,25670.85,51140
2026-02-05 11:16:00+05:30,25671.1,25673.3,25670.5,25672.9,40503
2026-02-05 11:16:05+05:30,25673.25,25673.75,25670.6,25671.35,47286
2026-02-05 11:16:10+05:30,25671.65,25673.85,25671.05,25672.5,56155
2026-02-05 11:16:15+05:30,25671.5,25672.2,25670.3,25670.9,45900
2026-02-05 11:16:20+05:30,25670.6,25671.1,25669.75,25671.1,28099
2026-02-05 11:16:25+05:30,25669.8,25670.55,25669.8,25670.4,60933
2026-02-05 11:16:30+05:30,25670.6,25672.0,25670.5,25671.65,37999
2026-02-05 11:16:35+05:30,25671.2,25672.2,25670.25,25671.1,31744
2026-02-05 11:16:40+05:30,25672.05,25672.6,25669.85,25669.85,111191
2026-02-05 11:16:45+05:30,25670.05,25671.75,25670.05,25670.7,28282
2026-02-05 11:16:50+05:30,25671.7,25672.7,25671.3,25672.45,37758
2026-02-05 11:16:55+05:30,25671.05,25671.95,25669.55,25669.75,66428
2026-02-05 11:17:00+05:30,25669.7,25670.85,25669.05,25669.15,77386
2026-02-05 11:17:05+05:30,25669.2,25670.2,25668.75,25670.2,31562
2026-02-05 11:17:10+05:30,25669.6,25670.7,25668.5,25669.0,46592
2026-02-05 11:17:15+05:30,25667.75,25668.6,25667.55,25667.55,210773
2026-02-05 11:17:20+05:30,25668.25,25668.25,25666.85,25667.55,1530258
2026-02-05 11:17:25+05:30,25667.4,25668.2,25666.05,25666.05,39421
2026-02-05 11:17:30+05:30,25666.2,25666.85,25664.6,25664.7,41519
2026-02-05 11:17:35+05:30,25664.75,25664.75,25663.6,25663.6,45731
2026-02-05 11:17:40+05:30,25663.9,25665.4,25663.3,25664.9,70318
2026-02-05 11:17:45+05:30,25664.3,25665.95,25664.3,25665.95,26930
2026-02-05 11:17:50+05:30,25665.35,25665.7,25664.9,25664.9,88151
2026-02-05 11:17:55+05:30,25664.7,25665.6,25664.3,25664.35,30641
2026-02-05 11:18:00+05:30,25664.65,25665.55,25663.5,25664.0,65491
2026-02-05 11:18:05+05:30,25663.95,25664.1,25662.5,25662.5,62919
2026-02-05 11:18:10+05:30,25662.45,25663.35,25661.75,25662.9,19704
2026-02-05 11:18:15+05:30,25661.7,25664.5,25661.2,25662.15,37292
2026-02-05 11:18:20+05:30,25662.9,25663.8,25662.1,25663.8,18268
2026-02-05 11:18:25+05:30,25663.2,25664.1,25662.45,25662.45,49197
2026-02-05 11:18:30+05:30,25662.35,25662.85,25661.05,25662.0,45041
2026-02-05 11:18:35+05:30,25661.3,25661.5,25659.8,25660.05,35060
2026-02-05 11:18:40+05:30,25661.0,25661.55,25659.5,25660.0,41224
2026-02-05 11:18:45+05:30,25659.15,25659.4,25657.7,25657.7,33331
2026-02-05 11:18:50+05:30,25658.45,25658.45,25657.55,25657.7,15597
2026-02-05 11:18:55+05:30,25656.3,25657.1,25655.9,25656.1,42770
2026-02-05 11:19:00+05:30,25656.3,25658.2,25656.3,25658.2,40819
2026-02-05 11:19:05+05:30,25657.7,25657.7,25656.8,25657.1,30101
2026-02-05 11:19:10+05:30,25657.65,25658.0,25656.15,25657.6,45169
2026-02-05 11:19:15+05:30,25656.6,25657.95,25656.0,25656.0,44349
2026-02-05 11:19:20+05:30,25656.85,25656.85,25654.05,25654.15,50894
2026-02-05 11:19:25+05:30,25654.1,25654.45,25650.75,25651.15,78373
2026-02-05 11:19:30+05:30,25653.6,25653.6,25649.9,25650.9,53330
2026-02-05 11:19:35+05:30,25651.15,25651.15,25648.95,25649.05,43172
2026-02-05 11:19:40+05:30,25649.05,25649.8,25648.15,25648.15,38422
2026-02-05 11:19:45+05:30,25649.3,25649.3,25647.7,25647.7,24458
2026-02-05 11:19:50+05:30,25647.95,25648.65,25646.85,25648.0,41312
2026-02-05 11:19:55+05:30,25648.35,25648.4,25647.6,25647.8,23978
2026-02-05 11:20:00+05:30,25647.05,25648.25,25646.85,25647.15,45372
2026-02-05 11:20:05+05:30,25647.45,25648.1,25647.35,25647.75,34748
2026-02-05 11:20:10+05:30,25647.65,25648.45,25647.35,25647.45,28784
2026-02-05 11:20:15+05:30,25647.55,25647.75,25646.65,25647.1,34896
2026-02-05 11:20:20+05:30,25648.1,25648.1,25645.5,25646.75,43653
2026-02-05 11:20:25+05:30,25647.0,25647.75,25646.15,25646.8,37501
2026-02-05 11:20:30+05:30,25647.4,25650.0,25647.0,25650.0,34329
2026-02-05 11:20:35+05:30,25650.35,25652.25,25650.1,25652.25,36426
2026-02-05 11:20:40+05:30,25652.8,25653.5,25651.7,25652.0,33812
2026-02-05 11:20:45+05:30,25652.4,25653.15,25651.8,25652.75,45348
2026-02-05 11:20:50+05:30,25653.55,25653.55,25652.55,25652.7,21095
2026-02-05 11:20:55+05:30,25652.55,25653.1,25652.0,25652.0,16176
2026-02-05 11:21:00+05:30,25651.9,25653.0,25651.5,25651.9,35367
2026-02-05 11:21:05+05:30,25651.7,25652.05,25651.05,25651.05,23052
2026-02-05 11:21:10+05:30,25651.5,25651.75,25648.8,25648.8,16775
2026-02-05 11:21:15+05:30,25648.75,25650.3,25648.7,25648.7,31913
2026-02-05 11:21:20+05:30,25649.1,25649.1,25647.65,25648.6,39610
2026-02-05 11:21:25+05:30,25648.15,25648.85,25647.8,25648.85,32610
2026-02-05 11:21:30+05:30,25648.15,25649.55,25648.15,25649.0,32372
2026-02-05 11:21:35+05:30,25649.35,25649.35,25648.15,25648.15,22874
2026-02-05 11:21:40+05:30,25648.7,25650.5,25648.7,25650.5,32848
2026-02-05 11:21:45+05:30,25649.35,25650.7,25649.35,25650.25,58158
2026-02-05 11:21:50+05:30,25650.4,25651.1,25649.4,25650.15,32256
2026-02-05 11:21:55+05:30,25648.2,25649.9,25648.2,25648.95,21372
2026-02-05 11:22:00+05:30,25648.5,25649.85,25648.5,25649.85,46257
2026-02-05 11:22:05+05:30,25650.15,25650.4,25648.95,25648.95,34880
2026-02-05 11:22:10+05:30,25649.15,25650.5,25649.15,25649.35,19754
2026-02-05 11:22:15+05:30,25649.7,25650.8,25649.7,25650.25,31953
2026-02-05 11:22:20+05:30,25650.7,25650.7,25649.0,25649.4,177995
2026-02-05 11:22:25+05:30,25648.95,25649.75,25648.4,25649.35,254617
2026-02-05 11:22:30+05:30,25649.8,25652.0,25649.8,25651.2,105181
2026-02-05 11:22:35+05:30,25651.75,25651.75,25650.8,25651.45,201213
2026-02-05 11:22:40+05:30,25651.25,25653.1,25651.25,25652.5,52574
2026-02-05 11:22:45+05:30,25652.05,25655.7,25651.85,25653.55,72712
2026-02-05 11:22:50+05:30,25654.35,25654.45,25652.9,25652.9,27097
2026-02-05 11:22:55+05:30,25652.3,25653.55,25652.3,25652.9,27387
2026-02-05 11:23:00+05:30,25652.95,25653.6,25651.45,25652.0,62276
2026-02-05 11:23:05+05:30,25651.8,25651.8,25650.0,25650.0,70139
2026-02-05 11:23:10+05:30,25650.7,25651.5,25650.05,25651.05,48003
2026-02-05 11:23:15+05:30,25650.9,25651.5,25650.35,25651.35,31185
2026-02-05 11:23:20+05:30,25652.05,25652.25,25651.7,25652.2,25613
2026-02-05 11:23:25+05:30,25651.65,25652.55,25651.1,25651.1,22757
2026-02-05 11:23:30+05:30,25650.55,25651.25,25649.7,25650.8,24490
2026-02-05 11:23:35+05:30,25649.05,25650.05,25648.5,25648.9,86387
2026-02-05 11:23:40+05:30,25648.75,25650.5,25647.8,25648.95,78629
2026-02-05 11:23:45+05:30,25647.5,25648.3,25647.5,25648.3,52273
2026-02-05 11:23:50+05:30,25647.9,25649.6,25647.9,25649.3,41479
2026-02-05 11:23:55+05:30,25648.9,25650.65,25648.9,25650.35,326141
2026-02-05 11:24:00+05:30,25650.1,25651.6,25650.1,25651.6,126367
2026-02-05 11:24:05+05:30,25651.2,25652.2,25650.0,25650.4,88989
2026-02-05 11:24:10+05:30,25650.3,25652.25,25649.65,25650.3,48800
2026-02-05 11:24:15+05:30,25649.45,25650.2,25648.8,25648.8,73346
2026-02-05 11:24:20+05:30,25649.3,25650.5,25649.3,25649.85,41837
2026-02-05 11:24:25+05:30,25649.6,25649.6,25648.25,25648.95,37312
2026-02-05 11:24:30+05:30,25648.55,25649.55,25648.25,25649.4,42782
2026-02-05 11:24:35+05:30,25649.0,25649.0,25647.6,25647.8,54905
2026-02-05 11:24:40+05:30,25647.7,25648.65,25646.65,25647.0,40194
2026-02-05 11:24:45+05:30,25646.25,25647.35,25646.15,25646.7,60213
2026-02-05 11:24:50+05:30,25646.6,25646.6,25645.65,25645.65,29731
2026-02-05 11:24:55+05:30,25645.1,25645.55,25644.6,25645.0,58532
2026-02-05 11:25:00+05:30,25644.9,25645.2,25642.4,25642.4,100860
2026-02-05 11:25:05+05:30,25643.15,25643.15,25640.7,25640.7,77745
2026-02-05 11:25:10+05:30,25640.85,25641.2,25640.35,25640.85,103680
2026-02-05 11:25:15+05:30,25639.75,25641.2,25639.4,25639.4,56832
2026-02-05 11:25:20+05:30,25641.6,25643.2,25640.75,25643.2,32109
2026-02-05 11:25:25+05:30,25642.45,25642.45,25640.3,25640.65,66087
2026-02-05 11:25:30+05:30,25640.45,25641.4,25640.3,25640.8,57520
2026-02-05 11:25:35+05:30,25640.6,25641.4,25640.1,25641.15,45212
2026-02-05 11:25:40+05:30,25640.9,25643.15,25640.9,25642.2,136036
2026-02-05 11:25:45+05:30,25643.4,25643.4,25641.3,25643.05,97862
2026-02-05 11:25:50+05:30,25643.65,25644.1,25641.9,25644.1,72268
2026-02-05 11:25:55+05:30,25644.3,25645.1,25643.2,25643.5,49239
2026-02-05 11:26:00+05:30,25643.55,25644.7,25643.55,25644.0,47206
2026-02-05 11:26:05+05:30,25644.15,25645.05,25643.35,25644.35,35994
2026-02-05 11:26:10+05:30,25645.25,25645.9,25644.6,25645.9,93319
2026-02-05 11:26:15+05:30,25645.5,25647.1,25645.0,25647.1,55421
2026-02-05 11:26:20+05:30,25647.85,25648.8,25646.9,25648.8,55112
2026-02-05 11:26:25+05:30,25648.65,25648.65,25647.3,25647.7,40491
2026-02-05 11:26:30+05:30,25648.3,25648.8,25647.5,25647.55,56143
2026-02-05 11:26:35+05:30,25646.7,25648.8,25646.0,25648.45,34007
2026-02-05 11:26:40+05:30,25648.0,25649.6,25648.0,25649.4,27027
2026-02-05 11:26:45+05:30,25649.05,25651.35,25648.7,25649.65,44414
2026-02-05 11:26:50+05:30,25650.2,25650.65,25649.75,25650.35,28740
2026-02-05 11:26:55+05:30,25649.75,25649.75,25648.9,25649.65,24501
2026-02-05 11:27:00+05:30,25649.15,25650.5,25649.15,25650.5,29657
2026-02-05 11:27:05+05:30,25649.9,25650.15,25649.45,25650.15,40212
2026-02-05 11:27:10+05:30,25649.55,25650.95,25648.9,25648.95,107949
2026-02-05 11:27:15+05:30,25648.15,25648.8,25648.05,25648.05,38247
2026-02-05 11:27:20+05:30,25649.25,25649.25,25647.85,25648.8,27934
2026-02-05 11:27:25+05:30,25648.0,25649.35,25648.0,25649.05,29693
2026-02-05 11:27:30+05:30,25649.5,25650.5,25649.5,25650.5,39756
2026-02-05 11:27:35+05:30,25649.95,25650.5,25648.75,25648.75,45103
2026-02-05 11:27:40+05:30,25649.05,25650.05,25648.9,25649.4,38531
2026-02-05 11:27:45+05:30,25648.5,25649.7,25648.5,25649.7,38213
2026-02-05 11:27:50+05:30,25649.15,25650.9,25649.15,25650.6,49544
2026-02-05 11:27:55+05:30,25650.05,25651.2,25650.05,25651.1,40389
2026-02-05 11:28:00+05:30,25651.05,25652.05,25651.05,25652.05,113137
2026-02-05 11:28:05+05:30,25651.85,25652.8,25651.05,25652.6,83384
2026-02-05 11:28:10+05:30,25652.65,25653.45,25652.65,25653.25,36633
2026-02-05 11:28:15+05:30,25652.75,25655.15,25652.55,25654.6,115758
2026-02-05 11:28:20+05:30,25654.45,25655.3,25653.75,25655.1,58541
2026-02-05 11:28:25+05:30,25653.45,25654.25,25652.25,25653.3,44466
2026-02-05 11:28:30+05:30,25652.4,25654.65,25652.3,25654.65,50620
2026-02-05 11:28:35+05:30,25652.85,25653.9,25652.85,25653.9,55244
2026-02-05 11:28:40+05:30,25653.3,25654.6,25652.95,25653.25,144517
2026-02-05 11:28:45+05:30,25652.65,25653.05,25652.15,25652.6,55435
2026-02-05 11:28:50+05:30,25652.0,25653.7,25652.0,25653.7,41553
2026-02-05 11:28:55+05:30,25653.35,25654.3,25652.5,25654.3,90697
2026-02-05 11:29:00+05:30,25653.7,25654.7,25653.45,25654.25,41634
2026-02-05 11:29:05+05:30,25653.45,25655.0,25653.45,25654.15,226747
2026-02-05 11:29:10+05:30,25653.7,25655.1,25652.7,25653.65,83257
2026-02-05 11:29:15+05:30,25652.3,25653.65,25652.3,25653.4,39682
2026-02-05 11:29:20+05:30,25653.0,25653.4,25652.05,25653.15,30711
2026-02-05 11:29:25+05:30,25651.7,25654.05,25651.7,25653.25,46776
2026-02-05 11:29:30+05:30,25653.5,25654.0,25653.5,25653.6,29791
2026-02-05 11:29:35+05:30,25652.8,25654.4,25652.8,25653.7,43224
2026-02-05 11:29:40+05:30,25653.8,25654.2,25652.3,25653.3,69217
2026-02-05 11:29:45+05:30,25652.7,25653.95,25652.6,25652.95,66335
2026-02-05 11:29:50+05:30,25652.1,25652.9,25650.7,25652.1,26511
2026-02-05 11:29:55+05:30,25650.8,25653.05,25650.75,25653.05,29490
2026-02-05 11:30:00+05:30,25652.55,25659.8,25652.55,25659.8,69871
2026-02-05 11:30:05+05:30,25660.55,25664.15,25659.8,25661.6,97576
2026-02-05 11:30:10+05:30,25660.95,25664.15,25660.95,25663.75,68913
2026-02-05 11:30:15+05:30,25662.25,25664.8,25661.7,25664.55,68083
2026-02-05 11:30:20+05:30,25663.1,25665.35,25663.1,25665.35,37936
2026-02-05 11:30:25+05:30,25665.05,25665.85,25664.0,25664.8,56912
2026-02-05 11:30:30+05:30,25664.0,25665.25,25663.15,25664.25,40571
2026-02-05 11:30:35+05:30,25662.8,25663.4,25661.7,25663.4,32986
2026-02-05 11:30:40+05:30,25662.1,25664.8,25662.1,25663.85,29377
2026-02-05 11:30:45+05:30,25663.35,25664.0,25662.85,25663.5,31104
2026-02-05 11:30:50+05:30,25664.0,25664.7,25663.65,25664.35,39116
2026-02-05 11:30:55+05:30,25662.55,25663.85,25662.55,25663.15,27210
2026-02-05 11:31:00+05:30,25662.75,25663.35,25661.85,25662.8,32890
2026-02-05 11:31:05+05:30,25661.25,25661.25,25659.05,25659.3,41697
2026-02-05 11:31:10+05:30,25659.35,25660.7,25659.15,25660.7,45210
2026-02-05 11:31:15+05:30,25660.65,25660.75,25660.0,25660.25,49617
2026-02-05 11:31:20+05:30,25661.1,25661.1,25659.9,25660.3,32034
2026-02-05 11:31:25+05:30,25658.9,25659.1,25657.6,25658.65,29824
2026-02-05 11:31:30+05:30,25659.35,25659.7,25657.45,25658.1,31784
2026-02-05 11:31:35+05:30,25657.85,25658.45,25657.6,25658.3,36526
2026-02-05 11:31:40+05:30,25658.35,25659.65,25658.35,25659.25,60948
2026-02-05 11:31:45+05:30,25658.95,25659.65,25658.35,25658.95,26432
2026-02-05 11:31:50+05:30,25659.45,25660.0,25658.4,25659.35,86336
2026-02-05 11:31:55+05:30,25658.35,25659.5,25658.0,25658.0,88172
2026-02-05 11:32:00+05:30,25658.5,25658.9,25655.95,25655.95,69122
2026-02-05 11:32:05+05:30,25656.5,25657.15,25655.35,25655.35,61454
2026-02-05 11:32:10+05:30,25656.05,25656.05,25651.45,25652.65,75075
2026-02-05 11:32:15+05:30,25651.7,25652.35,25650.45,25650.6,105046
2026-02-05 11:32:20+05:30,25650.65,25650.85,25650.05,25650.05,42183
2026-02-05 11:32:25+05:30,25650.0,25651.1,25649.85,25650.7,31665
2026-02-05 11:32:30+05:30,25650.95,25651.4,25650.65,25651.25,30025
2026-02-05 11:32:35+05:30,25651.2,25652.0,25651.0,25651.5,28778
2026-02-05 11:32:40+05:30,25651.45,25652.2,25651.45,25652.2,43296
2026-02-05 11:32:45+05:30,25652.05,25652.8,25651.15,25652.65,26864
2026-02-05 11:32:50+05:30,25653.55,25654.25,25653.0,25654.25,46776
2026-02-05 11:32:55+05:30,25653.6,25653.75,25652.75,25652.8,21931
2026-02-05 11:33:00+05:30,25653.4,25653.4,25651.95,25652.45,33892
2026-02-05 11:33:05+05:30,25653.1,25653.35,25652.0,25652.4,66356
2026-02-05 11:33:10+05:30,25652.25,25653.85,25652.25,25652.3,27839
2026-02-05 11:33:15+05:30,25651.8,25654.65,25651.8,25654.2,65734
2026-02-05 11:33:20+05:30,25654.05,25655.75,25654.05,25655.75,28289
2026-02-05 11:33:25+05:30,25656.15,25656.15,25653.95,25654.3,17379
2026-02-05 11:33:30+05:30,25654.9,25655.5,25654.05,25654.95,27264
2026-02-05 11:33:35+05:30,25654.5,25656.3,25654.35,25655.7,32891
2026-02-05 11:33:40+05:30,25655.9,25657.45,25655.35,25656.55,40526
2026-02-05 11:33:45+05:30,25655.85,25655.9,25654.1,25654.1,31240
2026-02-05 11:33:50+05:30,25655.4,25655.4,25653.5,25654.0,31374
2026-02-05 11:33:55+05:30,25653.35,25653.8,25651.9,25652.3,34631
2026-02-05 11:34:00+05:30,25653.55,25653.55,25651.95,25652.8,48178
2026-02-05 11:34:05+05:30,25652.05,25653.3,25651.95,25652.4,30360
2026-02-05 11:34:10+05:30,25652.9,25653.55,25651.25,25652.25,65950
2026-02-05 11:34:15+05:30,25651.05,25653.75,25651.05,25653.75,41035
2026-02-05 11:34:20+05:30,25653.15,25655.05,25653.15,25654.6,46585
2026-02-05 11:34:25+05:30,25654.5,25655.1,25653.25,25653.25,98696
2026-02-05 11:34:30+05:30,25652.7,25653.7,25651.95,25652.05,179230
2026-02-05 11:34:35+05:30,25651.3,25652.45,25651.2,25651.7,40191
2026-02-05 11:34:40+05:30,25651.2,25651.5,25645.95,25648.2,177475
2026-02-05 11:34:45+05:30,25647.45,25648.05,25646.85,25647.25,36984
2026-02-05 11:34:50+05:30,25648.2,25648.4,25646.6,25647.7,55808
2026-02-05 11:34:55+05:30,25646.8,25647.3,25646.4,25647.3,29123
2026-02-05 11:35:00+05:30,25647.4,25647.4,25646.4,25646.45,26534
2026-02-05 11:35:05+05:30,25646.1,25646.65,25645.75,25645.9,35334
2026-02-05 11:35:10+05:30,25645.55,25647.1,25645.55,25645.85,80977
2026-02-05 11:35:15+05:30,25645.1,25645.95,25644.15,25644.65,23361
2026-02-05 11:35:20+05:30,25644.15,25644.15,25642.9,25643.5,53153
2026-02-05 11:35:25+05:30,25643.2,25643.2,25641.75,25642.95,80250
2026-02-05 11:35:30+05:30,25642.9,25643.15,25642.05,25643.1,30398
2026-02-05 11:35:35+05:30,25643.0,25643.0,25642.25,25642.45,33022
2026-02-05 11:35:40+05:30,25642.0,25644.4,25642.0,25643.85,38860
2026-02-05 11:35:45+05:30,25642.3,25643.9,25642.25,25643.45,32973
2026-02-05 11:35:50+05:30,25644.45,25645.15,25644.45,25645.0,28347
2026-02-05 11:35:55+05:30,25644.6,25645.2,25644.15,25644.45,111831
2026-02-05 11:36:00+05:30,25644.5,25647.15,25644.5,25647.15,40398
2026-02-05 11:36:05+05:30,25647.3,25647.85,25646.7,25647.85,41144
2026-02-05 11:36:10+05:30,25647.9,25651.75,25647.9,25651.75,81506
2026-02-05 11:36:15+05:30,25651.55,25655.15,25651.55,25654.8,129331
2026-02-05 11:36:20+05:30,25655.25,25656.55,25654.95,25656.4,40477
2026-02-05 11:36:25+05:30,25656.35,25656.6,25655.4,25656.5,46440
2026-02-05 11:36:30+05:30,25656.15,25657.95,25656.15,25657.95,23579
2026-02-05 11:36:35+05:30,25658.65,25659.05,25657.9,25658.75,25984
2026-02-05 11:36:40+05:30,25659.2,25661.35,25659.2,25661.35,69591
2026-02-05 11:36:45+05:30,25660.75,25663.0,25660.7,25662.6,88640
2026-02-05 11:36:50+05:30,25663.2,25666.0,25663.2,25666.0,93424
2026-02-05 11:36:55+05:30,25664.65,25664.9,25664.2,25664.7,92700
2026-02-05 11:37:00+05:30,25664.3,25667.1,25663.15,25667.1,49523
2026-02-05 11:37:05+05:30,25667.0,25669.1,25667.0,25668.55,45344
2026-02-05 11:37:10+05:30,25669.5,25670.65,25668.8,25670.65,35901
2026-02-05 11:37:15+05:30,25670.45,25670.45,25668.6,25669.6,24506
2026-02-05 11:37:20+05:30,25670.0,25670.0,25669.0,25669.4,33554
2026-02-05 11:37:25+05:30,25669.0,25669.0,25666.35,25666.35,27240
2026-02-05 11:37:30+05:30,25666.65,25667.8,25666.55,25667.4,40668
2026-02-05 11:37:35+05:30,25667.3,25667.3,25664.8,25664.8,39653
2026-02-05 11:37:40+05:30,25664.85,25665.9,25664.75,25665.9,27428
2026-02-05 11:37:45+05:30,25665.55,25666.0,25664.35,25665.65,21012
2026-02-05 11:37:50+05:30,25665.35,25667.1,25664.05,25667.1,32726
2026-02-05 11:37:55+05:30,25666.3,25666.8,25665.8,25666.4,35507
2026-02-05 11:38:00+05:30,25666.05,25666.9,25665.5,25666.8,24854
2026-02-05 11:38:05+05:30,25666.15,25666.3,25665.25,25666.3,32511
2026-02-05 11:38:10+05:30,25666.05,25666.6,25665.95,25666.5,18462
2026-02-05 11:38:15+05:30,25666.2,25667.45,25665.55,25667.45,55334
2026-02-05 11:38:20+05:30,25667.5,25668.4,25667.0,25668.4,44036
2026-02-05 11:38:25+05:30,25668.15,25668.15,25667.5,25667.6,43884
2026-02-05 11:38:30+05:30,25667.95,25668.25,25667.55,25668.2,51955
2026-02-05 11:38:35+05:30,25668.0,25668.25,25667.65,25668.05,78816
2026-02-05 11:38:40+05:30,25668.1,25669.25,25668.1,25669.25,43039
2026-02-05 11:38:45+05:30,25669.15,25669.45,25667.7,25668.95,21268
2026-02-05 11:38:50+05:30,25668.9,25670.15,25668.7,25670.15,63525
2026-02-05 11:38:55+05:30,25669.65,25670.25,25669.5,25669.6,54222
2026-02-05 11:39:00+05:30,25669.65,25670.9,25669.65,25670.9,18190
2026-02-05 11:39:05+05:30,25670.7,25672.35,25669.9,25671.9,55523
2026-02-05 11:39:10+05:30,25672.15,25673.85,25672.15,25673.85,123880
2026-02-05 11:39:15+05:30,25673.8,25673.8,25671.95,25672.75,34063
2026-02-05 11:39:20+05:30,25673.0,25673.95,25672.85,25673.95,76474
2026-02-05 11:39:25+05:30,25674.0,25674.35,25673.05,25673.4,68239
2026-02-05 11:39:30+05:30,25673.1,25673.6,25671.8,25672.75,41535
2026-02-05 11:39:35+05:30,25672.6,25672.6,25671.05,25671.1,30235
2026-02-05 11:39:40+05:30,25671.45,25672.0,25670.4,25671.7,50359
2026-02-05 11:39:45+05:30,25672.0,25672.35,25669.9,25670.35,34286
2026-02-05 11:39:50+05:30,25670.85,25672.25,25670.2,25672.25,33062
2026-02-05 11:39:55+05:30,25672.05,25672.3,25671.05,25671.05,88923
2026-02-05 11:40:00+05:30,25671.45,25672.05,25669.1,25669.3,53737
2026-02-05 11:40:05+05:30,25669.5,25669.5,25666.15,25666.15,38465
2026-02-05 11:40:10+05:30,25666.1,25666.75,25665.9,25666.55,61170
2026-02-05 11:40:15+05:30,25666.3,25666.65,25665.6,25666.25,20041
2026-02-05 11:40:20+05:30,25666.55,25666.95,25666.25,25666.95,16347
2026-02-05 11:40:25+05:30,25666.4,25666.6,25665.75,25666.25,41381
2026-02-05 11:40:30+05:30,25666.1,25667.6,25666.1,25667.45,26195
2026-02-05 11:40:35+05:30,25667.1,25667.7,25666.35,25667.05,50257
2026-02-05 11:40:40+05:30,25667.3,25668.8,25666.75,25668.8,36225
2026-02-05 11:40:45+05:30,25668.8,25668.8,25666.6,25668.45,25385
2026-02-05 11:40:50+05:30,25669.25,25671.0,25669.2,25671.0,82172
2026-02-05 11:40:55+05:30,25670.85,25672.55,25670.85,25671.7,36284
2026-02-05 11:41:00+05:30,25671.6,25672.85,25671.6,25672.85,15233
2026-02-05 11:41:05+05:30,25672.45,25673.8,25672.05,25673.45,34220
2026-02-05 11:41:10+05:30,25674.65,25674.65,25673.4,25673.9,26418
2026-02-05 11:41:15+05:30,25673.75,25674.5,25672.7,25673.3,27615
2026-02-05 11:41:20+05:30,25673.85,25674.5,25673.1,25674.45,32439
2026-02-05 11:41:25+05:30,25674.15,25674.15,25672.45,25673.1,34830
2026-02-05 11:41:30+05:30,25674.5,25676.2,25673.7,25676.2,72680
2026-02-05 11:41:35+05:30,25676.1,25676.1,25674.75,25674.8,41054
2026-02-05 11:41:40+05:30,25674.75,25676.05,25674.75,25676.05,15802
2026-02-05 11:41:45+05:30,25675.9,25675.9,25672.5,25672.5,79380
2026-02-05 11:41:50+05:30,25672.85,25672.85,25671.5,25672.65,112553
2026-02-05 11:41:55+05:30,25672.3,25672.3,25670.1,25670.1,32321
2026-02-05 11:42:00+05:30,25670.35,25671.75,25670.35,25671.75,41578
2026-02-05 11:42:05+05:30,25671.7,25672.25,25671.0,25672.25,68696
2026-02-05 11:42:10+05:30,25674.0,25677.6,25673.8,25677.6,103232
2026-02-05 11:42:15+05:30,25677.7,25678.4,25677.35,25677.35,53773
2026-02-05 11:42:20+05:30,25677.95,25677.95,25674.3,25675.4,50104
2026-02-05 11:42:25+05:30,25675.15,25675.15,25673.5,25673.95,26088
2026-02-05 11:42:30+05:30,25673.85,25675.25,25673.85,25675.25,107155
2026-02-05 11:42:35+05:30,25675.3,25675.35,25674.8,25674.85,35162
2026-02-05 11:42:40+05:30,25674.5,25675.75,25674.1,25675.5,55762
2026-02-05 11:42:45+05:30,25675.25,25675.8,25675.1,25675.3,71843
2026-02-05 11:42:50+05:30,25676.0,25676.0,25675.1,25675.45,36089
2026-02-05 11:42:55+05:30,25674.95,25675.35,25670.65,25670.65,65998
2026-02-05 11:43:00+05:30,25671.95,25671.95,25670.6,25671.0,37584
2026-02-05 11:43:05+05:30,25670.85,25672.15,25670.35,25671.75,45785
2026-02-05 11:43:10+05:30,25671.85,25674.75,25671.85,25674.75,60155
2026-02-05 11:43:15+05:30,25674.35,25674.4,25673.05,25673.05,40496
2026-02-05 11:43:20+05:30,25674.55,25674.65,25673.05,25674.45,100644
2026-02-05 11:43:25+05:30,25674.25,25674.75,25672.85,25674.75,60939
2026-02-05 11:43:30+05:30,25674.6,25676.55,25674.55,25676.55,58499
2026-02-05 11:43:35+05:30,25676.45,25676.9,25675.75,25676.1,29472
2026-02-05 11:43:40+05:30,25676.75,25678.8,25676.75,25678.25,70135
2026-02-05 11:43:45+05:30,25677.5,25678.2,25676.8,25678.2,70642
2026-02-05 11:43:50+05:30,25679.8,25679.8,25677.2,25679.25,74320
2026-02-05 11:43:55+05:30,25677.8,25679.2,25677.8,25678.55,43190
2026-02-05 11:44:00+05:30,25678.6,25680.2,25678.6,25680.2,35303
2026-02-05 11:44:05+05:30,25680.15,25680.15,25677.9,25677.9,41403
2026-02-05 11:44:10+05:30,25677.5,25678.25,25675.8,25676.55,90973
2026-02-05 11:44:15+05:30,25676.2,25676.2,25672.95,25673.0,49168
2026-02-05 11:44:20+05:30,25673.5,25675.0,25672.6,25675.0,41259
2026-02-05 11:44:25+05:30,25673.8,25674.1,25672.65,25672.65,39790
2026-02-05 11:44:30+05:30,25672.5,25674.9,25672.5,25674.05,41942
2026-02-05 11:44:35+05:30,25673.7,25673.7,25668.75,25669.15,105155
2026-02-05 11:44:40+05:30,25668.55,25670.3,25668.55,25670.2,46763
2026-02-05 11:44:45+05:30,25670.4,25670.4,25667.55,25668.1,49297
2026-02-05 11:44:50+05:30,25668.0,25668.7,25667.05,25668.7,39678
2026-02-05 11:44:55+05:30,25668.85,25668.85,25666.3,25666.3,33904
2026-02-05 11:45:00+05:30,25666.35,25668.3,25666.35,25668.3,43102
2026-02-05 11:45:05+05:30,25668.1,25668.1,25666.1,25666.1,96642
2026-02-05 11:45:10+05:30,25665.6,25667.25,25665.6,25667.25,40194
2026-02-05 11:45:15+05:30,25666.2,25667.05,25663.9,25663.9,37623
2026-02-05 11:45:20+05:30,25665.2,25665.2,25664.15,25665.1,53803
2026-02-05 11:45:25+05:30,25664.35,25664.6,25663.35,25663.75,101658
2026-02-05 11:45:30+05:30,25663.3,25664.75,25663.3,25664.75,46061
2026-02-05 11:45:35+05:30,25664.05,25664.3,25663.35,25663.35,37383
2026-02-05 11:45:40+05:30,25664.05,25664.65,25662.65,25663.45,37157
2026-02-05 11:45:45+05:30,25662.9,25663.7,25662.2,25662.2,54381
2026-02-05 11:45:50+05:30,25662.25,25662.55,25662.0,25662.5,52577
2026-02-05 11:45:55+05:30,25662.05,25662.05,25660.25,25660.7,31106
2026-02-05 11:46:00+05:30,25660.55,25663.35,25660.55,25663.35,37460
2026-02-05 11:46:05+05:30,25663.15,25663.15,25660.9,25660.9,50699
2026-02-05 11:46:10+05:30,25661.4,25662.6,25659.6,25660.9,48574
2026-02-05 11:46:15+05:30,25660.65,25660.85,25659.0,25659.0,57963
2026-02-05 11:46:20+05:30,25659.6,25661.0,25659.45,25661.0,28990
2026-02-05 11:46:25+05:30,25660.35,25660.35,25658.8,25659.3,23733
2026-02-05 11:46:30+05:30,25660.0,25661.25,25660.0,25661.25,336565
2026-02-05 11:46:35+05:30,25660.8,25660.8,25658.75,25658.75,335786
2026-02-05 11:46:40+05:30,25658.35,25659.6,25656.9,25658.8,259518
2026-02-05 11:46:45+05:30,25657.5,25658.7,25656.45,25658.05,165592
2026-02-05 11:46:50+05:30,25658.05,25658.5,25656.95,25658.45,151265
2026-02-05 11:46:55+05:30,25658.2,25658.35,25657.65,25657.95,166416
2026-02-05 11:47:00+05:30,25658.05,25660.5,25658.05,25660.45,405439
2026-02-05 11:47:05+05:30,25659.1,25659.95,25657.85,25657.85,78977
2026-02-05 11:47:10+05:30,25657.4,25659.4,25657.4,25659.4,54367
2026-02-05 11:47:15+05:30,25658.7,25659.25,25657.2,25657.65,68758
2026-02-05 11:47:20+05:30,25657.6,25658.25,25656.65,25658.15,45419
2026-02-05 11:47:25+05:30,25657.2,25657.75,25655.95,25655.95,45807
2026-02-05 11:47:30+05:30,25656.15,25656.75,25655.95,25656.7,39821
2026-02-05 11:47:35+05:30,25656.6,25656.6,25653.0,25653.0,52848
2026-02-05 11:47:40+05:30,25652.6,25656.2,25652.6,25656.2,72043
2026-02-05 11:47:45+05:30,25654.9,25655.5,25653.75,25653.75,51429
2026-02-05 11:47:50+05:30,25653.95,25654.1,25653.0,25653.95,103841
2026-02-05 11:47:55+05:30,25653.2,25653.25,25651.65,25652.45,46478
2026-02-05 11:48:00+05:30,25652.7,25652.7,25650.85,25652.0,102380
2026-02-05 11:48:05+05:30,25650.15,25650.15,25648.0,25648.65,111627
2026-02-05 11:48:10+05:30,25647.6,25649.6,25647.55,25649.55,54515
2026-02-05 11:48:15+05:30,25648.55,25648.55,25645.2,25645.25,83228
2026-02-05 11:48:20+05:30,25646.5,25648.15,25645.9,25648.15,38033
2026-02-05 11:48:25+05:30,25647.8,25647.8,25644.7,25645.6,37208
2026-02-05 11:48:30+05:30,25645.35,25646.95,25645.35,25646.65,45189
2026-02-05 11:48:35+05:30,25646.4,25646.4,25643.7,25644.1,82005
2026-02-05 11:48:40+05:30,25643.3,25645.1,25643.3,25645.1,37055
2026-02-05 11:48:45+05:30,25644.4,25644.45,25641.25,25641.25,182383
2026-02-05 11:48:50+05:30,25641.15,25641.2,25640.35,25641.15,78457
2026-02-05 11:48:55+05:30,25640.95,25641.0,25639.9,25640.55,70774
2026-02-05 11:49:00+05:30,25640.2,25641.2,25639.85,25640.1,52533
2026-02-05 11:49:05+05:30,25639.35,25639.55,25637.45,25637.9,53192
2026-02-05 11:49:10+05:30,25637.55,25639.05,25637.55,25638.65,48559
2026-02-05 11:49:15+05:30,25637.9,25638.6,25636.4,25636.4,39767
2026-02-05 11:49:20+05:30,25637.45,25639.15,25637.25,25638.6,32352
2026-02-05 11:49:25+05:30,25638.05,25638.05,25634.95,25634.95,153684
2026-02-05 11:49:30+05:30,25635.95,25637.25,25635.5,25636.65,43047
2026-02-05 11:49:35+05:30,25636.5,25636.5,25634.95,25635.85,44896
2026-02-05 11:49:40+05:30,25635.25,25636.7,25635.0,25635.95,35822
2026-02-05 11:49:45+05:30,25635.95,25635.95,25632.2,25632.2,41699
2026-02-05 11:49:50+05:30,25632.65,25632.65,25631.35,25632.35,102158
2026-02-05 11:49:55+05:30,25632.15,25635.05,25631.3,25635.05,58481
2026-02-05 11:50:00+05:30,25634.9,25635.95,25634.75,25635.5,40795
2026-02-05 11:50:05+05:30,25635.35,25635.35,25632.8,25632.8,84903
2026-02-05 11:50:10+05:30,25632.55,25633.85,25632.2,25633.65,41144
2026-02-05 11:50:15+05:30,25632.85,25632.85,25631.4,25631.4,31252
2026-02-05 11:50:20+05:30,25632.15,25632.65,25631.5,25632.65,55646
2026-02-05 11:50:25+05:30,25632.3,25632.3,25630.5,25630.85,50467
2026-02-05 11:50:30+05:30,25630.8,25632.55,25630.8,25632.15,59114
2026-02-05 11:50:35+05:30,25631.9,25631.9,25629.65,25630.5,53729
2026-02-05 11:50:40+05:30,25630.7,25632.95,25630.7,25631.8,26098
2026-02-05 11:50:45+05:30,25631.3,25631.5,25630.1,25630.95,45736
2026-02-05 11:50:50+05:30,25631.85,25633.3,25630.95,25633.3,32155
2026-02-05 11:50:55+05:30,25632.75,25633.05,25631.7,25631.7,32279
2026-02-05 11:51:00+05:30,25632.25,25634.4,25632.25,25634.4,44124
2026-02-05 11:51:05+05:30,25633.2,25634.0,25632.1,25632.85,37808
2026-02-05 11:51:10+05:30,25632.75,25635.3,25632.75,25634.35,29286
2026-02-05 11:51:15+05:30,25633.45,25633.9,25632.8,25633.05,44477
2026-02-05 11:51:20+05:30,25633.25,25634.1,25633.15,25634.05,36909
2026-02-05 11:51:25+05:30,25633.0,25634.0,25632.45,25633.0,31941
2026-02-05 11:51:30+05:30,25633.15,25635.3,25633.15,25635.3,44323
2026-02-05 11:51:35+05:30,25635.1,25635.5,25634.2,25635.0,50694
2026-02-05 11:51:40+05:30,25634.6,25636.5,25634.6,25636.5,42848
2026-02-05 11:51:45+05:30,25636.15,25636.15,25635.05,25635.05,27099
2026-02-05 11:51:50+05:30,25635.6,25635.8,25634.8,25635.45,35041
2026-02-05 11:51:55+05:30,25635.35,25635.35,25634.0,25634.3,53871
2026-02-05 11:52:00+05:30,25634.5,25635.4,25634.5,25635.4,29362
2026-02-05 11:52:05+05:30,25635.5,25635.5,25634.15,25634.15,26348
2026-02-05 11:52:10+05:30,25634.0,25635.15,25634.0,25634.2,37305
2026-02-05 11:52:15+05:30,25634.75,25634.75,25633.4,25633.5,42219
2026-02-05 11:52:20+05:30,25633.85,25633.9,25632.6,25633.0,46338
2026-02-05 11:52:25+05:30,25633.1,25633.1,25630.85,25630.85,35802
2026-02-05 11:52:30+05:30,25631.1,25632.85,25631.1,25632.7,23825
2026-02-05 11:52:35+05:30,25633.05,25633.05,25631.75,25632.1,17830
2026-02-05 11:52:40+05:30,25631.65,25633.45,25631.65,25632.8,42619
2026-02-05 11:52:45+05:30,25632.95,25633.2,25632.0,25632.0,29426
2026-02-05 11:52:50+05:30,25633.0,25634.05,25632.3,25633.9,48721
2026-02-05 11:52:55+05:30,25633.4,25634.2,25633.4,25633.45,45231
2026-02-05 11:53:00+05:30,25633.9,25637.1,25633.9,25637.0,64396
2026-02-05 11:53:05+05:30,25637.25,25637.25,25635.75,25635.75,46628
2026-02-05 11:53:10+05:30,25636.8,25637.1,25636.15,25636.35,43621
2026-02-05 11:53:15+05:30,25636.25,25636.5,25635.65,25636.35,29941
2026-02-05 11:53:20+05:30,25636.55,25636.65,25635.55,25636.1,36199
2026-02-05 11:53:25+05:30,25636.6,25636.6,25635.25,25635.25,34871
2026-02-05 11:53:30+05:30,25635.5,25636.2,25634.75,25635.0,46677
2026-02-05 11:53:35+05:30,25634.75,25634.95,25633.1,25633.4,23847
2026-02-05 11:53:40+05:30,25632.9,25635.85,25632.9,25634.45,31648
2026-02-05 11:53:45+05:30,25634.25,25634.95,25633.2,25633.95,45635
2026-02-05 11:53:50+05:30,25634.4,25634.4,25633.45,25633.45,46987
2026-02-05 11:53:55+05:30,25634.4,25634.5,25633.3,25633.3,25581
2026-02-05 11:54:00+05:30,25633.75,25633.75,25632.4,25633.05,40907
2026-02-05 11:54:05+05:30,25632.9,25634.3,25632.9,25633.65,20667
2026-02-05 11:54:10+05:30,25632.85,25633.85,25632.0,25632.0,29890
2026-02-05 11:54:15+05:30,25633.3,25633.6,25632.95,25633.1,25136
2026-02-05 11:54:20+05:30,25634.05,25634.6,25633.55,25634.6,27051
2026-02-05 11:54:25+05:30,25635.05,25637.25,25634.95,25636.6,54717
2026-02-05 11:54:30+05:30,25636.5,25638.2,25636.5,25638.2,39894
2026-02-05 11:54:35+05:30,25637.75,25638.8,25636.75,25636.75,26500
2026-02-05 11:54:40+05:30,25637.45,25638.65,25637.3,25637.55,28415
2026-02-05 11:54:45+05:30,25637.9,25638.3,25637.1,25637.35,25851
2026-02-05 11:54:50+05:30,25638.3,25638.9,25637.6,25638.55,29809
2026-02-05 11:54:55+05:30,25638.65,25638.75,25637.8,25638.35,47164
2026-02-05 11:55:00+05:30,25638.2,25639.15,25637.85,25639.1,45805
2026-02-05 11:55:05+05:30,25638.4,25639.75,25637.8,25637.8,36656
2026-02-05 11:55:10+05:30,25637.35,25638.3,25637.15,25638.3,60705
2026-02-05 11:55:15+05:30,25638.25,25639.1,25637.75,25638.75,34765
2026-02-05 11:55:20+05:30,25640.55,25640.55,25639.5,25640.1,52381
2026-02-05 11:55:25+05:30,25640.9,25640.9,25639.5,25639.5,48267
2026-02-05 11:55:30+05:30,25639.35,25641.75,25639.35,25641.2,50048
2026-02-05 11:55:35+05:30,25641.7,25641.85,25641.0,25641.7,39654
2026-02-05 11:55:40+05:30,25641.95,25642.85,25640.6,25641.15,84665
2026-02-05 11:55:45+05:30,25641.15,25642.3,25641.15,25641.95,29011
2026-02-05 11:55:50+05:30,25641.95,25643.2,25641.95,25642.75,35373
2026-02-05 11:55:55+05:30,25643.4,25646.15,25643.4,25646.1,64813
2026-02-05 11:56:00+05:30,25646.7,25647.75,25646.7,25646.95,44591
2026-02-05 11:56:05+05:30,25647.55,25647.9,25646.8,25647.2,46126
2026-02-05 11:56:10+05:30,25647.6,25648.3,25646.45,25646.45,47806
2026-02-05 11:56:15+05:30,25647.4,25648.5,25647.2,25647.2,40052
2026-02-05 11:56:20+05:30,25648.45,25648.65,25647.1,25648.15,49714
2026-02-05 11:56:25+05:30,25647.9,25649.25,25646.8,25649.25,28382
2026-02-05 11:56:30+05:30,25648.7,25649.15,25648.5,25649.0,48597
2026-02-05 11:56:35+05:30,25649.75,25649.75,25648.55,25648.55,35340
2026-02-05 11:56:40+05:30,25648.2,25649.85,25645.95,25646.75,112771
2026-02-05 11:56:45+05:30,25647.15,25648.35,25646.75,25647.2,93641
2026-02-05 11:56:50+05:30,25647.6,25647.6,25646.0,25646.15,31291
2026-02-05 11:56:55+05:30,25646.1,25646.95,25645.6,25646.45,61882
2026-02-05 11:57:00+05:30,25646.5,25646.5,25645.35,25646.1,48200
2026-02-05 11:57:05+05:30,25646.6,25646.85,25644.75,25645.6,31252
2026-02-05 11:57:10+05:30,25645.2,25646.0,25645.2,25646.0,26126
2026-02-05 11:57:15+05:30,25645.7,25646.05,25644.15,25644.25,42816
2026-02-05 11:57:20+05:30,25645.15,25645.35,25643.2,25643.2,50102
2026-02-05 11:57:25+05:30,25643.55,25643.55,25641.4,25641.4,42433
2026-02-05 11:57:30+05:30,25642.85,25643.25,25641.8,25642.75,53346
2026-02-05 11:57:35+05:30,25641.75,25642.6,25640.85,25642.0,29680
2026-02-05 11:57:40+05:30,25642.35,25642.95,25640.25,25641.15,17625
2026-02-05 11:57:45+05:30,25641.9,25642.85,25640.9,25640.9,19722
2026-02-05 11:57:50+05:30,25641.85,25643.4,25641.85,25643.4,60586
2026-02-05 11:57:55+05:30,25642.55,25643.0,25641.9,25642.2,12609
2026-02-05 11:58:00+05:30,25642.85,25643.2,25641.95,25643.1,23586
2026-02-05 11:58:05+05:30,25643.65,25643.9,25642.75,25642.75,35040
2026-02-05 11:58:10+05:30,25643.5,25644.1,25642.65,25643.2,53445
2026-02-05 11:58:15+05:30,25643.75,25643.75,25642.25,25643.1,34894
2026-02-05 11:58:20+05:30,25643.05,25643.4,25642.5,25642.8,21592
2026-02-05 11:58:25+05:30,25642.6,25643.5,25642.1,25643.1,30539
2026-02-05 11:58:30+05:30,25643.4,25643.9,25642.7,25642.7,39480
2026-02-05 11:58:35+05:30,25643.0,25643.2,25642.15,25642.25,1245345
2026-02-05 11:58:40+05:30,25643.1,25644.05,25642.35,25642.35,37915
2026-02-05 11:58:45+05:30,25642.5,25642.75,25641.5,25641.75,22067
2026-02-05 11:58:50+05:30,25643.25,25644.15,25642.95,25643.85,44295
2026-02-05 11:58:55+05:30,25643.8,25644.3,25643.0,25643.7,31107
2026-02-05 11:59:00+05:30,25643.9,25644.75,25643.3,25643.3,45230
2026-02-05 11:59:05+05:30,25643.7,25645.9,25643.7,25645.9,77268
2026-02-05 11:59:10+05:30,25645.45,25646.8,25645.45,25646.75,44580
2026-02-05 11:59:15+05:30,25646.7,25648.35,25646.7,25647.8,57227
2026-02-05 11:59:20+05:30,25649.05,25649.05,25648.0,25648.75,45820
2026-02-05 11:59:25+05:30,25649.6,25650.0,25647.95,25649.9,34341
2026-02-05 11:59:30+05:30,25649.5,25650.05,25649.5,25649.5,19979
2026-02-05 11:59:35+05:30,25649.25,25650.6,25649.25,25649.9,53829
2026-02-05 11:59:40+05:30,25649.7,25651.4,25649.7,25650.3,15007
2026-02-05 11:59:45+05:30,25650.8,25651.15,25649.7,25651.15,41110
2026-02-05 11:59:50+05:30,25650.95,25651.55,25650.1,25650.9,35037
2026-02-05 11:59:55+05:30,25651.55,25652.25,25650.95,25651.9,43378
2026-02-05 12:00:00+05:30,25651.35,25652.35,25651.35,25651.75,33037
2026-02-05 12:00:05+05:30,25651.25,25651.85,25650.0,25650.9,47105
2026-02-05 12:00:10+05:30,25650.3,25651.75,25649.8,25650.35,32935
2026-02-05 12:00:15+05:30,25651.15,25651.35,25649.55,25650.25,49759
2026-02-05 12:00:20+05:30,25650.9,25650.9,25648.6,25648.75,32731
2026-02-05 12:00:25+05:30,25648.5,25649.7,25647.25,25647.25,38144
2026-02-05 12:00:30+05:30,25647.7,25648.25,25646.55,25646.55,41960
2026-02-05 12:00:35+05:30,25647.05,25647.05,25645.55,25645.55,259840
2026-02-05 12:00:40+05:30,25646.1,25646.85,25645.1,25645.1,26305
2026-02-05 12:00:45+05:30,25645.75,25645.85,25644.55,25644.55,48532
2026-02-05 12:00:50+05:30,25644.45,25644.5,25643.25,25643.25,28781
2026-02-05 12:00:55+05:30,25643.65,25643.85,25642.95,25643.25,19294
2026-02-05 12:01:00+05:30,25642.9,25643.85,25642.9,25643.45,35901
2026-02-05 12:01:05+05:30,25644.0,25644.0,25643.0,25643.3,18007
2026-02-05 12:01:10+05:30,25642.9,25644.2,25642.35,25642.35,39415
2026-02-05 12:01:15+05:30,25642.1,25642.3,25641.25,25641.5,23274
2026-02-05 12:01:20+05:30,25642.25,25642.45,25640.7,25640.7,51458
2026-02-05 12:01:25+05:30,25641.95,25641.95,25640.45,25640.45,28948
2026-02-05 12:01:30+05:30,25641.1,25641.3,25640.45,25640.9,32588
2026-02-05 12:01:35+05:30,25641.0,25641.0,25639.3,25639.55,32230
2026-02-05 12:01:40+05:30,25639.05,25640.15,25638.5,25638.5,22542
2026-02-05 12:01:45+05:30,25638.6,25639.15,25637.8,25637.95,41249
2026-02-05 12:01:50+05:30,25638.5,25638.5,25636.95,25637.2,30301
2026-02-05 12:01:55+05:30,25636.65,25637.2,25635.9,25636.0,29514
2026-02-05 12:02:00+05:30,25636.55,25637.5,25636.35,25637.5,22911
2026-02-05 12:02:05+05:30,25637.75,25637.9,25637.0,25637.15,37284
2026-02-05 12:02:10+05:30,25637.2,25638.15,25637.2,25637.7,24908
2026-02-05 12:02:15+05:30,25637.2,25637.85,25635.75,25635.75,22036
2026-02-05 12:02:20+05:30,25636.1,25636.25,25635.0,25635.9,26853
2026-02-05 12:02:25+05:30,25635.85,25636.4,25635.75,25636.4,29525
2026-02-05 12:02:30+05:30,25636.35,25638.2,25636.35,25638.2,33853
2026-02-05 12:02:35+05:30,25637.7,25638.1,25637.3,25638.1,33388
2026-02-05 12:02:40+05:30,25637.8,25641.7,25637.8,25641.7,60669
2026-02-05 12:02:45+05:30,25642.1,25643.0,25640.85,25642.25,40207
2026-02-05 12:02:50+05:30,25643.7,25644.4,25643.55,25644.0,45766
2026-02-05 12:02:55+05:30,25645.05,25645.05,25643.55,25643.9,35310
2026-02-05 12:03:00+05:30,25643.4,25646.05,25643.4,25645.45,28937
2026-02-05 12:03:05+05:30,25645.9,25647.3,25645.65,25645.65,69937
2026-02-05 12:03:10+05:30,25645.45,25647.25,25645.45,25646.2,27327
2026-02-05 12:03:15+05:30,25646.6,25646.6,25644.5,25644.5,70673
2026-02-05 12:03:20+05:30,25645.5,25645.75,25644.4,25644.9,46595
2026-02-05 12:03:25+05:30,25645.25,25645.25,25644.1,25644.2,19307
2026-02-05 12:03:30+05:30,25644.25,25644.75,25643.6,25644.35,21758
2026-02-05 12:03:35+05:30,25644.85,25644.9,25644.35,25644.7,24322
2026-02-05 12:03:40+05:30,25644.35,25646.35,25644.35,25645.85,41659
2026-02-05 12:03:45+05:30,25646.5,25646.5,25644.0,25644.95,45560
2026-02-05 12:03:50+05:30,25645.05,25647.15,25645.05,25647.15,25677
2026-02-05 12:03:55+05:30,25647.1,25648.45,25646.5,25647.15,24455
2026-02-05 12:04:00+05:30,25648.2,25650.8,25648.2,25650.8,40830
2026-02-05 12:04:05+05:30,25650.25,25650.45,25649.8,25650.4,33620
2026-02-05 12:04:10+05:30,25649.95,25651.5,25649.55,25649.55,32441
2026-02-05 12:04:15+05:30,25650.4,25651.8,25650.15,25651.8,38295
2026-02-05 12:04:20+05:30,25652.0,25653.95,25651.7,25653.95,51307
2026-02-05 12:04:25+05:30,25653.5,25653.8,25652.45,25653.6,36814
2026-02-05 12:04:30+05:30,25653.9,25654.55,25653.65,25653.65,52385
2026-02-05 12:04:35+05:30,25653.75,25653.75,25650.95,25650.95,45342
2026-02-05 12:04:40+05:30,25651.5,25652.45,25651.25,25651.8,36455
2026-02-05 12:04:45+05:30,25652.0,25652.5,25650.35,25650.4,24785
2026-02-05 12:04:50+05:30,25650.4,25652.05,25650.4,25651.3,23249
2026-02-05 12:04:55+05:30,25652.3,25652.8,25651.3,25651.3,19295
2026-02-05 12:05:00+05:30,25652.35,25653.75,25651.8,25653.75,37054
2026-02-05 12:05:05+05:30,25654.0,25654.95,25653.15,25653.15,54417
2026-02-05 12:05:10+05:30,25652.25,25654.8,25652.25,25653.8,43550
2026-02-05 12:05:15+05:30,25654.4,25654.85,25653.45,25654.45,36382
2026-02-05 12:05:20+05:30,25654.65,25655.6,25654.65,25654.8,65447
2026-02-05 12:05:25+05:30,25656.1,25656.2,25653.75,25654.15,64231
2026-02-05 12:05:30+05:30,25654.1,25654.45,25652.35,25652.35,24647
2026-02-05 12:05:35+05:30,25652.2,25652.45,25651.6,25652.3,205298
2026-02-05 12:05:40+05:30,25652.15,25653.9,25652.15,25652.35,55903
2026-02-05 12:05:45+05:30,25652.75,25653.2,25651.85,25651.85,33698
2026-02-05 12:05:50+05:30,25652.5,25653.1,25651.5,25652.2,27702
2026-02-05 12:05:55+05:30,25652.6,25653.65,25652.15,25653.65,31531
2026-02-05 12:06:00+05:30,25652.65,25654.65,25652.65,25654.3,31431
2026-02-05 12:06:05+05:30,25654.6,25655.45,25654.35,25655.25,27087
2026-02-05 12:06:10+05:30,25655.4,25656.5,25655.05,25655.15,29074
2026-02-05 12:06:15+05:30,25655.0,25655.55,25653.05,25653.05,48702
2026-02-05 12:06:20+05:30,25653.55,25653.8,25652.85,25653.8,46062
2026-02-05 12:06:25+05:30,25654.7,25656.0,25654.3,25654.3,91801
2026-02-05 12:06:30+05:30,25657.7,25657.7,25655.9,25656.2,61195
2026-02-05 12:06:35+05:30,25656.4,25656.5,25655.7,25656.1,28170
2026-02-05 12:06:40+05:30,25655.65,25657.0,25655.65,25656.1,22614
2026-02-05 12:06:45+05:30,25656.5,25656.85,25654.75,25655.05,90690
2026-02-05 12:06:50+05:30,25654.75,25655.8,25654.05,25654.05,25191
2026-02-05 12:06:55+05:30,25654.6,25654.6,25651.25,25651.6,150082
2026-02-05 12:07:00+05:30,25651.55,25652.3,25648.15,25648.15,44167
2026-02-05 12:07:05+05:30,25647.95,25647.95,25644.7,25645.2,86743
2026-02-05 12:07:10+05:30,25645.05,25645.15,25643.45,25643.9,53186
2026-02-05 12:07:15+05:30,25644.95,25644.95,25641.95,25641.95,30773
2026-02-05 12:07:20+05:30,25642.15,25643.25,25642.15,25642.85,41570
2026-02-05 12:07:25+05:30,25642.9,25642.9,25641.55,25642.75,37559
2026-02-05 12:07:30+05:30,25642.45,25643.25,25641.7,25643.0,35519
2026-02-05 12:07:35+05:30,25643.2,25643.8,25641.6,25641.7,55625
2026-02-05 12:07:40+05:30,25642.45,25643.65,25640.55,25640.55,22566
2026-02-05 12:07:45+05:30,25641.35,25641.95,25639.65,25639.65,36030
2026-02-05 12:07:50+05:30,25640.95,25640.95,25640.05,25640.95,47741
2026-02-05 12:07:55+05:30,25641.2,25641.2,25640.3,25640.4,23652
2026-02-05 12:08:00+05:30,25640.75,25641.9,25640.75,25641.25,29415
2026-02-05 12:08:05+05:30,25641.1,25641.15,25638.75,25638.75,49451
2026-02-05 12:08:10+05:30,25638.55,25640.0,25638.55,25639.35,939748
2026-02-05 12:08:15+05:30,25640.05,25640.05,25637.85,25637.85,27136
2026-02-05 12:08:20+05:30,25638.85,25639.4,25638.5,25638.5,32610
2026-02-05 12:08:25+05:30,25639.35,25639.35,25637.2,25637.2,23813
2026-02-05 12:08:30+05:30,25637.5,25639.3,25637.5,25638.85,85871
2026-02-05 12:08:35+05:30,25639.15,25639.15,25636.4,25638.25,35613
2026-02-05 12:08:40+05:30,25636.2,25638.2,25635.8,25636.75,50450
2026-02-05 12:08:45+05:30,25636.6,25636.6,25633.8,25633.8,34974
2026-02-05 12:08:50+05:30,25634.2,25634.6,25633.6,25634.05,36375
2026-02-05 12:08:55+05:30,25635.05,25635.05,25633.1,25633.55,82407
2026-02-05 12:09:00+05:30,25633.8,25633.8,25632.5,25632.65,36935
2026-02-05 12:09:05+05:30,25632.7,25632.7,25631.65,25632.1,36481
2026-02-05 12:09:10+05:30,25631.95,25632.9,25631.95,25632.9,38303
2026-02-05 12:09:15+05:30,25632.65,25633.55,25632.65,25633.25,27221
2026-02-05 12:09:20+05:30,25634.7,25637.65,25634.7,25637.65,67214
2026-02-05 12:09:25+05:30,25637.4,25637.8,25635.4,25635.4,20234
2026-02-05 12:09:30+05:30,25636.0,25638.0,25636.0,25637.7,34317
2026-02-05 12:09:35+05:30,25638.2,25638.2,25635.45,25636.3,119247
2026-02-05 12:09:40+05:30,25636.15,25637.8,25636.15,25636.55,29247
2026-02-05 12:09:45+05:30,25637.35,25637.35,25635.95,25636.15,39586
2026-02-05 12:09:50+05:30,25637.05,25637.85,25636.35,25637.8,32403
2026-02-05 12:09:55+05:30,25637.9,25638.0,25636.85,25636.95,45235
2026-02-05 12:10:00+05:30,25636.55,25637.9,25636.55,25637.65,63812
2026-02-05 12:10:05+05:30,25637.05,25638.8,25636.8,25638.8,55953
2026-02-05 12:10:10+05:30,25637.75,25639.55,25637.75,25637.9,31546
2026-02-05 12:10:15+05:30,25638.1,25638.25,25637.25,25637.25,40200
2026-02-05 12:10:20+05:30,25638.45,25639.4,25638.1,25638.55,37497
2026-02-05 12:10:25+05:30,25639.0,25639.0,25638.1,25638.1,24506
2026-02-05 12:10:30+05:30,25638.85,25640.6,25638.85,25640.55,61424
2026-02-05 12:10:35+05:30,25641.4,25641.4,25639.3,25640.75,44649
2026-02-05 12:10:40+05:30,25640.85,25642.1,25639.85,25639.85,29805
2026-02-05 12:10:45+05:30,25639.25,25639.25,25637.75,25637.75,36780
2026-02-05 12:10:50+05:30,25637.75,25639.3,25637.5,25637.7,23956
2026-02-05 12:10:55+05:30,25638.75,25638.75,25637.35,25637.35,23717
2026-02-05 12:11:00+05:30,25636.95,25638.5,25636.95,25637.45,40719
2026-02-05 12:11:05+05:30,25637.3,25637.3,25636.0,25636.75,60380
2026-02-05 12:11:10+05:30,25636.6,25638.35,25636.6,25637.05,33978
2026-02-05 12:11:15+05:30,25636.95,25638.85,25636.6,25637.85,47339
2026-02-05 12:11:20+05:30,25638.4,25638.85,25636.95,25638.5,28868
2026-02-05 12:11:25+05:30,25638.05,25638.05,25635.75,25635.9,25376
2026-02-05 12:11:30+05:30,25634.7,25636.7,25634.7,25636.7,57138
2026-02-05 12:11:35+05:30,25636.55,25636.9,25635.8,25636.1,27707
2026-02-05 12:11:40+05:30,25635.95,25637.65,25635.95,25636.3,14354
2026-02-05 12:11:45+05:30,25636.8,25637.0,25635.4,25635.4,18865
2026-02-05 12:11:50+05:30,25636.2,25636.3,25635.45,25635.7,73640
2026-02-05 12:11:55+05:30,25636.8,25636.8,25635.7,25636.2,89325
2026-02-05 12:12:00+05:30,25636.0,25636.9,25635.05,25635.4,45203
2026-02-05 12:12:05+05:30,25635.7,25636.35,25635.45,25636.05,41794
2026-02-05 12:12:10+05:30,25634.95,25636.05,25634.95,25635.2,30209
2026-02-05 12:12:15+05:30,25635.9,25635.9,25634.1,25634.1,48248
2026-02-05 12:12:20+05:30,25634.25,25634.25,25633.5,25633.5,27558
2026-02-05 12:12:25+05:30,25634.25,25634.25,25632.65,25633.05,42856
2026-02-05 12:12:30+05:30,25634.0,25634.0,25629.5,25629.5,80562
2026-02-05 12:12:35+05:30,25630.0,25630.0,25628.15,25628.95,95675
2026-02-05 12:12:40+05:30,25628.5,25630.15,25628.5,25629.2,87114
2026-02-05 12:12:45+05:30,25630.15,25630.15,25629.1,25629.1,32251
2026-02-05 12:12:50+05:30,25629.4,25629.8,25628.55,25629.0,34770
2026-02-05 12:12:55+05:30,25628.95,25628.95,25627.2,25628.4,39718
2026-02-05 12:13:00+05:30,25629.15,25629.85,25628.55,25628.55,20807
2026-02-05 12:13:05+05:30,25629.55,25629.55,25628.3,25629.25,36306
2026-02-05 12:13:10+05:30,25629.0,25630.7,25629.0,25630.7,28704
2026-02-05 12:13:15+05:30,25630.65,25630.8,25629.8,25630.35,34106
2026-02-05 12:13:20+05:30,25631.4,25631.9,25630.45,25631.1,23820
2026-02-05 12:13:25+05:30,25631.6,25631.95,25629.7,25629.7,58186
2026-02-05 12:13:30+05:30,25630.3,25630.3,25628.5,25628.5,42531
2026-02-05 12:13:35+05:30,25628.45,25629.7,25628.45,25628.9,39328
2026-02-05 12:13:40+05:30,25628.75,25629.95,25628.6,25628.6,28957
2026-02-05 12:13:45+05:30,25629.1,25629.7,25628.55,25629.5,39272
2026-02-05 12:13:50+05:30,25629.75,25630.65,25629.45,25629.6,47200
2026-02-05 12:13:55+05:30,25630.2,25630.7,25629.55,25630.0,52817
2026-02-05 12:14:00+05:30,25630.4,25631.3,25630.4,25630.5,51718
2026-02-05 12:14:05+05:30,25631.3,25631.3,25630.2,25630.2,40848
2026-02-05 12:14:10+05:30,25630.6,25631.1,25629.35,25629.35,43697
2026-02-05 12:14:15+05:30,25629.4,25629.75,25628.4,25628.4,31045
2026-02-05 12:14:20+05:30,25628.85,25629.05,25628.05,25628.35,48567
2026-02-05 12:14:25+05:30,25628.9,25628.9,25627.45,25627.5,22905
2026-02-05 12:14:30+05:30,25627.8,25629.1,25627.55,25628.8,43532
2026-02-05 12:14:35+05:30,25628.5,25628.5,25627.75,25627.75,22398
2026-02-05 12:14:40+05:30,25627.9,25628.8,25627.9,25628.05,45029
2026-02-05 12:14:45+05:30,25628.2,25628.2,25627.7,25627.9,32864
2026-02-05 12:14:50+05:30,25628.2,25628.7,25627.1,25627.7,27970
2026-02-05 12:14:55+05:30,25627.55,25629.8,25627.4,25629.8,103723
2026-02-05 12:15:00+05:30,25629.7,25630.5,25629.55,25630.2,57870
2026-02-05 12:15:05+05:30,25630.45,25630.45,25628.55,25628.65,43740
2026-02-05 12:15:10+05:30,25628.55,25629.3,25627.3,25627.3,58942
2026-02-05 12:15:15+05:30,25627.8,25627.8,25626.75,25626.75,34735
2026-02-05 12:15:20+05:30,25627.85,25628.45,25626.05,25626.85,35895
2026-02-05 12:15:25+05:30,25627.25,25627.25,25626.0,25626.3,35316
2026-02-05 12:15:30+05:30,25625.55,25627.05,25625.55,25626.5,50273
2026-02-05 12:15:35+05:30,25626.7,25626.7,25625.2,25625.35,41176
2026-02-05 12:15:40+05:30,25625.05,25626.55,25624.8,25625.75,54041
2026-02-05 12:15:45+05:30,25626.65,25626.65,25625.45,25625.7,91856
2026-02-05 12:15:50+05:30,25625.8,25626.8,25625.2,25626.2,41084
2026-02-05 12:15:55+05:30,25626.05,25626.05,25624.65,25625.1,29996
2026-02-05 12:16:00+05:30,25625.0,25626.6,25625.0,25625.85,26949
2026-02-05 12:16:05+05:30,25626.55,25626.55,25624.7,25625.25,32081
2026-02-05 12:16:10+05:30,25625.6,25626.5,25625.15,25625.3,37835
2026-02-05 12:16:15+05:30,25625.4,25625.45,25624.15,25624.15,20385
2026-02-05 12:16:20+05:30,25624.45,25624.5,25624.1,25624.1,44176
2026-02-05 12:16:25+05:30,25624.3,25624.3,25622.1,25622.1,48095
2026-02-05 12:16:30+05:30,25622.05,25623.1,25621.85,25622.25,60109
2026-02-05 12:16:35+05:30,25622.7,25622.75,25621.7,25621.7,28574
2026-02-05 12:16:40+05:30,25621.55,25623.75,25621.55,25622.65,36413
2026-02-05 12:16:45+05:30,25623.55,25624.4,25622.95,25623.65,32776
2026-02-05 12:16:50+05:30,25624.45,25624.85,25623.5,25623.5,52188
2026-02-05 12:16:55+05:30,25623.5,25624.45,25623.25,25623.5,46529
2026-02-05 12:17:00+05:30,25623.85,25625.0,25623.8,25624.4,55237
2026-02-05 12:17:05+05:30,25624.25,25624.25,25622.85,25623.2,45168
2026-02-05 12:17:10+05:30,25623.25,25624.8,25623.25,25623.6,50484
2026-02-05 12:17:15+05:30,25624.45,25625.0,25623.0,25624.1,36675
2026-02-05 12:17:20+05:30,25623.05,25624.2,25622.95,25622.95,43357
2026-02-05 12:17:25+05:30,25622.85,25623.1,25621.1,25621.1,97014
2026-02-05 12:17:30+05:30,25622.95,25622.95,25622.3,25622.55,32170
2026-02-05 12:17:35+05:30,25622.6,25622.6,25618.2,25618.45,73223
2026-02-05 12:17:40+05:30,25618.1,25618.55,25616.4,25617.05,131510
2026-02-05 12:17:45+05:30,25617.5,25617.5,25615.85,25615.85,50513
2026-02-05 12:17:50+05:30,25617.0,25617.45,25616.4,25617.1,38508
2026-02-05 12:17:55+05:30,25617.65,25618.35,25617.0,25618.35,63061
2026-02-05 12:18:00+05:30,25617.75,25619.2,25617.75,25619.1,52979
2026-02-05 12:18:05+05:30,25619.05,25619.05,25617.5,25618.15,55542
2026-02-05 12:18:10+05:30,25618.05,25620.8,25618.05,25619.6,43785
2026-02-05 12:18:15+05:30,25619.05,25620.7,25619.05,25620.1,28701
2026-02-05 12:18:20+05:30,25620.3,25621.3,25620.3,25620.95,55341
2026-02-05 12:18:25+05:30,25621.0,25621.25,25620.35,25620.7,30865
2026-02-05 12:18:30+05:30,25620.55,25622.05,25620.55,25620.8,26866
2026-02-05 12:18:35+05:30,25621.25,25621.45,25620.3,25621.1,45392
2026-02-05 12:18:40+05:30,25620.85,25622.65,25620.85,25622.65,41875
2026-02-05 12:18:45+05:30,25622.5,25622.5,25621.0,25621.4,23645
2026-02-05 12:18:50+05:30,25621.8,25622.75,25621.8,25622.2,59286
2026-02-05 12:18:55+05:30,25622.35,25622.5,25619.65,25620.3,61105
2026-02-05 12:19:00+05:30,25620.1,25620.6,25619.7,25620.1,55572
2026-02-05 12:19:05+05:30,25620.05,25620.25,25619.3,25620.2,26336
2026-02-05 12:19:10+05:30,25620.0,25621.5,25619.85,25620.35,35855
2026-02-05 12:19:15+05:30,25620.5,25620.6,25619.25,25619.45,39199
2026-02-05 12:19:20+05:30,25619.7,25619.7,25618.5,25618.65,44069
2026-02-05 12:19:25+05:30,25619.25,25619.25,25617.0,25617.3,48755
2026-02-05 12:19:30+05:30,25616.85,25618.3,25616.85,25618.1,39411
2026-02-05 12:19:35+05:30,25618.35,25618.35,25616.6,25616.6,34972
2026-02-05 12:19:40+05:30,25616.95,25618.55,25616.9,25617.15,49556
2026-02-05 12:19:45+05:30,25617.85,25618.35,25616.2,25616.85,74534
2026-02-05 12:19:50+05:30,25616.85,25617.35,25616.45,25617.35,59666
2026-02-05 12:19:55+05:30,25616.7,25616.75,25614.7,25615.05,38563
2026-02-05 12:20:00+05:30,25615.65,25616.7,25615.65,25616.7,51556
2026-02-05 12:20:05+05:30,25616.25,25616.25,25613.7,25614.15,85968
2026-02-05 12:20:10+05:30,25614.65,25615.6,25613.45,25613.45,52500
2026-02-05 12:20:15+05:30,25613.6,25617.5,25612.9,25615.85,74628
2026-02-05 12:20:20+05:30,25616.85,25618.2,25616.5,25617.9,62046
2026-02-05 12:20:25+05:30,25618.15,25618.15,25616.65,25617.9,59424
2026-02-05 12:20:30+05:30,25618.05,25619.6,25618.05,25618.25,33755
2026-02-05 12:20:35+05:30,25618.4,25618.4,25616.9,25616.9,47859
2026-02-05 12:20:40+05:30,25617.0,25619.25,25617.0,25618.55,44598
2026-02-05 12:20:45+05:30,25619.2,25621.25,25619.2,25620.45,44795
2026-02-05 12:20:50+05:30,25620.55,25621.15,25618.9,25618.9,59056
2026-02-05 12:20:55+05:30,25620.6,25620.85,25618.5,25619.5,28321
2026-02-05 12:21:00+05:30,25619.2,25620.2,25618.8,25619.1,30791
2026-02-05 12:21:05+05:30,25621.4,25621.4,25619.5,25620.45,41786
2026-02-05 12:21:10+05:30,25620.9,25622.05,25620.25,25620.75,41914
2026-02-05 12:21:15+05:30,25620.5,25620.5,25618.3,25618.5,26848
2026-02-05 12:21:20+05:30,25618.85,25618.85,25616.85,25616.85,59189
2026-02-05 12:21:25+05:30,25617.95,25617.95,25615.75,25616.35,42357
2026-02-05 12:21:30+05:30,25615.75,25617.45,25614.55,25615.45,42874
2026-02-05 12:21:35+05:30,25615.55,25615.55,25613.2,25613.35,60330
2026-02-05 12:21:40+05:30,25613.85,25615.0,25613.65,25613.9,129689
2026-02-05 12:21:45+05:30,25613.95,25615.25,25613.95,25614.5,96116
2026-02-05 12:21:50+05:30,25614.65,25615.3,25613.65,25614.1,69594
2026-02-05 12:21:55+05:30,25613.65,25613.65,25611.55,25611.85,52274
2026-02-05 12:22:00+05:30,25611.8,25612.85,25611.3,25612.85,53067
2026-02-05 12:22:05+05:30,25612.45,25613.45,25611.1,25613.45,47757
2026-02-05 12:22:10+05:30,25613.7,25614.85,25613.5,25614.55,48023
2026-02-05 12:22:15+05:30,25615.6,25615.65,25613.9,25615.5,55735
2026-02-05 12:22:20+05:30,25615.55,25616.35,25615.3,25615.9,63282
2026-02-05 12:22:25+05:30,25616.25,25616.75,25615.7,25616.75,58614
2026-02-05 12:22:30+05:30,25617.45,25619.4,25617.1,25619.4,89389
2026-02-05 12:22:35+05:30,25619.45,25619.45,25616.7,25616.9,37120
2026-02-05 12:22:40+05:30,25617.15,25619.7,25617.15,25618.95,72602
2026-02-05 12:22:45+05:30,25619.5,25619.5,25617.6,25618.55,55960
2026-02-05 12:22:50+05:30,25618.35,25619.55,25618.3,25618.6,43936
2026-02-05 12:22:55+05:30,25619.1,25619.15,25618.3,25618.3,98080
2026-02-05 12:23:00+05:30,25617.35,25617.85,25616.9,25617.25,67761
2026-02-05 12:23:05+05:30,25617.9,25617.9,25615.75,25615.75,39586
2026-02-05 12:23:10+05:30,25614.7,25615.05,25613.7,25614.2,58570
2026-02-05 12:23:15+05:30,25613.9,25616.2,25613.9,25615.8,53418
2026-02-05 12:23:20+05:30,25614.95,25616.15,25614.8,25616.15,62513
2026-02-05 12:23:25+05:30,25615.15,25615.35,25614.2,25614.2,31054
2026-02-05 12:23:30+05:30,25613.95,25615.9,25613.95,25614.4,103915
2026-02-05 12:23:35+05:30,25613.9,25615.3,25613.6,25614.4,76735
2026-02-05 12:23:40+05:30,25614.0,25616.25,25614.0,25614.7,130752
2026-02-05 12:23:45+05:30,25614.8,25614.95,25612.3,25612.6,58011
2026-02-05 12:23:50+05:30,25614.0,25614.7,25613.5,25614.7,33831
2026-02-05 12:23:55+05:30,25613.8,25614.1,25612.85,25612.85,239927
2026-02-05 12:24:00+05:30,25613.5,25614.5,25613.4,25614.5,77044
2026-02-05 12:24:05+05:30,25614.75,25615.2,25613.6,25614.9,51272
2026-02-05 12:24:10+05:30,25615.15,25616.15,25614.45,25614.9,41848
2026-02-05 12:24:15+05:30,25616.45,25617.3,25615.85,25616.75,118662
2026-02-05 12:24:20+05:30,25617.35,25618.0,25616.35,25616.4,87082
2026-02-05 12:24:25+05:30,25616.75,25616.95,25615.75,25615.8,128983
2026-02-05 12:24:30+05:30,25615.9,25616.6,25615.9,25616.3,48510
2026-02-05 12:24:35+05:30,25617.05,25617.05,25615.55,25616.6,91797
2026-02-05 12:24:40+05:30,25615.7,25616.55,25614.25,25614.25,100453
2026-02-05 12:24:45+05:30,25614.95,25615.65,25614.75,25615.15,53869
2026-02-05 12:24:50+05:30,25615.4,25616.15,25615.25,25615.95,34267
2026-02-05 12:24:55+05:30,25616.3,25616.65,25615.5,25616.4,33022
2026-02-05 12:25:00+05:30,25616.05,25616.45,25615.5,25615.8,24842
2026-02-05 12:25:05+05:30,25616.05,25616.15,25615.2,25615.65,34275
2026-02-05 12:25:10+05:30,25615.2,25615.45,25613.35,25613.5,144533
2026-02-05 12:25:15+05:30,25613.85,25615.95,25613.55,25615.95,107622
2026-02-05 12:25:20+05:30,25615.1,25616.15,25614.35,25614.55,62382
2026-02-05 12:25:25+05:30,25614.85,25614.85,25614.15,25614.2,87207
2026-02-05 12:25:30+05:30,25613.65,25615.9,25613.65,25614.3,57744
2026-02-05 12:25:35+05:30,25614.05,25614.3,25613.25,25613.9,48878
2026-02-05 12:25:40+05:30,25613.6,25616.15,25613.6,25613.95,54529
2026-02-05 12:25:45+05:30,25614.4,25615.95,25614.4,25615.05,66068
2026-02-05 12:25:50+05:30,25615.55,25616.7,25615.4,25615.95,46977
2026-02-05 12:25:55+05:30,25615.95,25616.25,25614.55,25615.65,45835
2026-02-05 12:26:00+05:30,25614.95,25616.8,25614.95,25616.4,42914
2026-02-05 12:26:05+05:30,25616.7,25619.85,25616.2,25619.85,73044
2026-02-05 12:26:10+05:30,25619.5,25621.95,25619.5,25620.65,56955
2026-02-05 12:26:15+05:30,25620.75,25621.3,25619.5,25619.65,26280
2026-02-05 12:26:20+05:30,25620.95,25620.95,25619.55,25619.8,52257
2026-02-05 12:26:25+05:30,25620.65,25620.65,25618.05,25619.0,127073
2026-02-05 12:26:30+05:30,25618.35,25618.95,25616.35,25616.35,96364
2026-02-05 12:26:35+05:30,25616.2,25616.2,25615.4,25615.95,45550
2026-02-05 12:26:40+05:30,25616.0,25617.5,25615.55,25617.5,43250
2026-02-05 12:26:45+05:30,25618.15,25619.3,25617.75,25617.85,46962
2026-02-05 12:26:50+05:30,25618.3,25619.9,25617.95,25619.5,49219
2026-02-05 12:26:55+05:30,25619.7,25622.8,25619.7,25621.45,117743
2026-02-05 12:27:00+05:30,25621.7,25623.2,25621.25,25622.85,34437
2026-02-05 12:27:05+05:30,25622.1,25624.4,25621.75,25624.4,85147
2026-02-05 12:27:10+05:30,25624.35,25626.5,25624.35,25626.05,35077
2026-02-05 12:27:15+05:30,25625.3,25625.4,25623.7,25623.7,118406
2026-02-05 12:27:20+05:30,25625.0,25625.25,25622.85,25622.85,72592
2026-02-05 12:27:25+05:30,25623.55,25624.5,25622.75,25623.25,46037
2026-02-05 12:27:30+05:30,25624.1,25625.45,25624.1,25624.55,65312
2026-02-05 12:27:35+05:30,25624.95,25624.95,25623.05,25623.15,32038
2026-02-05 12:27:40+05:30,25624.25,25624.25,25621.9,25622.0,56597
2026-02-05 12:27:45+05:30,25622.8,25622.8,25620.7,25620.7,54551
2026-02-05 12:27:50+05:30,25621.05,25621.05,25620.1,25620.75,47808
2026-02-05 12:27:55+05:30,25620.55,25620.55,25619.45,25620.25,46063
2026-02-05 12:28:00+05:30,25619.9,25620.65,25619.85,25620.65,45820
2026-02-05 12:28:05+05:30,25620.55,25620.55,25618.85,25619.05,34331
2026-02-05 12:28:10+05:30,25618.55,25619.95,25617.95,25617.95,41259
2026-02-05 12:28:15+05:30,25617.9,25618.1,25616.65,25616.95,41966
2026-02-05 12:28:20+05:30,25617.2,25617.2,25614.8,25614.8,56114
2026-02-05 12:28:25+05:30,25615.1,25615.1,25612.35,25612.35,29550
2026-02-05 12:28:30+05:30,25612.75,25613.9,25611.7,25611.7,24510
2026-02-05 12:28:35+05:30,25613.2,25614.55,25612.4,25614.2,42493
2026-02-05 12:28:40+05:30,25614.15,25615.55,25614.15,25614.95,41022
2026-02-05 12:28:45+05:30,25616.2,25616.2,25613.4,25614.35,31779
2026-02-05 12:28:50+05:30,25614.7,25614.7,25613.05,25613.45,34704
2026-02-05 12:28:55+05:30,25614.45,25614.45,25613.25,25614.4,53759
2026-02-05 12:29:00+05:30,25615.7,25618.65,25615.7,25617.3,75318
2026-02-05 12:29:05+05:30,25618.6,25620.5,25617.8,25619.1,43078
2026-02-05 12:29:10+05:30,25619.75,25621.2,25619.05,25619.95,57099
2026-02-05 12:29:15+05:30,25620.15,25621.1,25619.1,25619.45,49240
2026-02-05 12:29:20+05:30,25619.4,25620.75,25618.8,25619.65,43297
2026-02-05 12:29:25+05:30,25619.9,25620.45,25618.3,25619.85,37405
2026-02-05 12:29:30+05:30,25619.25,25622.85,25619.25,25622.7,81079
2026-02-05 12:29:35+05:30,25623.1,25623.85,25622.9,25623.55,29205
2026-02-05 12:29:40+05:30,25623.35,25625.0,25623.05,25623.05,26595
2026-02-05 12:29:45+05:30,25623.4,25623.75,25622.2,25623.4,35662
2026-02-05 12:29:50+05:30,25623.25,25623.6,25622.55,25622.55,37589
2026-02-05 12:29:55+05:30,25623.65,25623.7,25620.75,25621.55,45889
2026-02-05 12:30:00+05:30,25620.9,25622.65,25620.1,25620.1,44326
2026-02-05 12:30:05+05:30,25620.0,25620.0,25617.3,25618.0,49825
2026-02-05 12:30:10+05:30,25619.7,25619.7,25617.8,25619.05,27415
2026-02-05 12:30:15+05:30,25618.4,25623.15,25618.4,25622.35,245027
2026-02-05 12:30:20+05:30,25622.95,25624.55,25622.95,25623.5,46420
2026-02-05 12:30:25+05:30,25624.25,25624.75,25621.85,25623.05,39697
2026-02-05 12:30:30+05:30,25622.7,25624.5,25622.7,25624.35,33122
2026-02-05 12:30:35+05:30,25623.5,25624.55,25620.05,25620.05,50120
2026-02-05 12:30:40+05:30,25619.6,25622.8,25619.6,25621.1,64320
2026-02-05 12:30:45+05:30,25622.9,25623.25,25621.8,25622.15,48916
2026-02-05 12:30:50+05:30,25621.4,25623.3,25621.4,25623.15,49119
2026-02-05 12:30:55+05:30,25623.85,25625.0,25623.55,25623.8,63220
2026-02-05 12:31:00+05:30,25624.5,25625.25,25622.95,25625.0,51012
2026-02-05 12:31:05+05:30,25625.15,25625.15,25622.3,25624.95,56756
2026-02-05 12:31:10+05:30,25624.55,25626.95,25624.45,25624.45,90755
2026-02-05 12:31:15+05:30,25626.25,25628.45,25624.65,25627.2,52228
2026-02-05 12:31:20+05:30,25626.75,25629.4,25626.75,25627.8,45074
2026-02-05 12:31:25+05:30,25629.1,25629.85,25626.9,25629.85,66179
2026-02-05 12:31:30+05:30,25630.3,25633.1,25630.3,25632.05,56242
2026-02-05 12:31:35+05:30,25632.9,25634.85,25632.75,25633.95,120578
2026-02-05 12:31:40+05:30,25633.3,25634.95,25632.75,25632.75,82078
2026-02-05 12:31:45+05:30,25633.6,25633.6,25629.85,25629.85,76790
2026-02-05 12:31:50+05:30,25629.65,25631.9,25629.55,25631.5,63524
2026-02-05 12:31:55+05:30,25631.95,25631.95,25630.2,25630.2,41851
2026-02-05 12:32:00+05:30,25630.7,25632.75,25629.5,25629.5,51259
2026-02-05 12:32:05+05:30,25630.5,25630.5,25628.5,25628.5,27460
2026-02-05 12:32:10+05:30,25628.05,25629.35,25627.65,25627.65,34276
2026-02-05 12:32:15+05:30,25628.1,25628.5,25623.75,25623.75,38956
2026-02-05 12:32:20+05:30,25624.95,25626.2,25624.45,25625.65,75733
2026-02-05 12:32:25+05:30,25626.6,25626.6,25625.0,25625.9,26902
2026-02-05 12:32:30+05:30,25625.15,25626.45,25623.45,25623.95,112043
2026-02-05 12:32:35+05:30,25624.0,25624.0,25621.9,25621.95,41139
2026-02-05 12:32:40+05:30,25621.5,25623.35,25621.05,25621.05,29013
2026-02-05 12:32:45+05:30,25619.7,25622.45,25619.7,25621.7,62343
2026-02-05 12:32:50+05:30,25621.0,25621.65,25618.7,25619.05,75094
2026-02-05 12:32:55+05:30,25619.8,25620.05,25617.15,25617.15,99628
2026-02-05 12:33:00+05:30,25618.0,25619.55,25618.0,25618.95,55655
2026-02-05 12:33:05+05:30,25618.6,25618.6,25616.7,25617.25,67573
2026-02-05 12:33:10+05:30,25616.75,25617.85,25615.15,25615.3,25826
2026-02-05 12:33:15+05:30,25616.3,25616.3,25612.7,25612.7,49258
2026-02-05 12:33:20+05:30,25613.65,25614.1,25613.05,25613.05,29010
2026-02-05 12:33:25+05:30,25612.5,25612.5,25609.25,25609.9,39881
2026-02-05 12:33:30+05:30,25607.95,25609.4,25605.7,25607.1,110192
2026-02-05 12:33:35+05:30,25607.3,25607.3,25604.75,25604.95,46602
2026-02-05 12:33:40+05:30,25605.3,25607.3,25604.6,25606.05,37851
2026-02-05 12:33:45+05:30,25606.15,25607.3,25605.25,25606.25,35668
2026-02-05 12:33:50+05:30,25607.2,25608.15,25606.2,25606.2,37392
2026-02-05 12:33:55+05:30,25607.35,25607.35,25603.75,25605.1,27814
2026-02-05 12:34:00+05:30,25605.0,25606.9,25605.0,25606.25,28820
2026-02-05 12:34:05+05:30,25606.55,25606.55,25604.4,25605.3,42822
2026-02-05 12:34:10+05:30,25605.85,25608.85,25605.85,25608.4,86293
2026-02-05 12:34:15+05:30,25609.1,25610.15,25608.15,25610.15,35416
2026-02-05 12:34:20+05:30,25610.35,25611.15,25610.3,25610.3,32508
2026-02-05 12:34:25+05:30,25611.15,25611.15,25609.7,25609.8,22723
2026-02-05 12:34:30+05:30,25609.45,25615.15,25609.45,25614.25,63581
2026-02-05 12:34:35+05:30,25614.7,25615.1,25613.95,25613.95,27837
2026-02-05 12:34:40+05:30,25613.1,25615.6,25613.1,25614.45,49192
2026-02-05 12:34:45+05:30,25615.15,25615.15,25613.5,25614.75,24450
2026-02-05 12:34:50+05:30,25615.35,25617.2,25615.35,25616.25,33869
2026-02-05 12:34:55+05:30,25616.25,25618.25,25616.0,25618.1,21569
2026-02-05 12:35:00+05:30,25617.55,25621.6,25617.55,25621.3,62514
2026-02-05 12:35:05+05:30,25621.95,25622.45,25620.6,25620.6,21875
2026-02-05 12:35:10+05:30,25620.75,25621.75,25620.35,25621.0,32441
2026-02-05 12:35:15+05:30,25621.35,25622.7,25621.0,25621.9,29433
2026-02-05 12:35:20+05:30,25622.65,25624.0,25622.65,25623.6,36695
2026-02-05 12:35:25+05:30,25624.05,25624.3,25621.7,25621.95,34940
2026-02-05 12:35:30+05:30,25621.45,25624.0,25621.45,25622.2,55508
2026-02-05 12:35:35+05:30,25622.55,25622.55,25620.15,25620.5,40927
2026-02-05 12:35:40+05:30,25620.85,25621.95,25620.7,25620.7,21226
2026-02-05 12:35:45+05:30,25621.15,25621.75,25620.2,25621.05,24911
2026-02-05 12:35:50+05:30,25621.5,25621.8,25620.45,25620.6,25467
2026-02-05 12:35:55+05:30,25621.8,25626.25,25620.35,25625.9,70562
2026-02-05 12:36:00+05:30,25626.0,25626.8,25624.05,25625.2,31556
2026-02-05 12:36:05+05:30,25624.6,25624.6,25622.2,25622.6,31820
2026-02-05 12:36:10+05:30,25622.25,25624.45,25622.25,25623.2,42626
2026-02-05 12:36:15+05:30,25624.65,25624.65,25621.95,25623.15,15357
2026-02-05 12:36:20+05:30,25624.3,25624.95,25623.45,25623.9,24274
2026-02-05 12:36:25+05:30,25624.25,25624.25,25621.85,25621.85,40087
2026-02-05 12:36:30+05:30,25621.9,25623.55,25621.6,25622.55,24996
2026-02-05 12:36:35+05:30,25623.25,25623.35,25622.65,25623.2,31622
2026-02-05 12:36:40+05:30,25623.55,25624.8,25622.95,25623.55,29427
2026-02-05 12:36:45+05:30,25623.9,25624.8,25623.45,25624.65,26126
2026-02-05 12:36:50+05:30,25625.4,25625.8,25624.6,25624.6,42909
2026-02-05 12:36:55+05:30,25625.45,25625.45,25623.85,25624.9,26565
2026-02-05 12:37:00+05:30,25625.6,25625.65,25624.8,25624.8,41729
2026-02-05 12:37:05+05:30,25624.35,25624.35,25620.4,25620.4,57148
2026-02-05 12:37:10+05:30,25620.45,25622.25,25620.2,25622.25,44102
2026-02-05 12:37:15+05:30,25622.7,25624.0,25622.65,25623.0,32928
2026-02-05 12:37:20+05:30,25623.8,25623.8,25621.75,25621.75,18210
2026-02-05 12:37:25+05:30,25623.85,25623.85,25621.65,25621.65,27989
2026-02-05 12:37:30+05:30,25621.9,25623.35,25621.9,25622.3,26187
2026-02-05 12:37:35+05:30,25622.95,25622.95,25621.65,25621.8,17481
2026-02-05 12:37:40+05:30,25621.85,25623.3,25621.85,25623.15,22505
2026-02-05 12:37:45+05:30,25623.05,25623.05,25621.35,25622.55,32182
2026-02-05 12:37:50+05:30,25622.8,25623.55,25621.3,25621.45,29268
2026-02-05 12:37:55+05:30,25622.45,25622.7,25621.8,25622.4,29328
2026-02-05 12:38:00+05:30,25622.55,25625.2,25622.55,25624.9,21503
2026-02-05 12:38:05+05:30,25624.8,25624.8,25622.5,25623.55,21057
2026-02-05 12:38:10+05:30,25622.85,25625.4,25622.85,25625.15,39964
2026-02-05 12:38:15+05:30,25625.6,25626.2,25625.25,25625.25,19161
2026-02-05 12:38:20+05:30,25625.65,25627.8,25625.35,25627.8,50195
2026-02-05 12:38:25+05:30,25627.7,25627.7,25626.15,25626.15,36712
2026-02-05 12:38:30+05:30,25626.7,25627.1,25626.4,25626.8,57253
2026-02-05 12:38:35+05:30,25626.2,25626.35,25624.75,25625.5,53234
2026-02-05 12:38:40+05:30,25625.4,25626.45,25624.5,25625.0,36328
2026-02-05 12:38:45+05:30,25626.0,25626.0,25624.4,25624.4,37836
2026-02-05 12:38:50+05:30,25625.45,25625.8,25624.7,25625.3,28550
2026-02-05 12:38:55+05:30,25625.65,25625.65,25624.65,25624.65,32460
2026-02-05 12:39:00+05:30,25624.75,25626.6,25624.75,25625.75,63738
2026-02-05 12:39:05+05:30,25625.85,25625.85,25624.2,25624.2,43629
2026-02-05 12:39:10+05:30,25626.55,25626.55,25624.45,25624.5,41366
2026-02-05 12:39:15+05:30,25625.15,25625.15,25623.55,25623.55,46158
2026-02-05 12:39:20+05:30,25624.15,25624.15,25622.25,25622.25,72221
2026-02-05 12:39:25+05:30,25622.5,25624.75,25621.6,25624.75,30959
2026-02-05 12:39:30+05:30,25624.35,25625.45,25624.35,25624.6,47178
2026-02-05 12:39:35+05:30,25624.95,25625.3,25623.4,25624.2,28079
2026-02-05 12:39:40+05:30,25623.7,25626.0,25623.7,25624.7,49251
2026-02-05 12:39:45+05:30,25625.1,25625.1,25623.5,25623.8,32698
2026-02-05 12:39:50+05:30,25624.45,25624.45,25621.25,25621.25,38610
2026-02-05 12:39:55+05:30,25622.15,25622.15,25620.65,25621.35,30881
2026-02-05 12:40:00+05:30,25622.05,25622.05,25619.85,25620.55,32163
2026-02-05 12:40:05+05:30,25620.75,25620.75,25619.05,25619.85,31437
2026-02-05 12:40:10+05:30,25620.3,25621.15,25619.0,25619.5,22022
2026-02-05 12:40:15+05:30,25620.75,25620.75,25618.85,25618.95,25173
2026-02-05 12:40:20+05:30,25619.25,25619.75,25618.7,25618.7,25862
2026-02-05 12:40:25+05:30,25619.8,25619.8,25619.05,25619.3,96746
2026-02-05 12:40:30+05:30,25619.75,25620.8,25619.6,25620.1,43211
2026-02-05 12:40:35+05:30,25620.55,25620.55,25619.7,25619.85,26277
2026-02-05 12:40:40+05:30,25619.25,25620.9,25619.25,25620.0,28204
2026-02-05 12:40:45+05:30,25620.35,25620.35,25618.05,25618.05,38921
2026-02-05 12:40:50+05:30,25619.35,25619.35,25618.15,25618.65,24313
2026-02-05 12:40:55+05:30,25619.35,25619.35,25618.1,25619.1,21585
2026-02-05 12:41:00+05:30,25618.95,25620.25,25618.95,25619.6,37205
2026-02-05 12:41:05+05:30,25619.9,25619.9,25618.85,25619.85,40396
2026-02-05 12:41:10+05:30,25619.4,25621.45,25619.4,25619.4,32795
2026-02-05 12:41:15+05:30,25620.9,25620.9,25619.15,25620.5,50725
2026-02-05 12:41:20+05:30,25620.55,25621.05,25619.5,25619.5,26214
2026-02-05 12:41:25+05:30,25620.0,25620.0,25618.65,25618.85,58680
2026-02-05 12:41:30+05:30,25619.05,25621.5,25619.05,25621.2,35631
2026-02-05 12:41:35+05:30,25621.9,25621.95,25621.35,25621.6,36751
2026-02-05 12:41:40+05:30,25621.75,25622.85,25621.75,25622.3,35659
2026-02-05 12:41:45+05:30,25623.05,25623.2,25621.6,25621.7,36543
2026-02-05 12:41:50+05:30,25621.5,25621.75,25620.25,25620.5,37754
2026-02-05 12:41:55+05:30,25621.3,25621.3,25620.5,25620.5,38562
2026-02-05 12:42:00+05:30,25620.05,25622.1,25620.05,25620.65,29897
2026-02-05 12:42:05+05:30,25621.55,25621.55,25619.75,25620.35,26535
2026-02-05 12:42:10+05:30,25620.45,25621.55,25619.85,25620.9,38753
2026-02-05 12:42:15+05:30,25621.4,25621.75,25620.1,25621.15,50903
2026-02-05 12:42:20+05:30,25621.6,25623.75,25621.2,25623.6,45490
2026-02-05 12:42:25+05:30,25623.45,25623.7,25622.85,25622.85,30457
2026-02-05 12:42:30+05:30,25623.05,25624.25,25622.7,25622.7,23838
2026-02-05 12:42:35+05:30,25623.1,25623.25,25622.2,25622.25,26299
2026-02-05 12:42:40+05:30,25622.6,25623.6,25622.6,25623.3,26313
2026-02-05 12:42:45+05:30,25623.35,25624.7,25623.3,25623.55,36892
2026-02-05 12:42:50+05:30,25624.15,25624.65,25622.95,25623.15,23748
2026-02-05 12:42:55+05:30,25624.15,25624.15,25622.35,25622.85,23700
2026-02-05 12:43:00+05:30,25624.05,25624.4,25623.4,25623.5,22457
2026-02-05 12:43:05+05:30,25623.8,25623.8,25621.65,25621.65,35188
2026-02-05 12:43:10+05:30,25621.4,25622.3,25620.8,25621.45,39544
2026-02-05 12:43:15+05:30,25622.65,25623.1,25621.8,25622.1,48066
2026-02-05 12:43:20+05:30,25623.15,25623.9,25622.9,25622.9,35605
2026-02-05 12:43:25+05:30,25624.1,25624.1,25621.5,25622.65,44874
2026-02-05 12:43:30+05:30,25622.4,25624.45,25622.4,25624.45,125637
2026-02-05 12:43:35+05:30,25624.75,25624.75,25622.75,25623.1,22434
2026-02-05 12:43:40+05:30,25623.65,25625.3,25623.4,25624.15,29114
2026-02-05 12:43:45+05:30,25624.45,25626.25,25624.45,25625.65,107547
2026-02-05 12:43:50+05:30,25626.1,25627.35,25625.7,25626.1,39918
2026-02-05 12:43:55+05:30,25626.55,25626.55,25623.8,25623.8,33270
2026-02-05 12:44:00+05:30,25624.1,25624.5,25622.3,25622.7,39673
2026-02-05 12:44:05+05:30,25622.65,25622.65,25619.2,25619.2,51136
2026-02-05 12:44:10+05:30,25619.15,25619.95,25619.15,25619.3,37679
2026-02-05 12:44:15+05:30,25619.8,25620.5,25619.1,25619.1,21713
2026-02-05 12:44:20+05:30,25619.25,25619.35,25617.25,25617.25,39469
2026-02-05 12:44:25+05:30,25617.35,25617.35,25614.9,25614.9,24323
2026-02-05 12:44:30+05:30,25615.3,25618.4,25615.3,25617.45,32235
2026-02-05 12:44:35+05:30,25618.05,25618.05,25616.95,25617.25,25009
2026-02-05 12:44:40+05:30,25617.9,25619.2,25617.9,25617.95,30599
2026-02-05 12:44:45+05:30,25619.1,25619.4,25617.8,25618.75,30342
2026-02-05 12:44:50+05:30,25619.3,25619.35,25617.6,25618.6,33574
2026-02-05 12:44:55+05:30,25618.8,25618.8,25617.2,25617.45,26614
2026-02-05 12:45:00+05:30,25617.2,25618.3,25617.2,25618.0,22033
2026-02-05 12:45:05+05:30,25618.7,25618.7,25617.35,25617.7,26257
2026-02-05 12:45:10+05:30,25617.3,25618.45,25617.3,25618.25,49049
2026-02-05 12:45:15+05:30,25618.4,25618.75,25616.9,25616.9,23601
2026-02-05 12:45:20+05:30,25617.55,25618.45,25617.0,25617.35,29598
2026-02-05 12:45:25+05:30,25617.8,25620.4,25617.55,25620.4,43336
2026-02-05 12:45:30+05:30,25620.5,25621.85,25620.5,25621.85,57316
2026-02-05 12:45:35+05:30,25622.25,25622.3,25621.35,25621.85,29229
2026-02-05 12:45:40+05:30,25622.4,25623.4,25622.4,25623.1,35573
2026-02-05 12:45:45+05:30,25623.95,25625.3,25623.6,25624.15,24075
2026-02-05 12:45:50+05:30,25625.95,25625.95,25624.25,25625.25,46499
2026-02-05 12:45:55+05:30,25626.0,25626.45,25625.45,25626.45,32228
2026-02-05 12:46:00+05:30,25626.15,25627.2,25626.15,25626.2,34389
2026-02-05 12:46:05+05:30,25627.35,25627.35,25625.45,25626.15,23778
2026-02-05 12:46:10+05:30,25626.0,25627.65,25626.0,25626.65,20586
2026-02-05 12:46:15+05:30,25627.4,25628.0,25626.9,25627.15,29214
2026-02-05 12:46:20+05:30,25627.9,25628.6,25627.4,25627.4,20795
2026-02-05 12:46:25+05:30,25628.45,25628.45,25626.65,25626.65,28179
2026-02-05 12:46:30+05:30,25626.5,25628.0,25626.45,25626.65,27737
2026-02-05 12:46:35+05:30,25627.7,25627.7,25625.9,25626.25,35776
2026-02-05 12:46:40+05:30,25626.15,25627.8,25625.6,25625.6,22420
2026-02-05 12:46:45+05:30,25626.55,25627.0,25625.5,25625.55,44005
2026-02-05 12:46:50+05:30,25625.9,25626.3,25624.9,25625.45,35888
2026-02-05 12:46:55+05:30,25626.35,25626.35,25624.0,25624.1,106408
2026-02-05 12:47:00+05:30,25624.3,25625.15,25624.3,25624.95,114916
2026-02-05 12:47:05+05:30,25625.3,25625.3,25623.65,25623.95,56984
2026-02-05 12:47:10+05:30,25624.25,25625.6,25623.9,25625.1,30633
2026-02-05 12:47:15+05:30,25625.7,25625.7,25623.8,25624.5,25434
2026-02-05 12:47:20+05:30,25625.15,25625.15,25623.45,25623.65,26665
2026-02-05 12:47:25+05:30,25624.5,25624.75,25623.75,25624.55,50025
2026-02-05 12:47:30+05:30,25625.75,25625.95,25624.0,25624.65,35553
2026-02-05 12:47:35+05:30,25625.2,25625.2,25621.9,25622.0,33734
2026-02-05 12:47:40+05:30,25622.55,25624.0,25622.3,25622.65,22476
2026-02-05 12:47:45+05:30,25623.85,25623.85,25622.4,25622.75,28966
2026-02-05 12:47:50+05:30,25623.3,25623.75,25622.9,25623.15,25500
2026-02-05 12:47:55+05:30,25624.1,25624.25,25622.45,25623.6,25270
2026-02-05 12:48:00+05:30,25623.55,25624.45,25623.0,25623.25,25829
2026-02-05 12:48:05+05:30,25623.85,25623.85,25621.5,25621.55,51723
2026-02-05 12:48:10+05:30,25622.4,25623.6,25622.3,25622.8,55456
2026-02-05 12:48:15+05:30,25624.3,25624.75,25623.35,25623.35,29911
2026-02-05 12:48:20+05:30,25623.9,25623.9,25621.5,25621.5,31893
2026-02-05 12:48:25+05:30,25623.45,25623.45,25620.8,25622.0,47588
2026-02-05 12:48:30+05:30,25621.15,25623.7,25621.15,25622.8,47154
2026-02-05 12:48:35+05:30,25623.6,25624.05,25622.6,25623.65,45958
2026-02-05 12:48:40+05:30,25622.7,25625.15,25622.7,25623.65,34418
2026-02-05 12:48:45+05:30,25624.0,25624.6,25622.3,25622.3,79669
2026-02-05 12:48:50+05:30,25623.0,25623.75,25622.25,25623.3,58417
2026-02-05 12:48:55+05:30,25623.75,25623.75,25621.55,25621.95,34271
2026-02-05 12:49:00+05:30,25621.55,25623.35,25621.55,25622.9,44697
2026-02-05 12:49:05+05:30,25623.15,25623.6,25622.05,25623.6,54741
2026-02-05 12:49:10+05:30,25624.2,25625.95,25624.2,25625.95,51627
2026-02-05 12:49:15+05:30,25626.7,25627.05,25625.5,25626.0,43069
2026-02-05 12:49:20+05:30,25627.15,25627.7,25626.35,25626.8,26249
2026-02-05 12:49:25+05:30,25627.35,25627.35,25624.65,25624.65,32660
2026-02-05 12:49:30+05:30,25625.1,25627.0,25625.1,25626.4,23357
2026-02-05 12:49:35+05:30,25627.3,25627.3,25625.1,25625.1,33049
2026-02-05 12:49:40+05:30,25625.85,25627.6,25625.85,25626.2,22694
2026-02-05 12:49:45+05:30,25627.55,25628.65,25625.9,25628.65,56914
2026-02-05 12:49:50+05:30,25628.5,25628.5,25626.85,25626.85,33916
2026-02-05 12:49:55+05:30,25628.55,25628.55,25625.4,25625.55,28504
2026-02-05 12:50:00+05:30,25625.55,25626.6,25625.55,25626.3,28739
2026-02-05 12:50:05+05:30,25626.3,25627.2,25624.65,25625.8,36881
2026-02-05 12:50:10+05:30,25625.5,25627.2,25625.15,25625.15,27962
2026-02-05 12:50:15+05:30,25626.05,25626.05,25624.55,25624.55,28645
2026-02-05 12:50:20+05:30,25624.9,25627.85,25624.9,25627.2,39734
2026-02-05 12:50:25+05:30,25628.1,25628.1,25626.35,25627.45,34863
2026-02-05 12:50:30+05:30,25627.8,25628.4,25627.05,25628.0,20803
2026-02-05 12:50:35+05:30,25628.55,25628.55,25627.1,25627.1,39812
2026-02-05 12:50:40+05:30,25628.85,25631.4,25628.85,25630.9,58628
2026-02-05 12:50:45+05:30,25631.9,25633.05,25631.55,25632.0,38823
2026-02-05 12:50:50+05:30,25632.55,25632.55,25631.65,25631.9,36350
2026-02-05 12:50:55+05:30,25632.55,25632.55,25630.2,25631.25,20239
2026-02-05 12:51:00+05:30,25630.35,25631.5,25630.35,25631.0,24568
2026-02-05 12:51:05+05:30,25631.4,25631.4,25629.35,25630.05,29131
2026-02-05 12:51:10+05:30,25629.65,25631.25,25627.8,25627.95,36939
2026-02-05 12:51:15+05:30,25629.0,25629.6,25628.1,25628.65,30660
2026-02-05 12:51:20+05:30,25629.25,25631.1,25629.25,25630.55,29225
2026-02-05 12:51:25+05:30,25631.1,25631.1,25629.3,25629.7,33315
2026-02-05 12:51:30+05:30,25629.75,25631.5,25629.75,25631.2,33411
2026-02-05 12:51:35+05:30,25632.25,25632.95,25631.2,25632.95,90154
2026-02-05 12:51:40+05:30,25634.35,25634.35,25633.25,25633.55,79445
2026-02-05 12:51:45+05:30,25634.3,25634.3,25631.4,25632.05,70140
2026-02-05 12:51:50+05:30,25632.9,25633.1,25631.2,25632.45,32974
2026-02-05 12:51:55+05:30,25632.95,25632.95,25630.85,25631.65,39067
2026-02-05 12:52:00+05:30,25631.55,25633.7,25631.4,25633.25,62929
2026-02-05 12:52:05+05:30,25634.25,25634.25,25632.85,25633.95,47540
2026-02-05 12:52:10+05:30,25634.25,25635.35,25633.65,25633.65,30604
2026-02-05 12:52:15+05:30,25635.4,25635.45,25634.4,25635.15,56653
2026-02-05 12:52:20+05:30,25635.5,25635.65,25634.6,25635.15,24510
2026-02-05 12:52:25+05:30,25636.3,25636.3,25634.55,25635.1,43199
2026-02-05 12:52:30+05:30,25635.5,25636.85,25635.45,25636.2,31629
2026-02-05 12:52:35+05:30,25636.9,25636.9,25635.05,25635.15,24473
2026-02-05 12:52:40+05:30,25635.1,25636.35,25634.5,25634.95,44622
2026-02-05 12:52:45+05:30,25635.7,25635.7,25634.45,25634.45,35241
2026-02-05 12:52:50+05:30,25635.45,25635.7,25634.5,25634.75,40261
2026-02-05 12:52:55+05:30,25635.7,25635.7,25632.6,25632.6,71951
2026-02-05 12:53:00+05:30,25632.45,25634.2,25632.45,25632.6,38667
2026-02-05 12:53:05+05:30,25634.7,25634.7,25630.6,25631.35,72902
2026-02-05 12:53:10+05:30,25629.85,25632.85,25629.85,25631.55,29083
2026-02-05 12:53:15+05:30,25632.25,25632.25,25629.8,25630.05,41911
2026-02-05 12:53:20+05:30,25629.7,25630.4,25627.8,25627.8,36158
2026-02-05 12:53:25+05:30,25628.45,25628.45,25625.7,25625.85,36375
2026-02-05 12:53:30+05:30,25625.7,25627.6,25625.7,25626.1,23392
2026-02-05 12:53:35+05:30,25626.4,25626.4,25624.15,25626.05,33780
2026-02-05 12:53:40+05:30,25627.15,25629.0,25627.15,25627.85,54227
2026-02-05 12:53:45+05:30,25629.7,25629.7,25627.5,25629.15,50454
2026-02-05 12:53:50+05:30,25630.05,25631.75,25628.25,25630.45,64738
2026-02-05 12:53:55+05:30,25631.7,25631.7,25629.45,25630.15,26223
2026-02-05 12:54:00+05:30,25629.95,25630.8,25628.95,25629.9,20507
2026-02-05 12:54:05+05:30,25630.5,25630.5,25626.05,25626.05,29287
2026-02-05 12:54:10+05:30,25626.85,25627.75,25626.3,25626.95,17835
2026-02-05 12:54:15+05:30,25627.0,25627.2,25625.85,25625.85,50760
2026-02-05 12:54:20+05:30,25625.35,25625.35,25622.75,25622.75,128558
2026-02-05 12:54:25+05:30,25623.45,25623.45,25621.7,25621.7,31286
2026-02-05 12:54:30+05:30,25622.35,25623.1,25620.0,25620.85,91112
2026-02-05 12:54:35+05:30,25621.35,25621.35,25619.25,25619.25,34018
2026-02-05 12:54:40+05:30,25619.7,25623.0,25619.7,25622.55,46493
2026-02-05 12:54:45+05:30,25622.85,25622.85,25621.3,25621.3,26584
2026-02-05 12:54:50+05:30,25622.85,25623.95,25622.05,25623.35,24446
2026-02-05 12:54:55+05:30,25623.6,25623.9,25622.8,25623.3,36807
2026-02-05 12:55:00+05:30,25622.95,25624.7,25622.95,25624.3,36542
2026-02-05 12:55:05+05:30,25624.9,25624.9,25620.5,25620.5,44733
2026-02-05 12:55:10+05:30,25620.3,25621.6,25619.75,25620.5,44995
2026-02-05 12:55:15+05:30,25620.45,25621.3,25619.7,25620.05,30533
2026-02-05 12:55:20+05:30,25621.1,25621.1,25616.95,25617.4,75913
2026-02-05 12:55:25+05:30,25616.95,25617.45,25616.5,25616.7,21341
2026-02-05 12:55:30+05:30,25616.5,25617.7,25616.5,25616.85,23067
2026-02-05 12:55:35+05:30,25617.95,25618.4,25616.85,25616.85,34938
2026-02-05 12:55:40+05:30,25617.25,25618.5,25617.25,25617.4,49995
2026-02-05 12:55:45+05:30,25616.1,25616.1,25614.9,25615.45,81450
2026-02-05 12:55:50+05:30,25615.65,25616.15,25615.0,25615.7,55659
2026-02-05 12:55:55+05:30,25615.45,25615.8,25614.5,25615.8,33291
2026-02-05 12:56:00+05:30,25615.55,25616.25,25614.7,25614.7,93899
2026-02-05 12:56:05+05:30,25615.15,25615.15,25611.7,25613.45,57260
2026-02-05 12:56:10+05:30,25611.15,25612.1,25610.25,25611.85,52259
2026-02-05 12:56:15+05:30,25611.55,25613.55,25611.55,25612.15,37858
2026-02-05 12:56:20+05:30,25613.95,25613.95,25608.6,25608.6,49773
2026-02-05 12:56:25+05:30,25608.95,25609.35,25606.75,25606.75,39781
2026-02-05 12:56:30+05:30,25607.95,25608.85,25607.95,25608.35,55204
2026-02-05 12:56:35+05:30,25608.45,25609.0,25607.75,25609.0,126512
2026-02-05 12:56:40+05:30,25608.6,25610.6,25608.15,25608.5,34716
2026-02-05 12:56:45+05:30,25609.5,25611.0,25608.95,25611.0,83923
2026-02-05 12:56:50+05:30,25612.85,25613.9,25612.0,25613.9,36709
2026-02-05 12:56:55+05:30,25615.35,25615.35,25613.1,25614.45,37667
2026-02-05 12:57:00+05:30,25614.2,25615.95,25614.2,25615.95,135683
2026-02-05 12:57:05+05:30,25616.3,25616.55,25615.05,25616.55,62735
2026-02-05 12:57:10+05:30,25616.2,25617.75,25614.5,25617.55,35297
2026-02-05 12:57:15+05:30,25616.95,25618.3,25616.15,25617.1,22191
2026-02-05 12:57:20+05:30,25618.6,25620.75,25618.6,25620.05,29957
2026-02-05 12:57:25+05:30,25620.55,25622.15,25620.55,25622.15,23295
2026-02-05 12:57:30+05:30,25622.3,25622.9,25620.65,25620.65,33327
2026-02-05 12:57:35+05:30,25622.35,25622.8,25621.7,25622.45,52396
2026-02-05 12:57:40+05:30,25623.25,25623.45,25622.55,25623.35,26357
2026-02-05 12:57:45+05:30,25623.05,25624.7,25622.6,25623.25,30175
2026-02-05 12:57:50+05:30,25624.5,25625.25,25623.85,25624.7,46894
2026-02-05 12:57:55+05:30,25625.05,25626.85,25623.15,25626.85,30338
2026-02-05 12:58:00+05:30,25626.15,25628.8,25626.15,25628.6,75694
2026-02-05 12:58:05+05:30,25629.35,25629.35,25628.45,25628.9,56191
2026-02-05 12:58:10+05:30,25629.05,25630.35,25627.2,25629.55,64005
2026-02-05 12:58:15+05:30,25631.2,25631.9,25630.25,25631.85,113129
2026-02-05 12:58:20+05:30,25631.4,25631.4,25629.85,25629.85,29534
2026-02-05 12:58:25+05:30,25630.85,25631.5,25630.15,25630.15,44417
2026-02-05 12:58:30+05:30,25631.0,25632.9,25630.85,25632.85,49828
2026-02-05 12:58:35+05:30,25634.1,25634.1,25632.95,25633.25,48603
2026-02-05 12:58:40+05:30,25633.65,25634.9,25633.65,25634.9,35473
2026-02-05 12:58:45+05:30,25635.35,25635.8,25634.55,25635.15,67774
2026-02-05 12:58:50+05:30,25635.55,25635.95,25635.05,25635.05,36325
2026-02-05 12:58:55+05:30,25635.3,25637.25,25635.3,25637.25,24944
2026-02-05 12:59:00+05:30,25637.7,25637.7,25636.25,25637.55,19767
2026-02-05 12:59:05+05:30,25638.7,25639.9,25638.7,25639.9,105878
2026-02-05 12:59:10+05:30,25641.15,25642.65,25641.15,25641.95,62517
2026-02-05 12:59:15+05:30,25642.05,25644.1,25641.85,25643.35,33852
2026-02-05 12:59:20+05:30,25643.6,25643.9,25642.5,25642.6,32774
2026-02-05 12:59:25+05:30,25642.3,25643.4,25641.7,25643.4,83946
2026-02-05 12:59:30+05:30,25644.0,25644.8,25643.7,25643.7,36477
2026-02-05 12:59:35+05:30,25645.55,25645.7,25643.5,25644.05,40701
2026-02-05 12:59:40+05:30,25645.7,25645.95,25644.45,25645.85,35941
2026-02-05 12:59:45+05:30,25646.15,25646.55,25644.35,25644.5,39539
2026-02-05 12:59:50+05:30,25645.2,25645.2,25640.15,25640.15,78376
2026-02-05 12:59:55+05:30,25641.0,25641.2,25640.35,25640.8,32730
2026-02-05 13:00:00+05:30,25640.1,25640.2,25636.15,25636.15,67200
2026-02-05 13:00:05+05:30,25635.6,25635.6,25634.2,25634.4,32788
2026-02-05 13:00:10+05:30,25633.75,25636.75,25633.75,25636.3,42457
2026-02-05 13:00:15+05:30,25636.0,25637.2,25635.05,25635.6,106433
2026-02-05 13:00:20+05:30,25635.95,25635.95,25633.35,25633.35,59026
2026-02-05 13:00:25+05:30,25633.65,25635.7,25633.65,25635.2,34824
2026-02-05 13:00:30+05:30,25635.1,25635.65,25633.35,25634.55,62833
2026-02-05 13:00:35+05:30,25635.95,25637.25,25634.05,25637.25,78248
2026-02-05 13:00:40+05:30,25638.0,25640.25,25638.0,25638.5,40450
2026-02-05 13:00:45+05:30,25638.15,25640.4,25638.15,25639.55,36487
2026-02-05 13:00:50+05:30,25640.3,25641.05,25639.35,25639.65,22764
2026-02-05 13:00:55+05:30,25640.55,25640.7,25639.15,25640.2,41626
2026-02-05 13:01:00+05:30,25640.3,25641.25,25637.5,25638.6,36292
2026-02-05 13:01:05+05:30,25639.0,25640.0,25636.85,25637.85,33090
2026-02-05 13:01:10+05:30,25637.45,25639.75,25637.45,25639.2,27320
2026-02-05 13:01:15+05:30,25639.05,25639.65,25638.45,25638.45,24728
2026-02-05 13:01:20+05:30,25640.05,25640.05,25637.9,25638.65,26872
2026-02-05 13:01:25+05:30,25639.3,25640.55,25637.85,25637.85,29706
2026-02-05 13:01:30+05:30,25637.0,25637.25,25636.3,25637.25,180503
2026-02-05 13:01:35+05:30,25637.8,25638.6,25636.7,25637.9,35479
2026-02-05 13:01:40+05:30,25638.85,25639.65,25638.15,25639.2,104259
2026-02-05 13:01:45+05:30,25638.9,25639.3,25637.7,25638.3,46431
2026-02-05 13:01:50+05:30,25639.6,25640.6,25638.8,25640.4,57794
2026-02-05 13:01:55+05:30,25640.5,25640.95,25639.55,25640.65,36093
2026-02-05 13:02:00+05:30,25640.0,25641.05,25639.95,25641.05,30961
2026-02-05 13:02:05+05:30,25641.55,25641.55,25640.25,25640.25,49320
2026-02-05 13:02:10+05:30,25640.25,25642.2,25640.0,25640.0,29697
2026-02-05 13:02:15+05:30,25640.5,25641.65,25639.95,25640.4,26342
2026-02-05 13:02:20+05:30,25640.7,25640.9,25640.0,25640.05,22288
2026-02-05 13:02:25+05:30,25640.6,25641.25,25638.3,25638.4,33855
2026-02-05 13:02:30+05:30,25638.05,25638.05,25637.2,25637.55,27113
2026-02-05 13:02:35+05:30,25637.75,25637.75,25635.8,25635.8,40530
2026-02-05 13:02:40+05:30,25636.2,25637.5,25635.3,25636.15,75240
2026-02-05 13:02:45+05:30,25635.95,25637.1,25635.95,25636.6,26884
2026-02-05 13:02:50+05:30,25637.3,25638.3,25636.65,25638.3,28682
2026-02-05 13:02:55+05:30,25638.05,25639.3,25637.8,25638.35,22177
2026-02-05 13:03:00+05:30,25638.7,25639.8,25637.7,25638.85,25002
2026-02-05 13:03:05+05:30,25640.35,25640.35,25637.7,25638.35,20811
2026-02-05 13:03:10+05:30,25639.6,25640.9,25639.0,25639.05,31540
2026-02-05 13:03:15+05:30,25638.8,25641.3,25638.8,25640.55,29925
2026-02-05 13:03:20+05:30,25640.35,25640.35,25638.75,25639.6,31826
2026-02-05 13:03:25+05:30,25639.8,25639.85,25638.2,25638.95,17600
2026-02-05 13:03:30+05:30,25639.35,25640.15,25638.5,25639.85,38782
2026-02-05 13:03:35+05:30,25639.95,25640.35,25638.5,25639.95,19269
2026-02-05 13:03:40+05:30,25639.9,25641.15,25638.7,25640.45,23451
2026-02-05 13:03:45+05:30,25640.15,25641.05,25639.25,25640.55,28287
2026-02-05 13:03:50+05:30,25639.75,25640.5,25639.35,25639.7,39400
2026-02-05 13:03:55+05:30,25639.85,25640.75,25639.05,25639.95,54890
2026-02-05 13:04:00+05:30,25639.7,25640.3,25639.35,25639.85,41276
2026-02-05 13:04:05+05:30,25640.4,25640.5,25639.1,25640.5,27628
2026-02-05 13:04:10+05:30,25639.4,25640.8,25638.8,25639.0,26693
2026-02-05 13:04:15+05:30,25638.9,25640.2,25638.75,25638.95,31161
2026-02-05 13:04:20+05:30,25639.65,25639.65,25638.7,25638.7,26638
2026-02-05 13:04:25+05:30,25638.9,25639.7,25638.2,25638.75,19537
2026-02-05 13:04:30+05:30,25638.85,25639.2,25637.9,25638.6,31808
2026-02-05 13:04:35+05:30,25638.65,25639.4,25638.45,25639.25,34718
2026-02-05 13:04:40+05:30,25638.75,25639.5,25638.6,25638.65,20278
2026-02-05 13:04:45+05:30,25638.75,25639.4,25637.9,25637.9,21548
2026-02-05 13:04:50+05:30,25639.2,25639.2,25637.25,25639.15,22738
2026-02-05 13:04:55+05:30,25639.0,25639.7,25637.7,25637.7,43452
2026-02-05 13:05:00+05:30,25638.45,25638.95,25638.05,25638.25,43006
2026-02-05 13:05:05+05:30,25638.25,25638.25,25636.65,25637.2,27750
2026-02-05 13:05:10+05:30,25637.7,25638.85,25636.9,25638.1,20456
2026-02-05 13:05:15+05:30,25637.95,25639.25,25637.6,25638.7,31735
2026-02-05 13:05:20+05:30,25639.45,25639.45,25637.4,25637.45,37598
2026-02-05 13:05:25+05:30,25636.9,25637.9,25636.9,25637.9,22343
2026-02-05 13:05:30+05:30,25638.55,25638.55,25637.25,25637.75,19373
2026-02-05 13:05:35+05:30,25638.85,25638.85,25637.65,25638.6,20163
2026-02-05 13:05:40+05:30,25639.5,25639.95,25639.1,25639.15,21518
2026-02-05 13:05:45+05:30,25639.85,25640.55,25639.25,25640.1,42179
2026-02-05 13:05:50+05:30,25640.25,25641.05,25640.05,25641.05,38564
2026-02-05 13:05:55+05:30,25640.7,25641.35,25640.25,25640.95,27399
2026-02-05 13:06:00+05:30,25641.5,25643.1,25641.5,25642.7,51248
2026-02-05 13:06:05+05:30,25642.95,25643.5,25642.4,25642.85,34976
2026-02-05 13:06:10+05:30,25643.15,25643.95,25642.5,25642.5,29973
2026-02-05 13:06:15+05:30,25642.0,25643.6,25642.0,25642.9,39099
2026-02-05 13:06:20+05:30,25643.6,25643.75,25642.15,25642.3,36634
2026-02-05 13:06:25+05:30,25642.4,25643.25,25642.4,25643.15,25253
2026-02-05 13:06:30+05:30,25642.9,25643.75,25642.5,25642.8,35157
2026-02-05 13:06:35+05:30,25643.4,25643.45,25641.95,25643.45,37759
2026-02-05 13:06:40+05:30,25643.15,25644.45,25643.15,25643.75,29457
2026-02-05 13:06:45+05:30,25644.55,25644.55,25643.6,25643.95,40408
2026-02-05 13:06:50+05:30,25643.8,25644.25,25643.15,25643.45,27918
2026-02-05 13:06:55+05:30,25643.55,25643.9,25643.0,25643.2,18265
2026-02-05 13:07:00+05:30,25643.45,25643.45,25642.55,25642.55,23222
2026-02-05 13:07:05+05:30,25643.05,25643.05,25642.0,25642.0,47033
2026-02-05 13:07:10+05:30,25642.4,25642.85,25641.05,25641.3,16139
2026-02-05 13:07:15+05:30,25641.35,25642.55,25641.35,25641.35,28779
2026-02-05 13:07:20+05:30,25642.15,25642.15,25638.95,25639.0,64321
2026-02-05 13:07:25+05:30,25639.3,25639.6,25638.2,25638.7,24721
2026-02-05 13:07:30+05:30,25639.55,25639.85,25638.75,25639.1,30275
2026-02-05 13:07:35+05:30,25640.25,25640.25,25638.8,25638.8,31652
2026-02-05 13:07:40+05:30,25638.95,25640.35,25638.95,25639.4,47795
2026-02-05 13:07:45+05:30,25639.9,25640.35,25639.65,25639.7,30977
2026-02-05 13:07:50+05:30,25640.05,25640.1,25639.1,25639.5,47324
2026-02-05 13:07:55+05:30,25639.4,25640.55,25639.4,25640.55,20164
2026-02-05 13:08:00+05:30,25640.45,25641.05,25639.95,25640.6,26917
2026-02-05 13:08:05+05:30,25640.4,25640.5,25639.75,25639.75,31602
2026-02-05 13:08:10+05:30,25640.1,25640.7,25638.95,25639.25,25792
2026-02-05 13:08:15+05:30,25639.0,25640.25,25638.95,25639.5,29774
2026-02-05 13:08:20+05:30,25639.7,25639.7,25638.15,25638.15,42429
2026-02-05 13:08:25+05:30,25638.25,25638.4,25637.75,25638.2,35146
2026-02-05 13:08:30+05:30,25638.35,25638.6,25637.55,25638.6,61291
2026-02-05 13:08:35+05:30,25638.55,25640.2,25637.9,25640.2,113784
2026-02-05 13:08:40+05:30,25639.75,25640.5,25638.25,25638.25,34680
2026-02-05 13:08:45+05:30,25638.65,25639.45,25636.1,25636.3,46939
2026-02-05 13:08:50+05:30,25637.3,25637.3,25635.45,25635.5,37153
2026-02-05 13:08:55+05:30,25635.55,25636.25,25635.0,25635.95,33925
2026-02-05 13:09:00+05:30,25636.25,25636.35,25635.1,25636.35,32841
2026-02-05 13:09:05+05:30,25636.15,25636.15,25634.45,25636.15,31378
2026-02-05 13:09:10+05:30,25635.05,25636.6,25635.05,25636.2,48735
2026-02-05 13:09:15+05:30,25635.2,25637.5,25635.2,25636.8,29988
2026-02-05 13:09:20+05:30,25636.6,25638.35,25635.85,25638.35,60484
2026-02-05 13:09:25+05:30,25638.05,25638.5,25637.7,25638.1,30040
2026-02-05 13:09:30+05:30,25637.7,25639.85,25637.7,25639.35,39097
2026-02-05 13:09:35+05:30,25640.45,25640.45,25638.7,25639.85,43661
2026-02-05 13:09:40+05:30,25639.75,25641.25,25639.05,25639.8,23896
2026-02-05 13:09:45+05:30,25640.55,25643.9,25640.55,25643.45,61456
2026-02-05 13:09:50+05:30,25644.35,25644.4,25643.55,25643.6,37010
2026-02-05 13:09:55+05:30,25643.9,25644.35,25642.55,25642.55,33410
2026-02-05 13:10:00+05:30,25643.7,25643.9,25642.95,25643.3,84004
2026-02-05 13:10:05+05:30,25644.15,25644.5,25643.0,25643.0,50813
2026-02-05 13:10:10+05:30,25644.05,25645.8,25643.1,25643.7,38938
2026-02-05 13:10:15+05:30,25643.3,25646.05,25643.3,25645.0,48242
2026-02-05 13:10:20+05:30,25645.65,25646.2,25645.45,25646.2,42974
2026-02-05 13:10:25+05:30,25645.7,25646.45,25644.75,25644.75,40436
2026-02-05 13:10:30+05:30,25645.0,25646.15,25642.5,25643.35,68522
2026-02-05 13:10:35+05:30,25642.9,25643.3,25641.65,25643.3,45652
2026-02-05 13:10:40+05:30,25642.75,25643.75,25642.15,25642.8,21370
2026-02-05 13:10:45+05:30,25642.2,25642.9,25641.75,25642.9,36291
2026-02-05 13:10:50+05:30,25641.55,25642.0,25639.6,25640.55,39678
2026-02-05 13:10:55+05:30,25640.3,25641.75,25640.1,25640.4,53912
2026-02-05 13:11:00+05:30,25640.5,25641.35,25639.45,25639.55,46635
2026-02-05 13:11:05+05:30,25640.0,25641.1,25639.8,25640.75,87176
2026-02-05 13:11:10+05:30,25641.2,25642.15,25640.15,25640.15,40159
2026-02-05 13:11:15+05:30,25641.35,25642.55,25640.9,25642.0,61111
2026-02-05 13:11:20+05:30,25642.5,25642.5,25640.75,25640.75,26010
2026-02-05 13:11:25+05:30,25641.55,25642.6,25640.05,25641.85,52574
2026-02-05 13:11:30+05:30,25642.25,25642.7,25641.4,25642.05,23659
2026-02-05 13:11:35+05:30,25642.25,25642.25,25641.1,25641.1,49689
2026-02-05 13:11:40+05:30,25641.55,25642.3,25640.0,25640.0,21402
2026-02-05 13:11:45+05:30,25640.15,25641.5,25639.4,25639.5,29155
2026-02-05 13:11:50+05:30,25639.95,25640.55,25639.15,25639.5,53276
2026-02-05 13:11:55+05:30,25638.7,25639.55,25638.6,25638.6,136374
2026-02-05 13:12:00+05:30,25637.55,25637.55,25635.2,25635.8,107435
2026-02-05 13:12:05+05:30,25635.6,25636.9,25635.1,25636.4,82084
2026-02-05 13:12:10+05:30,25635.95,25637.15,25635.95,25636.45,49423
2026-02-05 13:12:15+05:30,25636.7,25637.95,25636.7,25637.5,39819
2026-02-05 13:12:20+05:30,25638.45,25639.6,25638.45,25638.9,54050
2026-02-05 13:12:25+05:30,25639.2,25639.65,25636.95,25636.95,49201
2026-02-05 13:12:30+05:30,25637.5,25637.95,25636.15,25636.3,50003
2026-02-05 13:12:35+05:30,25636.1,25636.6,25635.55,25635.75,67456
2026-02-05 13:12:40+05:30,25635.5,25637.35,25634.25,25634.25,40913
2026-02-05 13:12:45+05:30,25634.75,25635.15,25633.1,25633.75,123013
2026-02-05 13:12:50+05:30,25634.6,25634.6,25631.85,25632.45,31986
2026-02-05 13:12:55+05:30,25632.65,25633.75,25631.7,25632.45,189393
2026-02-05 13:13:00+05:30,25632.5,25634.1,25632.35,25633.45,49868
2026-02-05 13:13:05+05:30,25634.1,25634.2,25632.3,25633.55,76229
2026-02-05 13:13:10+05:30,25632.85,25635.0,25630.1,25630.7,69320
2026-02-05 13:13:15+05:30,25630.05,25632.25,25629.55,25630.55,51493
2026-02-05 13:13:20+05:30,25630.9,25631.5,25629.9,25630.25,32541
2026-02-05 13:13:25+05:30,25630.85,25631.7,25630.7,25631.1,36570
2026-02-05 13:13:30+05:30,25632.0,25632.35,25630.9,25632.25,53414
2026-02-05 13:13:35+05:30,25633.0,25633.0,25632.3,25632.3,34041
2026-02-05 13:13:40+05:30,25633.1,25633.45,25632.65,25632.95,44689
2026-02-05 13:13:45+05:30,25632.6,25634.4,25632.6,25633.8,38694
2026-02-05 13:13:50+05:30,25633.2,25634.35,25632.05,25633.7,32235
2026-02-05 13:13:55+05:30,25632.9,25634.25,25632.25,25633.35,24684
2026-02-05 13:14:00+05:30,25633.4,25634.35,25632.55,25634.3,35699
2026-02-05 13:14:05+05:30,25633.85,25634.95,25633.05,25634.1,23533
2026-02-05 13:14:10+05:30,25633.8,25634.85,25632.85,25633.25,24668
2026-02-05 13:14:15+05:30,25633.8,25637.55,25633.8,25637.55,70221
2026-02-05 13:14:20+05:30,25637.4,25638.15,25637.15,25637.8,33998
2026-02-05 13:14:25+05:30,25637.3,25638.65,25637.3,25638.3,19679
2026-02-05 13:14:30+05:30,25638.05,25638.45,25636.4,25636.4,41076
2026-02-05 13:14:35+05:30,25637.4,25637.8,25636.2,25636.2,30607
2026-02-05 13:14:40+05:30,25636.75,25638.05,25636.1,25636.75,53712
2026-02-05 13:14:45+05:30,25636.6,25637.05,25635.8,25636.3,20590
2026-02-05 13:14:50+05:30,25636.4,25636.75,25635.35,25636.25,25723
2026-02-05 13:14:55+05:30,25635.9,25636.8,25634.6,25636.8,33262
2026-02-05 13:15:00+05:30,25637.45,25638.95,25637.45,25638.8,91197
2026-02-05 13:15:05+05:30,25639.4,25640.65,25639.2,25640.65,37234
2026-02-05 13:15:10+05:30,25640.5,25641.2,25639.95,25639.95,44871
2026-02-05 13:15:15+05:30,25640.45,25642.0,25640.45,25641.85,32989
2026-02-05 13:15:20+05:30,25642.0,25643.1,25641.1,25641.1,29107
2026-02-05 13:15:25+05:30,25641.3,25643.2,25641.3,25642.85,31583
2026-02-05 13:15:30+05:30,25642.35,25643.9,25642.3,25643.5,31449
2026-02-05 13:15:35+05:30,25642.05,25642.95,25641.05,25641.05,23182
2026-02-05 13:15:40+05:30,25641.35,25644.0,25641.35,25641.85,32400
2026-02-05 13:15:45+05:30,25641.8,25643.35,25641.55,25642.6,55341
2026-02-05 13:15:50+05:30,25642.9,25642.9,25640.0,25640.7,27511
2026-02-05 13:15:55+05:30,25641.25,25641.75,25639.6,25639.6,30377
2026-02-05 13:16:00+05:30,25639.75,25640.6,25639.35,25640.3,28812
2026-02-05 13:16:05+05:30,25640.35,25641.7,25640.35,25641.25,20682
2026-02-05 13:16:10+05:30,25639.65,25641.6,25639.65,25640.9,22571
2026-02-05 13:16:15+05:30,25640.7,25642.95,25640.7,25642.3,56828
2026-02-05 13:16:20+05:30,25643.45,25643.45,25641.5,25641.5,47052
2026-02-05 13:16:25+05:30,25641.4,25642.7,25641.2,25642.3,27965
2026-02-05 13:16:30+05:30,25642.65,25643.7,25642.4,25642.6,51362
2026-02-05 13:16:35+05:30,25642.4,25642.95,25641.05,25641.05,33071
2026-02-05 13:16:40+05:30,25641.15,25643.7,25640.45,25640.7,21053
2026-02-05 13:16:45+05:30,25642.2,25642.6,25640.9,25641.1,29116
2026-02-05 13:16:50+05:30,25642.4,25642.4,25640.95,25641.25,41057
2026-02-05 13:16:55+05:30,25641.65,25642.2,25640.95,25640.95,101437
2026-02-05 13:17:00+05:30,25640.0,25641.45,25638.8,25639.9,58216
2026-02-05 13:17:05+05:30,25640.25,25641.45,25639.75,25641.4,25317
2026-02-05 13:17:10+05:30,25640.9,25642.95,25640.9,25642.95,26781
2026-02-05 13:17:15+05:30,25643.05,25643.85,25642.6,25643.7,30671
2026-02-05 13:17:20+05:30,25643.9,25644.6,25643.55,25644.6,42092
2026-02-05 13:17:25+05:30,25644.1,25645.25,25643.8,25645.25,29923
2026-02-05 13:17:30+05:30,25645.3,25645.9,25643.9,25643.9,27434
2026-02-05 13:17:35+05:30,25645.1,25646.55,25645.0,25646.55,50065
2026-02-05 13:17:40+05:30,25647.05,25648.6,25647.05,25647.4,104854
2026-02-05 13:17:45+05:30,25647.5,25648.65,25647.5,25648.45,41013
2026-02-05 13:17:50+05:30,25649.25,25650.8,25649.2,25650.45,68898
2026-02-05 13:17:55+05:30,25651.1,25651.6,25650.05,25650.05,28374
2026-02-05 13:18:00+05:30,25650.5,25651.55,25650.25,25650.85,33910
2026-02-05 13:18:05+05:30,25651.25,25651.5,25650.35,25650.35,39185
2026-02-05 13:18:10+05:30,25651.15,25651.8,25651.0,25651.2,47574
2026-02-05 13:18:15+05:30,25650.5,25652.2,25650.5,25652.05,43042
2026-02-05 13:18:20+05:30,25652.35,25652.5,25651.35,25652.4,80569
2026-02-05 13:18:25+05:30,25651.95,25653.15,25651.75,25653.15,79247
2026-02-05 13:18:30+05:30,25652.35,25653.05,25651.9,25652.75,34299
2026-02-05 13:18:35+05:30,25653.2,25653.2,25651.25,25651.35,32617
2026-02-05 13:18:40+05:30,25652.2,25653.25,25651.0,25651.0,79231
2026-02-05 13:18:45+05:30,25651.15,25652.0,25649.55,25649.75,51915
2026-02-05 13:18:50+05:30,25650.2,25650.55,25648.0,25648.0,34989
2026-02-05 13:18:55+05:30,25649.25,25649.25,25647.5,25648.35,21521
2026-02-05 13:19:00+05:30,25648.15,25649.45,25647.85,25648.2,33251
2026-02-05 13:19:05+05:30,25648.05,25648.8,25647.4,25647.9,40887
2026-02-05 13:19:10+05:30,25649.25,25649.8,25648.55,25648.85,22712
2026-02-05 13:19:15+05:30,25648.65,25649.2,25648.0,25648.1,28811
2026-02-05 13:19:20+05:30,25647.75,25648.65,25646.85,25647.55,230658
2026-02-05 13:19:25+05:30,25648.8,25648.85,25647.7,25647.7,31159
2026-02-05 13:19:30+05:30,25648.05,25649.45,25648.05,25649.05,48800
2026-02-05 13:19:35+05:30,25649.55,25649.7,25648.3,25648.7,21482
2026-02-05 13:19:40+05:30,25648.6,25650.4,25648.6,25650.4,25878
2026-02-05 13:19:45+05:30,25650.45,25650.75,25649.85,25649.85,27700
2026-02-05 13:19:50+05:30,25650.15,25650.9,25649.9,25649.9,27133
2026-02-05 13:19:55+05:30,25649.95,25651.05,25649.8,25650.55,17116
2026-02-05 13:20:00+05:30,25651.3,25651.65,25650.6,25651.65,29851
2026-02-05 13:20:05+05:30,25651.75,25651.85,25650.4,25650.65,59404
2026-02-05 13:20:10+05:30,25650.55,25651.05,25649.6,25650.2,31121
2026-02-05 13:20:15+05:30,25650.4,25651.25,25650.1,25650.35,18159
2026-02-05 13:20:20+05:30,25651.3,25651.3,25650.3,25650.3,35483
2026-02-05 13:20:25+05:30,25650.15,25650.9,25649.9,25650.5,23905
2026-02-05 13:20:30+05:30,25651.05,25651.05,25649.1,25649.45,45482
2026-02-05 13:20:35+05:30,25650.3,25650.3,25648.7,25649.05,40189
2026-02-05 13:20:40+05:30,25648.7,25649.4,25648.35,25648.5,24803
2026-02-05 13:20:45+05:30,25649.05,25650.15,25649.0,25649.3,49684
2026-02-05 13:20:50+05:30,25650.3,25650.55,25649.9,25649.9,46797
2026-02-05 13:20:55+05:30,25650.05,25650.65,25649.95,25650.1,18885
2026-02-05 13:21:00+05:30,25650.5,25651.15,25650.05,25650.05,27632
2026-02-05 13:21:05+05:30,25650.85,25650.9,25650.35,25650.85,20620
2026-02-05 13:21:10+05:30,25651.65,25652.0,25650.25,25650.35,67119
2026-02-05 13:21:15+05:30,25650.6,25651.45,25648.95,25648.95,31656
2026-02-05 13:21:20+05:30,25650.55,25650.55,25649.25,25649.65,55669
2026-02-05 13:21:25+05:30,25649.25,25649.9,25648.25,25648.25,27319
2026-02-05 13:21:30+05:30,25648.15,25649.45,25647.5,25649.45,31510
2026-02-05 13:21:35+05:30,25649.2,25649.4,25647.8,25648.2,29920
2026-02-05 13:21:40+05:30,25648.45,25649.5,25648.45,25648.6,25358
2026-02-05 13:21:45+05:30,25649.15,25649.15,25647.6,25647.6,33506
2026-02-05 13:21:50+05:30,25649.0,25649.0,25647.6,25648.05,34921
2026-02-05 13:21:55+05:30,25648.15,25648.6,25647.75,25647.75,17467
2026-02-05 13:22:00+05:30,25648.35,25649.1,25648.35,25648.9,42709
2026-02-05 13:22:05+05:30,25649.15,25649.2,25648.1,25648.2,51487
2026-02-05 13:22:10+05:30,25648.75,25650.4,25648.75,25650.4,158751
2026-02-05 13:22:15+05:30,25650.65,25651.65,25650.0,25650.95,56769
2026-02-05 13:22:20+05:30,25651.55,25652.1,25651.0,25651.75,61182
2026-02-05 13:22:25+05:30,25651.6,25652.2,25651.5,25651.9,96662
2026-02-05 13:22:30+05:30,25651.65,25652.75,25651.65,25652.35,33365
2026-02-05 13:22:35+05:30,25652.6,25653.6,25652.35,25653.2,40680
2026-02-05 13:22:40+05:30,25653.55,25655.05,25653.55,25654.7,32114
2026-02-05 13:22:45+05:30,25654.55,25655.65,25654.15,25654.65,35738
2026-02-05 13:22:50+05:30,25654.85,25655.45,25653.7,25653.95,26318
2026-02-05 13:22:55+05:30,25653.75,25655.5,25652.95,25652.95,44528
2026-02-05 13:23:00+05:30,25652.8,25653.35,25652.4,25652.5,47816
2026-02-05 13:23:05+05:30,25653.4,25654.1,25652.15,25652.75,49825
2026-02-05 13:23:10+05:30,25653.05,25654.0,25652.35,25652.8,21557
2026-02-05 13:23:15+05:30,25652.2,25653.1,25651.85,25652.15,32444
2026-02-05 13:23:20+05:30,25653.2,25653.95,25652.35,25653.85,58108
2026-02-05 13:23:25+05:30,25654.2,25654.85,25653.4,25653.4,23549
2026-02-05 13:23:30+05:30,25653.7,25655.4,25653.7,25654.55,40389
2026-02-05 13:23:35+05:30,25655.2,25655.3,25653.7,25654.0,18225
2026-02-05 13:23:40+05:30,25654.35,25656.55,25654.35,25654.9,37788
2026-02-05 13:23:45+05:30,25655.7,25657.1,25655.25,25656.25,33723
2026-02-05 13:23:50+05:30,25657.3,25657.3,25655.65,25655.65,23827
2026-02-05 13:23:55+05:30,25655.5,25656.3,25655.05,25655.05,31454
2026-02-05 13:24:00+05:30,25655.1,25655.65,25654.0,25654.9,25258
2026-02-05 13:24:05+05:30,25654.55,25655.3,25654.3,25654.8,33379
2026-02-05 13:24:10+05:30,25653.4,25655.0,25653.4,25653.95,44604
2026-02-05 13:24:15+05:30,25653.65,25654.1,25651.15,25652.2,76260
2026-02-05 13:24:20+05:30,25652.6,25652.6,25649.35,25649.35,42575
2026-02-05 13:24:25+05:30,25648.2,25649.4,25648.2,25648.55,41671
2026-02-05 13:24:30+05:30,25648.15,25649.25,25647.2,25647.2,38084
2026-02-05 13:24:35+05:30,25647.15,25647.5,25646.1,25646.95,34584
2026-02-05 13:24:40+05:30,25647.25,25648.25,25645.5,25645.5,76431
2026-02-05 13:24:45+05:30,25646.65,25647.5,25645.25,25645.65,31345
2026-02-05 13:24:50+05:30,25646.1,25646.1,25643.4,25644.7,72932
2026-02-05 13:24:55+05:30,25644.55,25645.3,25644.35,25644.65,30428
2026-02-05 13:25:00+05:30,25644.45,25645.0,25643.2,25643.2,39201
2026-02-05 13:25:05+05:30,25643.05,25643.05,25641.0,25642.4,54896
2026-02-05 13:25:10+05:30,25642.6,25643.15,25641.55,25641.55,37189
2026-02-05 13:25:15+05:30,25642.3,25642.65,25640.95,25642.2,56796
2026-02-05 13:25:20+05:30,25642.75,25642.75,25641.1,25641.1,33858
2026-02-05 13:25:25+05:30,25640.2,25641.05,25639.55,25640.45,31410
2026-02-05 13:25:30+05:30,25640.1,25640.1,25637.45,25638.4,42722
2026-02-05 13:25:35+05:30,25637.7,25637.7,25636.15,25636.25,84519
2026-02-05 13:25:40+05:30,25636.6,25639.05,25635.75,25635.75,61818
2026-02-05 13:25:45+05:30,25635.6,25636.95,25635.1,25636.95,60921
2026-02-05 13:25:50+05:30,25636.9,25636.9,25635.25,25636.15,36560
2026-02-05 13:25:55+05:30,25635.05,25637.25,25635.0,25637.1,19586
2026-02-05 13:26:00+05:30,25636.25,25638.1,25636.25,25636.45,65549
2026-02-05 13:26:05+05:30,25636.3,25637.35,25635.75,25636.2,64467
2026-02-05 13:26:10+05:30,25636.2,25637.5,25636.2,25636.2,42548
2026-02-05 13:26:15+05:30,25636.45,25637.7,25636.45,25637.7,27982
2026-02-05 13:26:20+05:30,25637.85,25637.85,25636.75,25637.35,41718
2026-02-05 13:26:25+05:30,25637.2,25637.2,25634.55,25635.05,82989
2026-02-05 13:26:30+05:30,25635.55,25636.35,25634.95,25635.25,61446
2026-02-05 13:26:35+05:30,25634.75,25635.15,25633.2,25635.15,70752
2026-02-05 13:26:40+05:30,25635.1,25635.55,25633.8,25633.85,30696
2026-02-05 13:26:45+05:30,25633.45,25634.45,25633.1,25634.0,43452
2026-02-05 13:26:50+05:30,25635.1,25635.1,25630.85,25630.85,61079
2026-02-05 13:26:55+05:30,25630.35,25631.3,25629.35,25630.8,44319
2026-02-05 13:27:00+05:30,25630.0,25632.3,25629.6,25630.15,36529
2026-02-05 13:27:05+05:30,25629.65,25629.8,25627.45,25627.95,39098
2026-02-05 13:27:10+05:30,25627.3,25629.1,25627.1,25627.25,32627
2026-02-05 13:27:15+05:30,25628.1,25629.7,25627.2,25629.0,32940
2026-02-05 13:27:20+05:30,25629.35,25630.0,25628.0,25628.25,28469
2026-02-05 13:27:25+05:30,25627.85,25630.5,25627.85,25629.65,55467
2026-02-05 13:27:30+05:30,25629.3,25630.5,25628.1,25628.8,27351
2026-02-05 13:27:35+05:30,25628.6,25629.5,25627.8,25628.7,68238
2026-02-05 13:27:40+05:30,25627.85,25630.45,25627.85,25628.15,81316
2026-02-05 13:27:45+05:30,25627.25,25630.7,25627.25,25629.85,40255
2026-02-05 13:27:50+05:30,25630.85,25630.85,25629.35,25629.35,36997
2026-02-05 13:27:55+05:30,25629.75,25630.3,25629.05,25629.9,22989
2026-02-05 13:28:00+05:30,25629.65,25630.75,25629.5,25629.5,20090
2026-02-05 13:28:05+05:30,25630.95,25630.95,25629.05,25629.05,30636
2026-02-05 13:28:10+05:30,25628.5,25630.25,25627.75,25627.75,46382
2026-02-05 13:28:15+05:30,25627.85,25628.8,25626.75,25627.85,37386
2026-02-05 13:28:20+05:30,25627.65,25627.65,25625.75,25625.9,44788
2026-02-05 13:28:25+05:30,25625.95,25625.95,25623.95,25624.6,41377
2026-02-05 13:28:30+05:30,25624.65,25625.65,25624.05,25624.35,42295
2026-02-05 13:28:35+05:30,25624.25,25624.95,25622.05,25624.6,63276
2026-02-05 13:28:40+05:30,25624.1,25626.05,25621.3,25621.3,84267
2026-02-05 13:28:45+05:30,25621.0,25622.05,25620.75,25621.95,48652
2026-02-05 13:28:50+05:30,25622.2,25622.35,25618.5,25618.5,75234
2026-02-05 13:28:55+05:30,25618.95,25618.95,25617.25,25617.5,60604
2026-02-05 13:29:00+05:30,25616.85,25619.05,25616.85,25617.75,57876
2026-02-05 13:29:05+05:30,25617.6,25618.0,25617.1,25618.0,42030
2026-02-05 13:29:10+05:30,25617.85,25618.6,25617.0,25618.3,50446
2026-02-05 13:29:15+05:30,25618.3,25618.35,25617.45,25617.75,72383
2026-02-05 13:29:20+05:30,25618.25,25618.25,25616.05,25616.05,58966
2026-02-05 13:29:25+05:30,25616.25,25617.4,25616.25,25617.0,21526
2026-02-05 13:29:30+05:30,25617.05,25618.1,25616.25,25617.25,40932
2026-02-05 13:29:35+05:30,25617.1,25617.35,25615.35,25616.4,27191
2026-02-05 13:29:40+05:30,25618.15,25618.15,25613.65,25614.05,102812
2026-02-05 13:29:45+05:30,25613.65,25615.0,25612.6,25615.0,38790
2026-02-05 13:29:50+05:30,25614.55,25614.95,25612.9,25612.9,38289
2026-02-05 13:29:55+05:30,25613.3,25613.3,25611.2,25612.3,61694
2026-02-05 13:30:00+05:30,25611.7,25615.6,25611.7,25615.55,121271
2026-02-05 13:30:05+05:30,25615.75,25617.5,25615.0,25616.55,58497
2026-02-05 13:30:10+05:30,25617.7,25617.7,25616.1,25616.1,29007
2026-02-05 13:30:15+05:30,25616.8,25619.35,25616.8,25619.35,62339
2026-02-05 13:30:20+05:30,25618.5,25620.15,25618.2,25619.85,63409
2026-02-05 13:30:25+05:30,25620.05,25620.95,25620.0,25620.95,55643
2026-02-05 13:30:30+05:30,25621.95,25622.55,25620.45,25620.45,60643
2026-02-05 13:30:35+05:30,25621.3,25621.3,25618.0,25618.3,41793
2026-02-05 13:30:40+05:30,25618.65,25619.7,25616.2,25616.2,30220
2026-02-05 13:30:45+05:30,25616.25,25617.45,25614.8,25616.1,64430
2026-02-05 13:30:50+05:30,25616.2,25617.8,25615.25,25617.8,127670
2026-02-05 13:30:55+05:30,25616.95,25617.4,25615.6,25616.75,28239
2026-02-05 13:31:00+05:30,25617.35,25617.35,25615.15,25615.15,47874
2026-02-05 13:31:05+05:30,25615.3,25616.2,25613.8,25615.95,36974
2026-02-05 13:31:10+05:30,25615.6,25616.55,25613.2,25613.2,32429
2026-02-05 13:31:15+05:30,25613.1,25615.4,25613.1,25615.1,35538
2026-02-05 13:31:20+05:30,25614.8,25615.35,25614.35,25615.3,34815
2026-02-05 13:31:25+05:30,25614.9,25617.8,25614.85,25617.8,38182
2026-02-05 13:31:30+05:30,25617.55,25618.75,25617.4,25617.4,41466
2026-02-05 13:31:35+05:30,25617.25,25618.3,25616.8,25617.55,30602
2026-02-05 13:31:40+05:30,25617.7,25620.2,25617.7,25619.15,29004
2026-02-05 13:31:45+05:30,25619.35,25621.85,25619.35,25621.85,36685
2026-02-05 13:31:50+05:30,25621.8,25622.6,25620.0,25620.0,42099
2026-02-05 13:31:55+05:30,25620.65,25621.1,25620.25,25620.5,36864
2026-02-05 13:32:00+05:30,25620.45,25623.25,25620.45,25622.5,57567
2026-02-05 13:32:05+05:30,25622.3,25622.3,25619.7,25620.95,35257
2026-02-05 13:32:10+05:30,25620.75,25621.25,25616.7,25616.7,52879
2026-02-05 13:32:15+05:30,25615.9,25617.6,25615.8,25615.8,47160
2026-02-05 13:32:20+05:30,25615.8,25619.5,25615.8,25618.05,40580
2026-02-05 13:32:25+05:30,25618.2,25619.6,25617.75,25618.2,37170
2026-02-05 13:32:30+05:30,25618.85,25621.45,25618.85,25620.1,47213
2026-02-05 13:32:35+05:30,25620.15,25622.45,25620.1,25621.95,34168
2026-02-05 13:32:40+05:30,25622.0,25624.45,25622.0,25622.85,49999
2026-02-05 13:32:45+05:30,25623.05,25628.35,25623.05,25626.3,62297
2026-02-05 13:32:50+05:30,25627.1,25628.1,25625.25,25625.25,55479
2026-02-05 13:32:55+05:30,25625.3,25627.0,25625.3,25626.8,71346
2026-02-05 13:33:00+05:30,25625.95,25627.85,25625.95,25626.05,30172
2026-02-05 13:33:05+05:30,25626.65,25628.45,25626.2,25627.85,63771
2026-02-05 13:33:10+05:30,25628.7,25632.25,25627.85,25630.4,82645
2026-02-05 13:33:15+05:30,25630.8,25630.9,25629.55,25629.55,43369
2026-02-05 13:33:20+05:30,25629.05,25629.35,25627.75,25628.1,36466
2026-02-05 13:33:25+05:30,25628.2,25629.6,25627.25,25627.55,25845
2026-02-05 13:33:30+05:30,25627.3,25628.85,25627.3,25628.2,30239
2026-02-05 13:33:35+05:30,25627.9,25628.1,25627.05,25627.7,64373
2026-02-05 13:33:40+05:30,25628.0,25628.6,25627.6,25627.65,31358
2026-02-05 13:33:45+05:30,25627.5,25631.7,25627.5,25631.7,111960
2026-02-05 13:33:50+05:30,25630.95,25630.95,25628.2,25628.2,48108
2026-02-05 13:33:55+05:30,25628.25,25628.45,25626.6,25627.6,40271
2026-02-05 13:34:00+05:30,25627.35,25628.7,25626.55,25626.55,32723
2026-02-05 13:34:05+05:30,25627.8,25627.8,25623.3,25626.1,91100
2026-02-05 13:34:10+05:30,25625.9,25626.6,25625.3,25625.3,26612
2026-02-05 13:34:15+05:30,25625.0,25625.95,25624.85,25625.75,23943
2026-02-05 13:34:20+05:30,25625.3,25628.35,25624.45,25628.3,55712
2026-02-05 13:34:25+05:30,25628.5,25632.15,25628.5,25632.15,40792
2026-02-05 13:34:30+05:30,25631.7,25633.45,25631.1,25631.8,48330
2026-02-05 13:34:35+05:30,25632.95,25633.25,25630.3,25631.05,31293
2026-02-05 13:34:40+05:30,25631.35,25633.6,25631.35,25632.2,44666
2026-02-05 13:34:45+05:30,25631.95,25632.85,25631.6,25632.25,45761
2026-02-05 13:34:50+05:30,25632.35,25633.7,25631.3,25631.3,46540
2026-02-05 13:34:55+05:30,25631.65,25633.0,25631.65,25632.55,35085
2026-02-05 13:35:00+05:30,25632.25,25634.05,25629.45,25629.45,87748
2026-02-05 13:35:05+05:30,25629.6,25630.25,25628.95,25630.15,39202
2026-02-05 13:35:10+05:30,25630.35,25631.95,25629.85,25631.45,75232
2026-02-05 13:35:15+05:30,25631.1,25633.35,25631.1,25633.3,37155
2026-02-05 13:35:20+05:30,25632.85,25634.0,25632.7,25633.45,78092
2026-02-05 13:35:25+05:30,25633.1,25636.15,25633.1,25635.8,43730
2026-02-05 13:35:30+05:30,25636.15,25638.35,25635.9,25637.75,73123
2026-02-05 13:35:35+05:30,25637.7,25638.3,25636.25,25638.0,48187
2026-02-05 13:35:40+05:30,25637.7,25641.15,25637.7,25640.45,99838
2026-02-05 13:35:45+05:30,25640.6,25641.55,25640.15,25640.95,38653
2026-02-05 13:35:50+05:30,25642.05,25642.05,25638.5,25638.9,83295
2026-02-05 13:35:55+05:30,25635.8,25638.2,25635.15,25635.15,48083
2026-02-05 13:36:00+05:30,25635.65,25637.65,25635.25,25635.25,38433
2026-02-05 13:36:05+05:30,25635.15,25636.2,25633.6,25634.65,34067
2026-02-05 13:36:10+05:30,25633.9,25636.5,25630.4,25630.4,40911
2026-02-05 13:36:15+05:30,25629.65,25631.4,25629.65,25629.85,30186
2026-02-05 13:36:20+05:30,25630.25,25630.75,25628.1,25628.1,50947
2026-02-05 13:36:25+05:30,25629.25,25630.9,25628.85,25630.9,53464
2026-02-05 13:36:30+05:30,25630.7,25632.1,25630.15,25631.2,45501
2026-02-05 13:36:35+05:30,25631.8,25631.8,25629.75,25629.95,66060
2026-02-05 13:36:40+05:30,25630.15,25630.15,25628.65,25628.65,72064
2026-02-05 13:36:45+05:30,25628.45,25628.45,25627.3,25627.8,61786
2026-02-05 13:36:50+05:30,25627.7,25628.05,25626.05,25626.4,88393
2026-02-05 13:36:55+05:30,25626.3,25628.0,25626.3,25627.85,53892
2026-02-05 13:37:00+05:30,25628.35,25633.0,25628.35,25631.2,57189
2026-02-05 13:37:05+05:30,25631.15,25632.35,25630.65,25632.35,46710
2026-02-05 13:37:10+05:30,25632.05,25633.4,25631.5,25631.6,31663
2026-02-05 13:37:15+05:30,25631.1,25632.65,25630.9,25632.65,34450
2026-02-05 13:37:20+05:30,25631.3,25632.3,25631.3,25631.7,70778
2026-02-05 13:37:25+05:30,25631.9,25632.0,25630.4,25631.05,108185
2026-02-05 13:37:30+05:30,25630.6,25633.05,25630.6,25632.05,46547
2026-02-05 13:37:35+05:30,25632.7,25632.7,25630.35,25631.9,106676
2026-02-05 13:37:40+05:30,25630.85,25632.8,25630.8,25630.8,30198
2026-02-05 13:37:45+05:30,25630.3,25632.35,25630.05,25631.05,50636
2026-02-05 13:37:50+05:30,25632.15,25632.15,25629.4,25629.5,106018
2026-02-05 13:37:55+05:30,25629.3,25630.9,25629.15,25630.9,33573
2026-02-05 13:38:00+05:30,25630.55,25633.95,25630.55,25633.95,85428
2026-02-05 13:38:05+05:30,25633.8,25636.45,25633.8,25635.75,44856
2026-02-05 13:38:10+05:30,25636.4,25638.55,25636.4,25636.5,42171
2026-02-05 13:38:15+05:30,25636.6,25638.7,25636.6,25638.6,42536
2026-02-05 13:38:20+05:30,25638.95,25639.15,25637.85,25639.15,67373
2026-02-05 13:38:25+05:30,25639.0,25641.85,25639.0,25641.85,38924
2026-02-05 13:38:30+05:30,25642.3,25642.45,25640.8,25640.95,57709
2026-02-05 13:38:35+05:30,25641.15,25641.15,25639.1,25639.1,42340
2026-02-05 13:38:40+05:30,25639.65,25640.65,25638.15,25638.15,41713
2026-02-05 13:38:45+05:30,25637.9,25638.25,25636.45,25637.05,59597
2026-02-05 13:38:50+05:30,25637.75,25639.15,25637.65,25637.65,54594
2026-02-05 13:38:55+05:30,25638.25,25638.7,25637.15,25637.15,45284
2026-02-05 13:39:00+05:30,25637.5,25638.55,25637.15,25637.7,27867
2026-02-05 13:39:05+05:30,25638.1,25639.2,25637.05,25639.2,80424
2026-02-05 13:39:10+05:30,25639.75,25641.7,25639.25,25639.25,30348
2026-02-05 13:39:15+05:30,25638.7,25641.3,25638.7,25641.15,63111
2026-02-05 13:39:20+05:30,25641.9,25642.25,25640.9,25642.1,62573
2026-02-05 13:39:25+05:30,25642.05,25642.5,25640.75,25641.4,31195
2026-02-05 13:39:30+05:30,25641.15,25643.5,25641.15,25642.55,32923
2026-02-05 13:39:35+05:30,25642.6,25642.6,25641.05,25642.15,37945
2026-02-05 13:39:40+05:30,25641.1,25642.75,25641.1,25641.55,48520
2026-02-05 13:39:45+05:30,25641.35,25643.35,25641.35,25642.75,61393
2026-02-05 13:39:50+05:30,25643.0,25643.15,25639.8,25639.8,57379
2026-02-05 13:39:55+05:30,25639.45,25640.45,25638.8,25639.0,58649
2026-02-05 13:40:00+05:30,25639.6,25640.9,25638.75,25638.75,69487
2026-02-05 13:40:05+05:30,25640.75,25640.75,25639.15,25639.65,49822
2026-02-05 13:40:10+05:30,25638.9,25639.65,25636.25,25636.25,71204
2026-02-05 13:40:15+05:30,25636.0,25637.5,25634.75,25635.15,96834
2026-02-05 13:40:20+05:30,25635.5,25635.5,25634.1,25634.1,36415
2026-02-05 13:40:25+05:30,25633.95,25634.65,25633.6,25634.6,35585
2026-02-05 13:40:30+05:30,25634.7,25636.2,25634.4,25635.95,48529
2026-02-05 13:40:35+05:30,25635.8,25636.35,25635.0,25636.35,47081
2026-02-05 13:40:40+05:30,25636.5,25637.85,25636.5,25637.85,108877
2026-02-05 13:40:45+05:30,25637.75,25639.25,25636.9,25638.1,42481
2026-02-05 13:40:50+05:30,25638.4,25638.4,25635.6,25635.6,69492
2026-02-05 13:40:55+05:30,25634.2,25635.85,25633.15,25634.4,39623
2026-02-05 13:41:00+05:30,25633.3,25635.3,25633.3,25634.6,19103
2026-02-05 13:41:05+05:30,25635.0,25636.7,25634.6,25636.6,36726
2026-02-05 13:41:10+05:30,25636.8,25637.9,25636.8,25636.9,32523
2026-02-05 13:41:15+05:30,25636.65,25636.85,25635.5,25636.4,40171
2026-02-05 13:41:20+05:30,25636.4,25639.35,25636.4,25638.55,53143
2026-02-05 13:41:25+05:30,25638.6,25640.85,25637.5,25640.85,25587
2026-02-05 13:41:30+05:30,25641.1,25641.45,25639.4,25639.6,26904
2026-02-05 13:41:35+05:30,25639.65,25639.95,25638.3,25638.75,41570
2026-02-05 13:41:40+05:30,25639.3,25640.8,25638.45,25638.45,34497
2026-02-05 13:41:45+05:30,25639.55,25640.85,25638.85,25640.1,36481
2026-02-05 13:41:50+05:30,25640.95,25640.95,25639.55,25640.15,83006
2026-02-05 13:41:55+05:30,25640.35,25642.95,25640.35,25642.95,98494
2026-02-05 13:42:00+05:30,25643.4,25643.4,25642.05,25642.05,37934
2026-02-05 13:42:05+05:30,25642.3,25642.4,25641.05,25641.6,52675
2026-02-05 13:42:10+05:30,25641.5,25642.85,25641.0,25641.0,93064
2026-02-05 13:42:15+05:30,25640.85,25641.5,25639.65,25641.15,44247
2026-02-05 13:42:20+05:30,25641.75,25641.75,25637.95,25637.95,36878
2026-02-05 13:42:25+05:30,25637.25,25638.0,25636.0,25636.0,47254
2026-02-05 13:42:30+05:30,25636.85,25637.95,25635.3,25635.65,51867
2026-02-05 13:42:35+05:30,25637.15,25638.15,25636.7,25638.15,42887
2026-02-05 13:42:40+05:30,25637.45,25637.95,25636.5,25636.55,70718
2026-02-05 13:42:45+05:30,25635.85,25637.7,25635.8,25637.25,180509
2026-02-05 13:42:50+05:30,25637.35,25637.35,25635.5,25635.5,67716
2026-02-05 13:42:55+05:30,25635.7,25638.5,25635.7,25637.95,41978
2026-02-05 13:43:00+05:30,25637.25,25637.9,25636.65,25636.65,29211
2026-02-05 13:43:05+05:30,25636.75,25636.75,25633.85,25636.45,39192
2026-02-05 13:43:10+05:30,25636.25,25636.8,25634.9,25634.9,70902
2026-02-05 13:43:15+05:30,25634.8,25635.9,25634.7,25635.0,37270
2026-02-05 13:43:20+05:30,25636.4,25636.4,25635.15,25635.8,27151
2026-02-05 13:43:25+05:30,25635.4,25636.35,25634.7,25635.65,28200
2026-02-05 13:43:30+05:30,25635.9,25635.9,25633.7,25633.7,30839
2026-02-05 13:43:35+05:30,25634.2,25634.45,25633.8,25634.1,35740
2026-02-05 13:43:40+05:30,25634.2,25635.35,25633.55,25633.55,29683
2026-02-05 13:43:45+05:30,25633.95,25634.95,25633.75,25634.1,45147
2026-02-05 13:43:50+05:30,25634.25,25634.65,25633.0,25633.45,30523
2026-02-05 13:43:55+05:30,25633.6,25634.8,25633.55,25634.8,18327
2026-02-05 13:44:00+05:30,25634.55,25635.0,25633.95,25633.95,26337
2026-02-05 13:44:05+05:30,25634.1,25634.25,25632.8,25633.25,36996
2026-02-05 13:44:10+05:30,25633.55,25634.9,25633.55,25633.8,23962
2026-02-05 13:44:15+05:30,25634.55,25635.25,25633.55,25633.7,37195
2026-02-05 13:44:20+05:30,25634.75,25635.0,25633.45,25633.45,33475
2026-02-05 13:44:25+05:30,25633.9,25634.5,25633.1,25633.1,48924
2026-02-05 13:44:30+05:30,25633.95,25636.1,25633.95,25635.35,30579
2026-02-05 13:44:35+05:30,25635.7,25635.7,25634.55,25635.25,35097
2026-02-05 13:44:40+05:30,25634.95,25636.05,25634.6,25634.6,40852
2026-02-05 13:44:45+05:30,25634.8,25635.75,25634.4,25635.75,25886
2026-02-05 13:44:50+05:30,25636.05,25636.45,25635.05,25635.55,53100
2026-02-05 13:44:55+05:30,25636.0,25636.6,25635.3,25635.9,56651
2026-02-05 13:45:00+05:30,25635.8,25636.9,25635.8,25636.2,35168
2026-02-05 13:45:05+05:30,25636.45,25638.05,25636.45,25637.5,57167
2026-02-05 13:45:10+05:30,25637.2,25637.9,25636.65,25636.65,28077
2026-02-05 13:45:15+05:30,25636.9,25636.9,25635.7,25636.6,64665
2026-02-05 13:45:20+05:30,25636.45,25636.8,25634.9,25634.9,117503
2026-02-05 13:45:25+05:30,25635.75,25635.75,25633.85,25634.15,54977
2026-02-05 13:45:30+05:30,25633.65,25636.15,25633.05,25633.2,527239
2026-02-05 13:45:35+05:30,25633.3,25633.6,25632.0,25632.85,56350
2026-02-05 13:45:40+05:30,25632.15,25634.15,25632.15,25632.85,39457
2026-02-05 13:45:45+05:30,25633.1,25634.5,25633.1,25633.85,36754
2026-02-05 13:45:50+05:30,25635.15,25635.3,25634.2,25634.2,61811
2026-02-05 13:45:55+05:30,25633.75,25634.3,25633.05,25633.05,81583
2026-02-05 13:46:00+05:30,25633.75,25634.95,25633.75,25634.95,37117
2026-02-05 13:46:05+05:30,25635.0,25635.0,25633.7,25634.9,45139
2026-02-05 13:46:10+05:30,25635.2,25636.2,25634.7,25634.95,49650
2026-02-05 13:46:15+05:30,25634.85,25636.45,25634.85,25636.3,39160
2026-02-05 13:46:20+05:30,25636.9,25637.5,25636.55,25637.0,55936
2026-02-05 13:46:25+05:30,25635.1,25636.7,25634.35,25635.0,36259
2026-02-05 13:46:30+05:30,25636.9,25636.9,25635.3,25636.75,29102
2026-02-05 13:46:35+05:30,25636.5,25636.9,25635.3,25636.3,40655
2026-02-05 13:46:40+05:30,25636.0,25637.3,25636.0,25636.7,32273
2026-02-05 13:46:45+05:30,25636.55,25637.2,25635.9,25636.0,39202
2026-02-05 13:46:50+05:30,25637.15,25637.15,25636.5,25636.95,49748
2026-02-05 13:46:55+05:30,25637.95,25638.1,25636.25,25637.05,57806
2026-02-05 13:47:00+05:30,25637.25,25639.9,25637.25,25639.9,68274
2026-02-05 13:47:05+05:30,25639.85,25640.75,25639.65,25640.75,75211
2026-02-05 13:47:10+05:30,25641.35,25643.25,25641.05,25641.3,154085
2026-02-05 13:47:15+05:30,25641.15,25642.3,25641.15,25642.05,29724
2026-02-05 13:47:20+05:30,25642.05,25643.2,25639.0,25639.0,65267
2026-02-05 13:47:25+05:30,25640.15,25640.3,25638.4,25640.0,48035
2026-02-05 13:47:30+05:30,25640.95,25641.5,25640.55,25641.35,32764
2026-02-05 13:47:35+05:30,25641.65,25642.35,25640.8,25642.05,37393
2026-02-05 13:47:40+05:30,25642.5,25642.65,25640.85,25640.9,43466
2026-02-05 13:47:45+05:30,25641.0,25641.9,25640.65,25641.05,44458
2026-02-05 13:47:50+05:30,25641.95,25641.95,25640.25,25640.7,44406
2026-02-05 13:47:55+05:30,25641.85,25641.85,25641.2,25641.5,56993
2026-02-05 13:48:00+05:30,25641.3,25643.25,25641.3,25642.6,62369
2026-02-05 13:48:05+05:30,25642.35,25644.45,25642.2,25643.8,111239
2026-02-05 13:48:10+05:30,25643.65,25645.15,25643.5,25643.5,46778
2026-02-05 13:48:15+05:30,25643.45,25644.7,25642.55,25642.55,49796
2026-02-05 13:48:20+05:30,25641.9,25643.0,25641.5,25641.75,89272
2026-02-05 13:48:25+05:30,25642.05,25642.05,25641.15,25641.3,44944
2026-02-05 13:48:30+05:30,25641.9,25642.55,25641.05,25641.05,48594
2026-02-05 13:48:35+05:30,25641.55,25641.55,25640.0,25641.1,38237
2026-02-05 13:48:40+05:30,25641.2,25641.9,25639.3,25639.3,35634
2026-02-05 13:48:45+05:30,25639.15,25639.9,25638.35,25638.65,41354
2026-02-05 13:48:50+05:30,25638.9,25639.25,25638.35,25639.25,137656
2026-02-05 13:48:55+05:30,25639.05,25640.9,25639.05,25640.6,38090
2026-02-05 13:49:00+05:30,25640.95,25641.65,25640.5,25640.6,43751
2026-02-05 13:49:05+05:30,25641.8,25642.4,25640.4,25642.15,72005
2026-02-05 13:49:10+05:30,25642.3,25644.35,25641.95,25642.3,30043
2026-02-05 13:49:15+05:30,25642.95,25643.55,25642.15,25643.25,38613
2026-02-05 13:49:20+05:30,25642.95,25643.65,25641.95,25642.25,44050
2026-02-05 13:49:25+05:30,25642.95,25643.25,25642.25,25642.85,27107
2026-02-05 13:49:30+05:30,25642.75,25644.45,25642.75,25643.45,30924
2026-02-05 13:49:35+05:30,25643.15,25643.45,25642.7,25643.05,45438
2026-02-05 13:49:40+05:30,25643.45,25644.25,25643.0,25643.0,30074
2026-02-05 13:49:45+05:30,25643.05,25644.8,25642.65,25643.25,32296
2026-02-05 13:49:50+05:30,25643.1,25643.15,25641.05,25641.6,59744
2026-02-05 13:49:55+05:30,25641.05,25642.4,25640.55,25642.4,35686
2026-02-05 13:50:00+05:30,25641.95,25642.85,25641.7,25642.05,23583
2026-02-05 13:50:05+05:30,25642.15,25642.6,25640.95,25642.3,38454
2026-02-05 13:50:10+05:30,25642.7,25643.3,25640.05,25640.05,46554
2026-02-05 13:50:15+05:30,25639.75,25641.6,25639.75,25640.95,39669
2026-02-05 13:50:20+05:30,25641.7,25641.7,25639.45,25639.45,40003
2026-02-05 13:50:25+05:30,25639.45,25639.45,25638.25,25638.75,33335
2026-02-05 13:50:30+05:30,25638.8,25640.1,25638.6,25638.6,28377
2026-02-05 13:50:35+05:30,25638.8,25640.3,25638.05,25640.2,60589
2026-02-05 13:50:40+05:30,25640.65,25641.15,25639.6,25639.8,27970
2026-02-05 13:50:45+05:30,25639.6,25641.25,25639.45,25639.9,31095
2026-02-05 13:50:50+05:30,25640.95,25640.95,25639.85,25639.85,27434
2026-02-05 13:50:55+05:30,25639.95,25640.85,25639.75,25640.8,32229
2026-02-05 13:51:00+05:30,25641.5,25643.0,25641.5,25642.55,33766
2026-02-05 13:51:05+05:30,25642.15,25643.7,25641.5,25643.7,35520
2026-02-05 13:51:10+05:30,25643.45,25646.05,25643.45,25645.35,34082
2026-02-05 13:51:15+05:30,25644.9,25645.95,25644.85,25645.75,37386
2026-02-05 13:51:20+05:30,25646.2,25646.4,25645.6,25645.65,42578
2026-02-05 13:51:25+05:30,25645.6,25646.45,25645.15,25646.45,48528
2026-02-05 13:51:30+05:30,25646.05,25647.4,25645.75,25645.75,27206
2026-02-05 13:51:35+05:30,25645.35,25646.25,25645.2,25646.1,38765
2026-02-05 13:51:40+05:30,25645.5,25647.0,25645.4,25645.4,38974
2026-02-05 13:51:45+05:30,25644.95,25646.2,25644.95,25645.9,26420
2026-02-05 13:51:50+05:30,25646.45,25646.45,25644.05,25644.25,44089
2026-02-05 13:51:55+05:30,25644.2,25645.15,25643.7,25644.2,45856
2026-02-05 13:52:00+05:30,25644.5,25645.6,25644.5,25644.7,35134
2026-02-05 13:52:05+05:30,25645.15,25645.15,25641.6,25641.6,55253
2026-02-05 13:52:10+05:30,25642.0,25643.05,25641.8,25641.8,42972
2026-02-05 13:52:15+05:30,25641.7,25642.25,25639.85,25639.85,76575
2026-02-05 13:52:20+05:30,25639.75,25639.75,25637.85,25637.85,122864
2026-02-05 13:52:25+05:30,25637.7,25640.9,25637.7,25638.8,70501
2026-02-05 13:52:30+05:30,25639.9,25641.05,25639.35,25639.95,81727
2026-02-05 13:52:35+05:30,25640.4,25641.15,25639.75,25640.6,56094
2026-02-05 13:52:40+05:30,25641.3,25641.95,25640.0,25640.85,20589
2026-02-05 13:52:45+05:30,25640.4,25641.85,25640.4,25641.45,34272
2026-02-05 13:52:50+05:30,25641.75,25644.2,25641.75,25642.95,68457
2026-02-05 13:52:55+05:30,25643.35,25644.25,25643.05,25643.05,61163
2026-02-05 13:53:00+05:30,25642.8,25644.3,25642.8,25643.5,36534
2026-02-05 13:53:05+05:30,25642.6,25642.9,25641.35,25642.35,109958
2026-02-05 13:53:10+05:30,25642.6,25643.65,25642.5,25642.95,47345
2026-02-05 13:53:15+05:30,25643.7,25646.9,25643.7,25646.15,75087
2026-02-05 13:53:20+05:30,25646.6,25646.6,25643.8,25643.8,56174
2026-02-05 13:53:25+05:30,25644.1,25644.1,25641.1,25641.9,66385
2026-02-05 13:53:30+05:30,25642.3,25643.65,25641.75,25641.85,43231
2026-02-05 13:53:35+05:30,25642.5,25642.5,25638.0,25638.0,84826
2026-02-05 13:53:40+05:30,25636.95,25637.45,25636.05,25636.4,38078
2026-02-05 13:53:45+05:30,25635.55,25636.6,25635.2,25635.95,87006
2026-02-05 13:53:50+05:30,25635.85,25635.85,25633.25,25633.25,76567
2026-02-05 13:53:55+05:30,25634.15,25634.9,25632.85,25633.9,55950
2026-02-05 13:54:00+05:30,25633.85,25634.35,25632.3,25632.3,63103
2026-02-05 13:54:05+05:30,25632.25,25632.25,25629.05,25631.45,144080
2026-02-05 13:54:10+05:30,25633.35,25633.35,25631.15,25631.15,42562
2026-02-05 13:54:15+05:30,25630.85,25632.25,25630.25,25631.15,37391
2026-02-05 13:54:20+05:30,25631.45,25632.5,25630.25,25631.1,67802
2026-02-05 13:54:25+05:30,25630.2,25631.95,25630.2,25631.25,34544
2026-02-05 13:54:30+05:30,25632.0,25632.85,25629.8,25631.15,81799
2026-02-05 13:54:35+05:30,25631.05,25631.6,25629.7,25630.95,55389
2026-02-05 13:54:40+05:30,25631.6,25632.7,25630.9,25631.55,89412
2026-02-05 13:54:45+05:30,25631.4,25632.5,25630.9,25631.05,44774
2026-02-05 13:54:50+05:30,25631.45,25631.8,25630.4,25630.4,38472
2026-02-05 13:54:55+05:30,25630.35,25630.55,25629.15,25629.4,30700
2026-02-05 13:55:00+05:30,25629.95,25630.05,25629.25,25629.25,59979
2026-02-05 13:55:05+05:30,25629.35,25629.7,25628.25,25629.55,40044
2026-02-05 13:55:10+05:30,25630.15,25631.05,25629.35,25629.8,33563
2026-02-05 13:55:15+05:30,25630.65,25631.2,25629.5,25631.2,38983
2026-02-05 13:55:20+05:30,25630.75,25630.75,25629.5,25630.6,57697
2026-02-05 13:55:25+05:30,25630.25,25630.75,25629.05,25629.85,56961
2026-02-05 13:55:30+05:30,25630.1,25630.75,25629.65,25630.35,45637
2026-02-05 13:55:35+05:30,25630.5,25630.5,25628.9,25630.15,34565
2026-02-05 13:55:40+05:30,25630.8,25631.85,25630.05,25630.3,31303
2026-02-05 13:55:45+05:30,25630.4,25630.9,25628.2,25628.2,60707
2026-02-05 13:55:50+05:30,25628.05,25629.05,25627.0,25627.0,73713
2026-02-05 13:55:55+05:30,25627.25,25627.9,25626.3,25627.3,40553
2026-02-05 13:56:00+05:30,25628.2,25628.2,25626.25,25627.05,35120
2026-02-05 13:56:05+05:30,25626.4,25626.4,25625.05,25625.15,126601
2026-02-05 13:56:10+05:30,25624.9,25625.95,25624.85,25625.1,40410
2026-02-05 13:56:15+05:30,25625.5,25625.6,25624.65,25624.95,37149
2026-02-05 13:56:20+05:30,25624.95,25625.75,25623.35,25623.85,109839
2026-02-05 13:56:25+05:30,25623.8,25625.6,25623.8,25625.3,50627
2026-02-05 13:56:30+05:30,25625.15,25626.5,25622.9,25622.9,85806
2026-02-05 13:56:35+05:30,25624.1,25624.8,25623.25,25624.3,38300
2026-02-05 13:56:40+05:30,25624.15,25627.95,25624.15,25627.95,177798
2026-02-05 13:56:45+05:30,25627.25,25629.2,25626.3,25626.3,41660
2026-02-05 13:56:50+05:30,25630.0,25630.0,25626.9,25629.7,103162
2026-02-05 13:56:55+05:30,25628.4,25630.4,25627.8,25630.4,48231
2026-02-05 13:57:00+05:30,25627.6,25631.1,25627.3,25628.95,27762
2026-02-05 13:57:05+05:30,25628.6,25631.8,25628.15,25631.8,41973
2026-02-05 13:57:10+05:30,25632.05,25632.75,25631.25,25631.3,45917
2026-02-05 13:57:15+05:30,25632.7,25632.7,25631.55,25631.9,23210
2026-02-05 13:57:20+05:30,25632.7,25632.7,25630.05,25630.05,37193
2026-02-05 13:57:25+05:30,25630.15,25631.05,25629.95,25630.75,26116
2026-02-05 13:57:30+05:30,25631.2,25632.55,25630.6,25630.7,26658
2026-02-05 13:57:35+05:30,25630.55,25630.55,25626.25,25628.1,75792
2026-02-05 13:57:40+05:30,25627.45,25629.25,25626.15,25626.15,22971
2026-02-05 13:57:45+05:30,25627.05,25628.25,25625.45,25627.45,96465
2026-02-05 13:57:50+05:30,25626.2,25627.8,25625.5,25625.55,33694
2026-02-05 13:57:55+05:30,25625.75,25626.85,25625.05,25625.75,26575
2026-02-05 13:58:00+05:30,25625.5,25626.35,25622.75,25623.6,107672
2026-02-05 13:58:05+05:30,25622.75,25623.5,25621.1,25621.85,114193
2026-02-05 13:58:10+05:30,25622.0,25624.4,25621.15,25622.05,39371
2026-02-05 13:58:15+05:30,25622.6,25622.85,25621.05,25622.35,48215
2026-02-05 13:58:20+05:30,25622.25,25624.5,25622.25,25623.85,182951
2026-02-05 13:58:25+05:30,25623.5,25623.85,25621.6,25621.95,109159
2026-02-05 13:58:30+05:30,25622.5,25624.3,25622.5,25623.75,51218
2026-02-05 13:58:35+05:30,25624.6,25625.55,25623.95,25625.0,62899
2026-02-05 13:58:40+05:30,25625.45,25626.25,25625.45,25625.45,30902
2026-02-05 13:58:45+05:30,25625.95,25630.65,25625.95,25629.5,60029
2026-02-05 13:58:50+05:30,25629.6,25629.7,25627.05,25627.65,57125
2026-02-05 13:58:55+05:30,25628.0,25628.45,25626.2,25626.6,53506
2026-02-05 13:59:00+05:30,25626.4,25627.05,25625.65,25626.85,93232
2026-02-05 13:59:05+05:30,25627.9,25629.15,25627.05,25627.05,75870
2026-02-05 13:59:10+05:30,25626.65,25628.35,25626.5,25627.4,42250
2026-02-05 13:59:15+05:30,25627.6,25628.85,25626.4,25628.15,33028
2026-02-05 13:59:20+05:30,25629.3,25629.45,25627.75,25627.75,105198
2026-02-05 13:59:25+05:30,25628.85,25628.85,25627.15,25627.4,54615
2026-02-05 13:59:30+05:30,25628.7,25630.3,25628.7,25629.85,156564
2026-02-05 13:59:35+05:30,25630.15,25630.95,25629.3,25630.8,105935
2026-02-05 13:59:40+05:30,25631.0,25631.35,25629.95,25630.2,44743
2026-02-05 13:59:45+05:30,25630.35,25631.2,25630.15,25630.5,33412
2026-02-05 13:59:50+05:30,25630.55,25631.0,25629.5,25631.0,83568
2026-02-05 13:59:55+05:30,25631.55,25635.3,25631.55,25635.25,44429
2026-02-05 14:00:00+05:30,25635.4,25636.85,25635.4,25636.85,101897
2026-02-05 14:00:05+05:30,25636.75,25636.85,25635.85,25635.85,49295
2026-02-05 14:00:10+05:30,25636.45,25637.7,25636.45,25636.5,95914
2026-02-05 14:00:15+05:30,25637.25,25638.4,25637.25,25638.35,56686
2026-02-05 14:00:20+05:30,25638.25,25638.25,25634.4,25635.0,113774
2026-02-05 14:00:25+05:30,25635.15,25636.7,25635.15,25636.5,34947
2026-02-05 14:00:30+05:30,25636.2,25636.85,25635.3,25635.75,82210
2026-02-05 14:00:35+05:30,25636.4,25637.05,25635.8,25636.1,44512
2026-02-05 14:00:40+05:30,25636.5,25637.6,25634.35,25634.35,50078
2026-02-05 14:00:45+05:30,25634.3,25635.4,25634.2,25634.2,38310
2026-02-05 14:00:50+05:30,25634.35,25635.55,25633.5,25634.15,60932
2026-02-05 14:00:55+05:30,25632.45,25633.6,25631.5,25631.5,34282
2026-02-05 14:01:00+05:30,25633.0,25633.9,25631.65,25633.25,78291
2026-02-05 14:01:05+05:30,25633.9,25633.9,25633.25,25633.75,51224
2026-02-05 14:01:10+05:30,25633.8,25634.7,25631.85,25632.25,81360
2026-02-05 14:01:15+05:30,25632.5,25633.85,25632.4,25633.5,55883
2026-02-05 14:01:20+05:30,25634.25,25634.4,25631.8,25631.8,55307
2026-02-05 14:01:25+05:30,25632.75,25634.75,25632.35,25634.0,102782
2026-02-05 14:01:30+05:30,25635.3,25636.45,25634.2,25635.1,27161
2026-02-05 14:01:35+05:30,25635.3,25638.95,25635.3,25638.35,78363
2026-02-05 14:01:40+05:30,25639.2,25640.05,25638.8,25640.0,45535
2026-02-05 14:01:45+05:30,25640.1,25641.8,25639.8,25639.8,79690
2026-02-05 14:01:50+05:30,25642.0,25642.0,25638.75,25638.75,59423
2026-02-05 14:01:55+05:30,25638.65,25639.4,25638.3,25638.9,33687
2026-02-05 14:02:00+05:30,25639.95,25641.0,25638.85,25640.1,136157
2026-02-05 14:02:05+05:30,25639.75,25640.75,25637.8,25640.75,94629
2026-02-05 14:02:10+05:30,25639.7,25641.7,25638.35,25639.6,47480
2026-02-05 14:02:15+05:30,25639.2,25641.2,25639.2,25641.0,29826
2026-02-05 14:02:20+05:30,25640.7,25640.7,25635.95,25635.95,68974
2026-02-05 14:02:25+05:30,25635.95,25637.8,25635.25,25635.25,119571
2026-02-05 14:02:30+05:30,25635.6,25635.6,25633.15,25633.15,59970
2026-02-05 14:02:35+05:30,25633.4,25633.75,25632.45,25633.25,32845
2026-02-05 14:02:40+05:30,25632.85,25633.6,25630.8,25631.0,135059
2026-02-05 14:02:45+05:30,25631.5,25632.05,25630.7,25631.8,36578
2026-02-05 14:02:50+05:30,25631.85,25631.85,25628.9,25629.6,57871
2026-02-05 14:02:55+05:30,25628.65,25629.9,25627.9,25628.65,31272
2026-02-05 14:03:00+05:30,25628.95,25630.8,25628.6,25629.3,30002
2026-02-05 14:03:05+05:30,25629.5,25630.95,25627.65,25629.95,34917
2026-02-05 14:03:10+05:30,25629.4,25631.35,25628.7,25629.7,21657
2026-02-05 14:03:15+05:30,25629.2,25631.15,25629.2,25631.1,29572
2026-02-05 14:03:20+05:30,25630.9,25630.9,25627.35,25627.35,60155
2026-02-05 14:03:25+05:30,25627.8,25628.5,25626.8,25627.0,35673
2026-02-05 14:03:30+05:30,25628.25,25628.35,25626.1,25626.45,56810
2026-02-05 14:03:35+05:30,25626.0,25627.7,25626.0,25627.7,38099
2026-02-05 14:03:40+05:30,25627.35,25627.85,25625.15,25625.15,45955
2026-02-05 14:03:45+05:30,25625.05,25628.2,25625.05,25627.15,52095
2026-02-05 14:03:50+05:30,25626.7,25627.85,25624.35,25624.45,73803
2026-02-05 14:03:55+05:30,25624.1,25626.75,25623.5,25626.75,43929
2026-02-05 14:04:00+05:30,25628.2,25628.2,25626.75,25626.8,50172
2026-02-05 14:04:05+05:30,25627.3,25628.35,25626.95,25627.45,50035
2026-02-05 14:04:10+05:30,25628.35,25628.35,25623.05,25624.0,105461
2026-02-05 14:04:15+05:30,25623.55,25624.85,25623.15,25623.3,53319
2026-02-05 14:04:20+05:30,25623.55,25624.1,25622.05,25622.05,64691
2026-02-05 14:04:25+05:30,25622.15,25623.35,25622.15,25622.7,44258
2026-02-05 14:04:30+05:30,25622.75,25623.5,25622.35,25622.35,68891
2026-02-05 14:04:35+05:30,25622.5,25624.55,25621.95,25624.55,60328
2026-02-05 14:04:40+05:30,25624.75,25625.5,25624.75,25625.2,59846
2026-02-05 14:04:45+05:30,25625.1,25626.1,25625.1,25625.95,61861
2026-02-05 14:04:50+05:30,25626.25,25626.4,25624.95,25625.1,47965
2026-02-05 14:04:55+05:30,25625.15,25627.25,25625.15,25627.25,178107
2026-02-05 14:05:00+05:30,25627.95,25627.95,25626.65,25627.0,57512
2026-02-05 14:05:05+05:30,25627.15,25627.15,25625.9,25626.3,54253
2026-02-05 14:05:10+05:30,25626.55,25626.55,25621.75,25622.15,151381
2026-02-05 14:05:15+05:30,25621.0,25621.95,25620.2,25620.4,79277
2026-02-05 14:05:20+05:30,25620.7,25621.3,25620.25,25620.4,71387
2026-02-05 14:05:25+05:30,25620.05,25621.9,25620.05,25620.95,117366
2026-02-05 14:05:30+05:30,25621.3,25622.05,25620.85,25621.35,78035
2026-02-05 14:05:35+05:30,25621.0,25622.35,25621.0,25621.45,68903
2026-02-05 14:05:40+05:30,25621.7,25623.05,25620.15,25620.4,53022
2026-02-05 14:05:45+05:30,25620.6,25621.3,25619.75,25619.75,50080
2026-02-05 14:05:50+05:30,25619.9,25620.35,25618.75,25619.95,69685
2026-02-05 14:05:55+05:30,25619.1,25620.0,25619.1,25620.0,84776
2026-02-05 14:06:00+05:30,25619.85,25620.8,25619.45,25619.75,58832
2026-02-05 14:06:05+05:30,25619.3,25619.3,25618.25,25618.25,83337
2026-02-05 14:06:10+05:30,25618.05,25619.5,25617.85,25618.5,58801
2026-02-05 14:06:15+05:30,25618.0,25619.65,25618.0,25618.85,54451
2026-02-05 14:06:20+05:30,25618.4,25619.5,25618.2,25618.35,65129
2026-02-05 14:06:25+05:30,25617.35,25618.95,25617.3,25618.05,83571
2026-02-05 14:06:30+05:30,25617.4,25618.8,25617.4,25617.75,69363
2026-02-05 14:06:35+05:30,25618.4,25618.75,25617.4,25618.3,202146
2026-02-05 14:06:40+05:30,25618.4,25618.8,25617.3,25617.3,50132
2026-02-05 14:06:45+05:30,25616.85,25618.05,25616.7,25617.2,47450
2026-02-05 14:06:50+05:30,25617.35,25617.6,25615.7,25615.7,48742
2026-02-05 14:06:55+05:30,25615.6,25615.6,25613.6,25613.8,73107
2026-02-05 14:07:00+05:30,25613.85,25614.9,25613.85,25614.2,50875
2026-02-05 14:07:05+05:30,25614.45,25614.75,25613.65,25614.4,50303
2026-02-05 14:07:10+05:30,25614.45,25615.85,25614.45,25615.5,66703
2026-02-05 14:07:15+05:30,25615.85,25616.3,25615.3,25615.3,61489
2026-02-05 14:07:20+05:30,25615.6,25615.8,25614.1,25614.1,85319
2026-02-05 14:07:25+05:30,25614.45,25614.6,25613.3,25613.3,137169
2026-02-05 14:07:30+05:30,25613.9,25614.45,25612.5,25612.85,90348
2026-02-05 14:07:35+05:30,25613.4,25614.35,25612.95,25613.7,138387
2026-02-05 14:07:40+05:30,25612.9,25614.2,25612.9,25613.5,104700
2026-02-05 14:07:45+05:30,25613.95,25614.2,25612.4,25612.4,97895
2026-02-05 14:07:50+05:30,25612.85,25612.85,25611.1,25611.1,102589
2026-02-05 14:07:55+05:30,25610.9,25610.95,25607.7,25607.7,114376
2026-02-05 14:08:00+05:30,25607.2,25607.65,25604.5,25604.5,172842
2026-02-05 14:08:05+05:30,25603.95,25603.95,25601.65,25602.05,144481
2026-02-05 14:08:10+05:30,25602.15,25603.45,25602.15,25603.0,108015
2026-02-05 14:08:15+05:30,25603.1,25604.05,25602.65,25602.65,92201
2026-02-05 14:08:20+05:30,25602.35,25602.5,25600.7,25601.25,94098
2026-02-05 14:08:25+05:30,25601.4,25602.15,25600.85,25601.45,90917
2026-02-05 14:08:30+05:30,25601.35,25602.2,25600.65,25601.55,94307
2026-02-05 14:08:35+05:30,25601.25,25602.1,25599.95,25602.1,89920
2026-02-05 14:08:40+05:30,25601.85,25603.25,25601.55,25601.9,82168
2026-02-05 14:08:45+05:30,25601.25,25601.25,25599.8,25600.6,66659
2026-02-05 14:08:50+05:30,25600.25,25600.65,25598.3,25598.8,76025
2026-02-05 14:08:55+05:30,25598.5,25599.1,25598.0,25598.4,54692
2026-02-05 14:09:00+05:30,25599.25,25599.25,25596.4,25596.85,113322
2026-02-05 14:09:05+05:30,25596.8,25597.05,25595.9,25596.25,144355
2026-02-05 14:09:10+05:30,25596.15,25597.7,25595.15,25595.35,89686
2026-02-05 14:09:15+05:30,25595.45,25596.95,25595.45,25595.9,88578
2026-02-05 14:09:20+05:30,25595.8,25596.85,25595.05,25595.6,84296
2026-02-05 14:09:25+05:30,25595.8,25596.3,25595.3,25595.3,92993
2026-02-05 14:09:30+05:30,25595.95,25595.95,25593.7,25594.1,184563
2026-02-05 14:09:35+05:30,25593.7,25594.1,25593.2,25593.85,95243
2026-02-05 14:09:40+05:30,25593.65,25594.65,25592.45,25592.75,66270
2026-02-05 14:09:45+05:30,25592.4,25593.5,25592.2,25593.45,88634
2026-02-05 14:09:50+05:30,25592.9,25593.95,25592.75,25593.05,172991
2026-02-05 14:09:55+05:30,25593.15,25594.4,25593.15,25594.4,106702
2026-02-05 14:10:00+05:30,25594.7,25595.15,25594.05,25594.35,76509
2026-02-05 14:10:05+05:30,25595.35,25597.1,25593.4,25597.1,94606
2026-02-05 14:10:10+05:30,25596.9,25598.5,25596.9,25597.25,49922
2026-02-05 14:10:15+05:30,25596.5,25598.85,25596.45,25596.45,40515
2026-02-05 14:10:20+05:30,25597.9,25598.45,25595.6,25595.6,37957
2026-02-05 14:10:25+05:30,25594.95,25595.55,25594.2,25594.2,55914
2026-02-05 14:10:30+05:30,25595.65,25596.05,25594.7,25595.25,34882
2026-02-05 14:10:35+05:30,25595.3,25597.0,25594.95,25597.0,40221
2026-02-05 14:10:40+05:30,25597.2,25597.75,25596.75,25597.65,36124
2026-02-05 14:10:45+05:30,25596.7,25599.2,25596.7,25598.0,59659
2026-02-05 14:10:50+05:30,25598.45,25598.7,25596.75,25596.85,51044
2026-02-05 14:10:55+05:30,25596.55,25596.95,25595.25,25595.25,58334
2026-02-05 14:11:00+05:30,25595.45,25596.3,25587.4,25587.55,164825
2026-02-05 14:11:05+05:30,25588.8,25590.15,25586.85,25589.0,169772
2026-02-05 14:11:10+05:30,25589.35,25591.05,25584.4,25584.65,101789
2026-02-05 14:11:15+05:30,25584.95,25586.7,25582.5,25582.95,83127
2026-02-05 14:11:20+05:30,25583.8,25584.1,25579.5,25582.35,224986
2026-02-05 14:11:25+05:30,25583.1,25585.85,25583.1,25585.85,117603
2026-02-05 14:11:30+05:30,25585.85,25586.15,25585.3,25586.15,69897
2026-02-05 14:11:35+05:30,25585.7,25587.95,25585.7,25586.45,169285
2026-02-05 14:11:40+05:30,25586.9,25587.85,25586.05,25586.25,142223
2026-02-05 14:11:45+05:30,25585.45,25586.95,25585.45,25585.65,158952
2026-02-05 14:11:50+05:30,25586.25,25587.3,25585.25,25585.25,149037
2026-02-05 14:11:55+05:30,25585.9,25586.55,25584.9,25585.4,68018
2026-02-05 14:12:00+05:30,25585.75,25588.2,25584.4,25586.95,131043
2026-02-05 14:12:05+05:30,25586.05,25587.8,25583.1,25583.35,202427
2026-02-05 14:12:10+05:30,25583.55,25585.5,25583.05,25583.05,45764
2026-02-05 14:12:15+05:30,25583.35,25584.25,25582.7,25584.25,47247
2026-02-05 14:12:20+05:30,25584.8,25584.8,25583.2,25584.5,36528
2026-02-05 14:12:25+05:30,25584.2,25586.6,25584.2,25585.95,137198
2026-02-05 14:12:30+05:30,25586.7,25586.7,25585.1,25585.1,77131
2026-02-05 14:12:35+05:30,25585.15,25587.35,25584.95,25586.7,46400
2026-02-05 14:12:40+05:30,25586.8,25587.35,25585.35,25585.35,28362
2026-02-05 14:12:45+05:30,25585.95,25586.65,25585.15,25586.15,41437
2026-02-05 14:12:50+05:30,25585.95,25586.25,25584.15,25584.3,68278
2026-02-05 14:12:55+05:30,25584.35,25588.95,25583.6,25587.75,68376
2026-02-05 14:13:00+05:30,25587.95,25589.35,25587.35,25587.35,56302
2026-02-05 14:13:05+05:30,25586.95,25588.8,25585.45,25588.8,60453
2026-02-05 14:13:10+05:30,25587.85,25587.85,25585.5,25585.5,38491
2026-02-05 14:13:15+05:30,25584.95,25586.95,25584.95,25586.05,37153
2026-02-05 14:13:20+05:30,25586.4,25586.9,25584.1,25585.45,58301
2026-02-05 14:13:25+05:30,25584.6,25588.6,25584.6,25587.5,76585
2026-02-05 14:13:30+05:30,25588.25,25589.7,25587.0,25587.95,60010
2026-02-05 14:13:35+05:30,25587.3,25591.9,25586.45,25591.9,60634
2026-02-05 14:13:40+05:30,25591.25,25591.6,25589.15,25589.5,77545
2026-02-05 14:13:45+05:30,25590.65,25593.9,25590.65,25592.7,77349
2026-02-05 14:13:50+05:30,25593.75,25594.15,25591.25,25591.25,49898
2026-02-05 14:13:55+05:30,25590.8,25591.45,25588.85,25590.35,65480
2026-02-05 14:14:00+05:30,25590.05,25590.8,25589.35,25589.35,37547
2026-02-05 14:14:05+05:30,25589.8,25592.05,25589.8,25591.7,43726
2026-02-05 14:14:10+05:30,25590.95,25592.55,25590.85,25590.85,31925
2026-02-05 14:14:15+05:30,25590.65,25592.1,25590.65,25591.2,49639
2026-02-05 14:14:20+05:30,25592.0,25592.05,25590.75,25591.4,41482
2026-02-05 14:14:25+05:30,25591.45,25592.85,25591.4,25592.0,81372
2026-02-05 14:14:30+05:30,25592.8,25596.35,25592.8,25596.35,73820
2026-02-05 14:14:35+05:30,25596.05,25597.95,25595.35,25597.05,56679
2026-02-05 14:14:40+05:30,25597.8,25598.45,25596.9,25596.9,99761
2026-02-05 14:14:45+05:30,25596.45,25597.25,25596.15,25596.5,46736
2026-02-05 14:14:50+05:30,25597.2,25597.2,25595.75,25596.15,64300
2026-02-05 14:14:55+05:30,25596.35,25597.2,25596.35,25596.95,41170
2026-02-05 14:15:00+05:30,25597.45,25597.45,25595.9,25596.3,100271
2026-02-05 14:15:05+05:30,25596.5,25597.2,25596.35,25597.05,48385
2026-02-05 14:15:10+05:30,25596.75,25598.35,25596.65,25597.95,53042
2026-02-05 14:15:15+05:30,25597.9,25599.4,25597.9,25598.55,67653
2026-02-05 14:15:20+05:30,25598.65,25598.75,25597.75,25597.85,53143
2026-02-05 14:15:25+05:30,25597.75,25598.2,25597.2,25597.95,91634
2026-02-05 14:15:30+05:30,25597.85,25599.15,25597.6,25597.6,68561
2026-02-05 14:15:35+05:30,25597.3,25597.75,25597.05,25597.05,37624
2026-02-05 14:15:40+05:30,25596.3,25597.6,25595.35,25596.15,65258
2026-02-05 14:15:45+05:30,25596.0,25596.75,25595.65,25596.75,39957
2026-02-05 14:15:50+05:30,25596.2,25596.6,25593.75,25594.0,144480
2026-02-05 14:15:55+05:30,25595.05,25597.05,25595.05,25597.05,70910
2026-02-05 14:16:00+05:30,25597.65,25597.7,25595.45,25596.45,72860
2026-02-05 14:16:05+05:30,25597.05,25598.2,25596.7,25598.2,60596
2026-02-05 14:16:10+05:30,25598.75,25599.7,25597.85,25597.95,114021
2026-02-05 14:16:15+05:30,25598.0,25599.05,25596.35,25597.35,519640
2026-02-05 14:16:20+05:30,25597.3,25598.1,25596.2,25596.3,52178
2026-02-05 14:16:25+05:30,25595.95,25596.9,25595.9,25595.9,66573
2026-02-05 14:16:30+05:30,25596.2,25596.2,25593.55,25593.75,73991
2026-02-05 14:16:35+05:30,25593.95,25594.2,25593.0,25594.05,37730
2026-02-05 14:16:40+05:30,25593.15,25594.9,25592.75,25592.85,53061
2026-02-05 14:16:45+05:30,25592.55,25593.6,25592.5,25593.6,54315
2026-02-05 14:16:50+05:30,25593.5,25593.55,25592.0,25592.0,66192
2026-02-05 14:16:55+05:30,25592.15,25593.55,25592.15,25593.2,182432
2026-02-05 14:17:00+05:30,25593.25,25594.2,25593.25,25593.3,61906
2026-02-05 14:17:05+05:30,25593.25,25593.6,25592.75,25593.5,59500
2026-02-05 14:17:10+05:30,25593.55,25594.4,25592.0,25592.0,43800
2026-02-05 14:17:15+05:30,25591.8,25594.05,25591.8,25593.65,53641
2026-02-05 14:17:20+05:30,25594.15,25594.5,25593.15,25593.15,43179
2026-02-05 14:17:25+05:30,25593.4,25594.5,25593.4,25593.6,49891
2026-02-05 14:17:30+05:30,25594.05,25594.9,25591.2,25591.2,64054
2026-02-05 14:17:35+05:30,25591.75,25592.5,25590.7,25592.5,47841
2026-02-05 14:17:40+05:30,25591.75,25593.05,25591.15,25591.6,66134
2026-02-05 14:17:45+05:30,25589.9,25592.95,25589.9,25591.95,56899
2026-02-05 14:17:50+05:30,25592.7,25593.1,25591.25,25592.3,50041
2026-02-05 14:17:55+05:30,25591.85,25595.55,25591.85,25594.35,74871
2026-02-05 14:18:00+05:30,25594.85,25595.8,25594.5,25594.7,56052
2026-02-05 14:18:05+05:30,25594.4,25594.4,25593.2,25594.15,35385
2026-02-05 14:18:10+05:30,25593.4,25595.2,25592.75,25593.8,51464
2026-02-05 14:18:15+05:30,25592.8,25595.0,25592.8,25594.9,59935
2026-02-05 14:18:20+05:30,25595.45,25596.15,25595.1,25595.4,101618
2026-02-05 14:18:25+05:30,25596.1,25599.25,25595.9,25598.85,92529
2026-02-05 14:18:30+05:30,25598.6,25600.2,25598.6,25598.8,65287
2026-02-05 14:18:35+05:30,25599.55,25599.9,25598.05,25599.1,128516
2026-02-05 14:18:40+05:30,25599.5,25599.7,25597.95,25598.05,197184
2026-02-05 14:18:45+05:30,25598.0,25598.85,25596.65,25596.85,185394
2026-02-05 14:18:50+05:30,25597.1,25597.7,25596.1,25596.1,50816
2026-02-05 14:18:55+05:30,25596.4,25597.25,25595.85,25596.95,54425
2026-02-05 14:19:00+05:30,25597.35,25597.45,25595.85,25595.85,42558
2026-02-05 14:19:05+05:30,25596.3,25597.7,25595.25,25597.7,60146
2026-02-05 14:19:10+05:30,25596.85,25598.2,25595.5,25596.15,119774
2026-02-05 14:19:15+05:30,25597.25,25599.65,25597.0,25599.65,58659
2026-02-05 14:19:20+05:30,25599.95,25601.35,25599.1,25601.0,57163
2026-02-05 14:19:25+05:30,25600.7,25600.7,25599.2,25599.75,39829
2026-02-05 14:19:30+05:30,25601.5,25601.5,25598.95,25599.7,42063
2026-02-05 14:19:35+05:30,25600.0,25600.45,25598.15,25598.45,135993
2026-02-05 14:19:40+05:30,25598.9,25600.2,25598.55,25599.1,39404
2026-02-05 14:19:45+05:30,25598.55,25598.7,25598.05,25598.35,77166
2026-02-05 14:19:50+05:30,25598.9,25599.2,25596.45,25596.5,59254
2026-02-05 14:19:55+05:30,25596.45,25597.5,25595.9,25597.4,55323
2026-02-05 14:20:00+05:30,25597.85,25599.2,25597.85,25599.2,43826
2026-02-05 14:20:05+05:30,25599.7,25599.7,25598.45,25599.3,72490
2026-02-05 14:20:10+05:30,25599.55,25600.6,25598.55,25598.65,67018
2026-02-05 14:20:15+05:30,25598.8,25599.95,25597.9,25599.95,62803
2026-02-05 14:20:20+05:30,25598.35,25599.85,25597.3,25597.8,54458
2026-02-05 14:20:25+05:30,25597.8,25600.65,25597.8,25599.75,58071
2026-02-05 14:20:30+05:30,25599.1,25601.55,25599.1,25600.6,38584
2026-02-05 14:20:35+05:30,25600.15,25600.8,25599.15,25600.35,75499
2026-02-05 14:20:40+05:30,25601.25,25602.05,25599.9,25600.95,60258
2026-02-05 14:20:45+05:30,25602.1,25602.25,25601.1,25601.6,63310
2026-02-05 14:20:50+05:30,25601.55,25602.6,25600.25,25600.25,51219
2026-02-05 14:20:55+05:30,25601.0,25601.0,25599.95,25600.3,43439
2026-02-05 14:21:00+05:30,25601.0,25602.05,25599.85,25600.3,91942
2026-02-05 14:21:05+05:30,25600.25,25601.15,25600.2,25601.15,86740
2026-02-05 14:21:10+05:30,25602.45,25602.45,25601.2,25601.35,54535
2026-02-05 14:21:15+05:30,25602.65,25604.5,25602.65,25604.15,50384
2026-02-05 14:21:20+05:30,25604.3,25604.85,25602.5,25602.5,74863
2026-02-05 14:21:25+05:30,25602.3,25602.75,25602.0,25602.4,53078
2026-02-05 14:21:30+05:30,25603.05,25603.8,25602.35,25603.8,40908
2026-02-05 14:21:35+05:30,25602.85,25604.15,25602.6,25603.8,64053
2026-02-05 14:21:40+05:30,25604.35,25605.35,25603.2,25603.2,93457
2026-02-05 14:21:45+05:30,25603.0,25603.8,25602.5,25603.3,66328
2026-02-05 14:21:50+05:30,25603.05,25603.6,25600.85,25600.85,68066
2026-02-05 14:21:55+05:30,25600.1,25601.5,25600.1,25601.05,71962
2026-02-05 14:22:00+05:30,25601.4,25601.65,25600.65,25600.65,53404
2026-02-05 14:22:05+05:30,25601.95,25602.05,25600.1,25601.15,54243
2026-02-05 14:22:10+05:30,25600.85,25601.25,25598.85,25598.85,51529
2026-02-05 14:22:15+05:30,25599.0,25599.95,25598.55,25598.9,79209
2026-02-05 14:22:20+05:30,25599.15,25599.3,25597.85,25597.85,52101
2026-02-05 14:22:25+05:30,25597.7,25598.35,25596.65,25597.05,68239
2026-02-05 14:22:30+05:30,25597.0,25598.1,25596.75,25596.75,42136
2026-02-05 14:22:35+05:30,25598.3,25598.3,25595.9,25597.0,67839
2026-02-05 14:22:40+05:30,25596.6,25598.1,25596.1,25596.1,45388
2026-02-05 14:22:45+05:30,25596.5,25598.1,25596.5,25597.8,64910
2026-02-05 14:22:50+05:30,25598.0,25598.6,25598.0,25598.3,73459
2026-02-05 14:22:55+05:30,25598.05,25600.1,25598.05,25599.35,51196
2026-02-05 14:23:00+05:30,25599.25,25600.9,25598.75,25598.85,65540
2026-02-05 14:23:05+05:30,25599.8,25599.9,25597.6,25598.5,62827
2026-02-05 14:23:10+05:30,25597.85,25598.7,25597.55,25597.55,44565
2026-02-05 14:23:15+05:30,25598.05,25599.05,25597.6,25598.6,82503
2026-02-05 14:23:20+05:30,25599.0,25600.15,25598.9,25599.75,55053
2026-02-05 14:23:25+05:30,25599.65,25600.65,25599.65,25600.3,74504
2026-02-05 14:23:30+05:30,25600.3,25601.1,25597.95,25599.2,57405
2026-02-05 14:23:35+05:30,25598.7,25599.15,25597.65,25598.95,50269
2026-02-05 14:23:40+05:30,25598.65,25600.65,25598.65,25599.6,62948
2026-02-05 14:23:45+05:30,25598.4,25600.55,25598.4,25599.85,60854
2026-02-05 14:23:50+05:30,25601.0,25601.25,25598.6,25599.35,95198
2026-02-05 14:23:55+05:30,25599.0,25600.65,25599.0,25600.35,54595
2026-02-05 14:24:00+05:30,25600.4,25601.65,25599.5,25599.5,71395
2026-02-05 14:24:05+05:30,25600.35,25600.35,25598.9,25599.7,46145
2026-02-05 14:24:10+05:30,25598.65,25600.2,25597.45,25597.7,57672
2026-02-05 14:24:15+05:30,25597.85,25598.95,25597.85,25598.25,39663
2026-02-05 14:24:20+05:30,25599.2,25599.95,25597.8,25597.8,49838
2026-02-05 14:24:25+05:30,25597.85,25598.75,25597.85,25598.0,41540
2026-02-05 14:24:30+05:30,25598.2,25599.2,25597.5,25597.5,35700
2026-02-05 14:24:35+05:30,25599.65,25599.7,25598.55,25599.05,67117
2026-02-05 14:24:40+05:30,25599.75,25599.75,25598.4,25598.75,44669
2026-02-05 14:24:45+05:30,25597.75,25598.65,25597.7,25598.0,46172
2026-02-05 14:24:50+05:30,25598.2,25598.55,25597.6,25597.9,39077
2026-02-05 14:24:55+05:30,25598.0,25598.95,25598.0,25598.95,39664
2026-02-05 14:25:00+05:30,25598.9,25599.35,25598.35,25598.4,52199
2026-02-05 14:25:05+05:30,25598.7,25599.8,25598.4,25599.4,84494
2026-02-05 14:25:10+05:30,25599.7,25600.5,25596.75,25597.05,56018
2026-02-05 14:25:15+05:30,25597.35,25598.2,25596.75,25598.2,55465
2026-02-05 14:25:20+05:30,25597.7,25597.8,25595.3,25595.3,113059
2026-02-05 14:25:25+05:30,25594.85,25595.5,25594.55,25595.5,55021
2026-02-05 14:25:30+05:30,25596.25,25597.7,25595.8,25595.8,31908
2026-02-05 14:25:35+05:30,25596.35,25596.35,25595.35,25595.55,45980
2026-02-05 14:25:40+05:30,25595.65,25596.4,25594.9,25594.95,41899
2026-02-05 14:25:45+05:30,25594.8,25596.8,25594.8,25596.8,38454
2026-02-05 14:25:50+05:30,25596.3,25596.3,25594.95,25595.35,127404
2026-02-05 14:25:55+05:30,25595.25,25597.2,25595.25,25597.2,50302
2026-02-05 14:26:00+05:30,25596.95,25598.05,25596.45,25597.05,54501
2026-02-05 14:26:05+05:30,25597.1,25599.45,25597.1,25599.45,59289
2026-02-05 14:26:10+05:30,25598.6,25600.25,25598.6,25599.1,42269
2026-02-05 14:26:15+05:30,25599.2,25601.45,25599.2,25601.45,67325
2026-02-05 14:26:20+05:30,25601.25,25602.0,25600.4,25600.4,165984
2026-02-05 14:26:25+05:30,25599.85,25602.25,25599.85,25602.15,62666
2026-02-05 14:26:30+05:30,25602.05,25603.45,25601.4,25601.4,48316
2026-02-05 14:26:35+05:30,25601.5,25602.7,25601.5,25602.7,44376
2026-02-05 14:26:40+05:30,25602.6,25603.9,25602.6,25603.9,56230
2026-02-05 14:26:45+05:30,25604.05,25606.45,25604.05,25606.45,239513
2026-02-05 14:26:50+05:30,25606.7,25607.4,25605.7,25605.7,35658
2026-02-05 14:26:55+05:30,25605.2,25606.9,25604.95,25606.3,68997
2026-02-05 14:27:00+05:30,25607.25,25609.5,25607.25,25608.75,113802
2026-02-05 14:27:05+05:30,25608.7,25609.9,25607.55,25608.1,57903
2026-02-05 14:27:10+05:30,25608.4,25610.5,25608.25,25608.55,41125
2026-02-05 14:27:15+05:30,25608.05,25609.75,25608.05,25608.55,42113
2026-02-05 14:27:20+05:30,25609.7,25611.15,25609.2,25610.3,78819
2026-02-05 14:27:25+05:30,25610.4,25611.6,25609.45,25611.6,42713
2026-02-05 14:27:30+05:30,25611.15,25612.4,25610.2,25610.2,29164
2026-02-05 14:27:35+05:30,25610.9,25611.7,25610.05,25611.0,46133
2026-02-05 14:27:40+05:30,25611.35,25613.3,25611.35,25611.75,61497
2026-02-05 14:27:45+05:30,25611.45,25612.25,25611.35,25611.9,51229
2026-02-05 14:27:50+05:30,25612.35,25612.45,25610.35,25610.7,44977
2026-02-05 14:27:55+05:30,25610.4,25612.1,25610.4,25611.55,74640
2026-02-05 14:28:00+05:30,25612.1,25613.25,25611.95,25612.7,45267
2026-02-05 14:28:05+05:30,25613.0,25613.35,25611.55,25612.2,48479
2026-02-05 14:28:10+05:30,25611.85,25613.9,25611.85,25612.2,36301
2026-02-05 14:28:15+05:30,25612.0,25613.25,25611.7,25613.25,35305
2026-02-05 14:28:20+05:30,25612.8,25612.8,25610.55,25610.55,71421
2026-02-05 14:28:25+05:30,25610.8,25611.25,25609.5,25609.5,38915
2026-02-05 14:28:30+05:30,25609.45,25609.8,25607.3,25607.65,40376
2026-02-05 14:28:35+05:30,25607.6,25607.8,25607.25,25607.25,32559
2026-02-05 14:28:40+05:30,25607.7,25609.3,25607.7,25608.7,42872
2026-02-05 14:28:45+05:30,25609.35,25610.7,25609.0,25609.15,64932
2026-02-05 14:28:50+05:30,25609.85,25610.8,25608.0,25608.1,61067
2026-02-05 14:28:55+05:30,25607.85,25609.7,25607.85,25609.6,67216
2026-02-05 14:29:00+05:30,25610.3,25611.8,25608.55,25611.5,77546
2026-02-05 14:29:05+05:30,25611.65,25612.2,25610.6,25612.1,98795
2026-02-05 14:29:10+05:30,25613.4,25614.35,25612.65,25612.65,53485
2026-02-05 14:29:15+05:30,25612.6,25615.0,25612.6,25613.5,80214
2026-02-05 14:29:20+05:30,25615.45,25615.45,25612.95,25613.25,64608
2026-02-05 14:29:25+05:30,25612.75,25613.75,25612.35,25613.75,55999
2026-02-05 14:29:30+05:30,25613.9,25615.75,25613.2,25615.75,95584
2026-02-05 14:29:35+05:30,25614.8,25617.05,25614.7,25616.65,73667
2026-02-05 14:29:40+05:30,25615.1,25616.95,25615.1,25616.45,109803
2026-02-05 14:29:45+05:30,25616.25,25617.65,25613.75,25613.85,81941
2026-02-05 14:29:50+05:30,25613.9,25614.35,25612.25,25612.3,49033
2026-02-05 14:29:55+05:30,25611.8,25612.6,25611.45,25611.9,40439
2026-02-05 14:30:00+05:30,25611.8,25612.55,25609.05,25610.05,43250
2026-02-05 14:30:05+05:30,25609.2,25609.85,25608.0,25609.75,50412
2026-02-05 14:30:10+05:30,25609.3,25610.45,25608.45,25609.65,45440
2026-02-05 14:30:15+05:30,25609.8,25612.15,25609.8,25610.95,52193
2026-02-05 14:30:20+05:30,25610.75,25611.5,25609.3,25609.3,52515
2026-02-05 14:30:25+05:30,25609.4,25611.15,25609.0,25609.15,50150
2026-02-05 14:30:30+05:30,25610.05,25610.05,25607.2,25607.2,38574
2026-02-05 14:30:35+05:30,25607.65,25607.8,25606.35,25606.6,30071
2026-02-05 14:30:40+05:30,25606.9,25607.8,25606.35,25607.0,37843
2026-02-05 14:30:45+05:30,25607.15,25607.95,25607.05,25607.55,42178
2026-02-05 14:30:50+05:30,25608.25,25608.8,25607.2,25607.5,54847
2026-02-05 14:30:55+05:30,25607.3,25607.85,25607.3,25607.65,46259
2026-02-05 14:31:00+05:30,25608.05,25609.45,25608.05,25608.7,35705
2026-02-05 14:31:05+05:30,25609.05,25609.05,25608.1,25608.3,50998
2026-02-05 14:31:10+05:30,25609.0,25610.25,25608.45,25609.0,59704
2026-02-05 14:31:15+05:30,25608.35,25609.95,25608.35,25609.85,79813
2026-02-05 14:31:20+05:30,25610.0,25611.45,25609.6,25610.35,73202
2026-02-05 14:31:25+05:30,25611.0,25611.8,25608.95,25610.0,52711
2026-02-05 14:31:30+05:30,25610.7,25611.75,25609.65,25609.9,42371
2026-02-05 14:31:35+05:30,25610.25,25610.3,25609.25,25609.85,53189
2026-02-05 14:31:40+05:30,25609.9,25610.95,25609.65,25609.7,43361
2026-02-05 14:31:45+05:30,25609.55,25611.85,25609.55,25611.85,56305
2026-02-05 14:31:50+05:30,25612.55,25612.95,25611.2,25611.4,56777
2026-02-05 14:31:55+05:30,25611.0,25612.05,25610.55,25611.5,34424
2026-02-05 14:32:00+05:30,25611.65,25612.8,25611.2,25611.85,43382
2026-02-05 14:32:05+05:30,25612.85,25613.1,25611.9,25613.05,36598
2026-02-05 14:32:10+05:30,25612.65,25614.0,25612.05,25612.25,41443
2026-02-05 14:32:15+05:30,25612.95,25612.95,25611.15,25611.15,71892
2026-02-05 14:32:20+05:30,25611.55,25611.65,25610.45,25610.45,30755
2026-02-05 14:32:25+05:30,25610.7,25611.65,25610.7,25611.25,42674
2026-02-05 14:32:30+05:30,25611.45,25613.35,25611.3,25613.35,43371
2026-02-05 14:32:35+05:30,25614.0,25617.25,25614.0,25617.25,57012
2026-02-05 14:32:40+05:30,25617.45,25620.6,25617.45,25619.0,102663
2026-02-05 14:32:45+05:30,25619.85,25620.6,25619.1,25619.1,65806
2026-02-05 14:32:50+05:30,25619.95,25621.2,25619.65,25620.05,52820
2026-02-05 14:32:55+05:30,25620.35,25622.45,25620.35,25621.5,144194
2026-02-05 14:33:00+05:30,25621.65,25622.9,25620.15,25620.15,33280
2026-02-05 14:33:05+05:30,25621.15,25621.4,25620.15,25620.85,89893
2026-02-05 14:33:10+05:30,25620.5,25622.3,25619.9,25619.9,68424
2026-02-05 14:33:15+05:30,25620.85,25620.85,25619.45,25620.2,35555
2026-02-05 14:33:20+05:30,25620.55,25620.7,25619.25,25619.25,40748
2026-02-05 14:33:25+05:30,25618.5,25619.45,25618.5,25619.45,42969
2026-02-05 14:33:30+05:30,25619.05,25619.2,25615.3,25615.3,112174
2026-02-05 14:33:35+05:30,25615.45,25615.65,25613.4,25613.4,225363
2026-02-05 14:33:40+05:30,25613.5,25615.7,25613.5,25614.75,46483
2026-02-05 14:33:45+05:30,25614.4,25620.55,25614.35,25620.55,89973
2026-02-05 14:33:50+05:30,25620.9,25621.35,25618.2,25618.2,78483
2026-02-05 14:33:55+05:30,25617.95,25619.45,25617.75,25619.45,112997
2026-02-05 14:34:00+05:30,25619.25,25621.55,25619.25,25621.15,45574
2026-02-05 14:34:05+05:30,25621.65,25622.45,25621.5,25622.45,54997
2026-02-05 14:34:10+05:30,25622.7,25623.5,25621.85,25621.95,70140
2026-02-05 14:34:15+05:30,25622.0,25623.95,25622.0,25623.5,106258
2026-02-05 14:34:20+05:30,25623.8,25624.8,25623.55,25624.25,59877
2026-02-05 14:34:25+05:30,25625.1,25625.1,25624.15,25625.0,56445
2026-02-05 14:34:30+05:30,25624.9,25625.7,25622.65,25622.7,78299
2026-02-05 14:34:35+05:30,25623.05,25624.6,25622.3,25624.6,70742
2026-02-05 14:34:40+05:30,25624.7,25625.65,25624.7,25625.65,44608
2026-02-05 14:34:45+05:30,25625.8,25626.85,25625.8,25626.75,75757
2026-02-05 14:34:50+05:30,25626.95,25627.25,25625.45,25625.45,58699
2026-02-05 14:34:55+05:30,25625.85,25627.35,25625.85,25626.4,60853
2026-02-05 14:35:00+05:30,25626.7,25627.9,25626.7,25627.7,107448
2026-02-05 14:35:05+05:30,25627.95,25631.6,25627.95,25631.6,114150
2026-02-05 14:35:10+05:30,25631.9,25632.55,25631.3,25631.85,423345
2026-02-05 14:35:15+05:30,25631.4,25632.7,25630.3,25630.3,123107
2026-02-05 14:35:20+05:30,25631.25,25631.65,25629.15,25629.5,106205
2026-02-05 14:35:25+05:30,25629.4,25630.55,25629.4,25630.4,94745
2026-02-05 14:35:30+05:30,25630.4,25631.0,25628.9,25631.0,121815
2026-02-05 14:35:35+05:30,25630.75,25631.7,25629.05,25631.05,119602
2026-02-05 14:35:40+05:30,25630.75,25631.65,25630.6,25630.7,103962
2026-02-05 14:35:45+05:30,25630.35,25631.05,25628.85,25629.4,166027
2026-02-05 14:35:50+05:30,25629.2,25629.6,25627.85,25627.85,105128
2026-02-05 14:35:55+05:30,25628.1,25629.15,25627.15,25628.1,78220
2026-02-05 14:36:00+05:30,25628.05,25628.75,25627.05,25628.55,111033
2026-02-05 14:36:05+05:30,25629.1,25629.35,25628.75,25628.85,103861
2026-02-05 14:36:10+05:30,25628.4,25629.65,25628.4,25629.65,80318
2026-02-05 14:36:15+05:30,25629.45,25631.25,25629.45,25630.8,92013
2026-02-05 14:36:20+05:30,25631.25,25632.35,25631.25,25632.35,84179
2026-02-05 14:36:25+05:30,25632.5,25633.15,25631.3,25631.9,89314
2026-02-05 14:36:30+05:30,25631.55,25632.75,25631.3,25631.5,124870
2026-02-05 14:36:35+05:30,25631.8,25632.35,25630.75,25630.85,114092
2026-02-05 14:36:40+05:30,25630.6,25631.55,25629.8,25630.45,86792
2026-02-05 14:36:45+05:30,25630.2,25632.45,25630.2,25632.3,83715
2026-02-05 14:36:50+05:30,25632.9,25633.0,25632.0,25632.7,62919
2026-02-05 14:36:55+05:30,25632.25,25632.8,25632.15,25632.55,105705
2026-02-05 14:37:00+05:30,25632.35,25632.85,25631.05,25631.95,93269
2026-02-05 14:37:05+05:30,25632.6,25632.6,25631.75,25631.9,106782
2026-02-05 14:37:10+05:30,25632.1,25632.9,25631.25,25631.5,130822
2026-02-05 14:37:15+05:30,25631.6,25632.2,25630.5,25631.2,116311
2026-02-05 14:37:20+05:30,25631.4,25631.6,25630.75,25630.75,148240
2026-02-05 14:37:25+05:30,25630.5,25631.25,25630.1,25631.25,83677
2026-02-05 14:37:30+05:30,25631.15,25631.95,25630.7,25630.7,74825
2026-02-05 14:37:35+05:30,25630.9,25632.95,25630.9,25632.35,163459
2026-02-05 14:37:40+05:30,25632.75,25633.85,25632.7,25633.6,62357
2026-02-05 14:37:45+05:30,25633.55,25635.1,25633.1,25634.75,317349
2026-02-05 14:37:50+05:30,25634.85,25635.0,25633.15,25633.25,127708
2026-02-05 14:37:55+05:30,25632.35,25633.25,25631.95,25632.5,82903
2026-02-05 14:38:00+05:30,25633.25,25633.75,25633.05,25633.3,101705
2026-02-05 14:38:05+05:30,25633.6,25634.25,25632.7,25632.95,67279
2026-02-05 14:38:10+05:30,25633.3,25634.75,25633.3,25634.75,51556
2026-02-05 14:38:15+05:30,25634.55,25635.15,25634.1,25634.8,71218
2026-02-05 14:38:20+05:30,25634.6,25635.3,25634.55,25634.7,103425
2026-02-05 14:38:25+05:30,25634.65,25636.95,25634.65,25636.95,99456
2026-02-05 14:38:30+05:30,25637.15,25637.75,25636.95,25637.5,70336
2026-02-05 14:38:35+05:30,25638.05,25638.55,25637.8,25638.45,102254
2026-02-05 14:38:40+05:30,25638.35,25639.3,25638.1,25638.7,59144
2026-02-05 14:38:45+05:30,25638.9,25640.35,25638.9,25639.05,128125
2026-02-05 14:38:50+05:30,25639.45,25639.55,25638.1,25638.1,106458
2026-02-05 14:38:55+05:30,25638.4,25638.65,25637.85,25637.95,118905
2026-02-05 14:39:00+05:30,25638.15,25638.75,25637.65,25638.1,153567
2026-02-05 14:39:05+05:30,25637.8,25639.25,25637.8,25639.25,173053
2026-02-05 14:39:10+05:30,25638.75,25639.8,25637.9,25637.9,99059
2026-02-05 14:39:15+05:30,25638.0,25638.65,25637.25,25638.15,92276
2026-02-05 14:39:20+05:30,25638.35,25638.75,25637.55,25638.55,62167
2026-02-05 14:39:25+05:30,25638.4,25639.25,25638.4,25639.25,62460
2026-02-05 14:39:30+05:30,25639.35,25639.6,25638.6,25639.3,58357
2026-02-05 14:39:35+05:30,25639.5,25640.15,25638.4,25638.95,137080
2026-02-05 14:39:40+05:30,25639.3,25639.85,25638.35,25638.35,86602
2026-02-05 14:39:45+05:30,25637.7,25638.5,25636.55,25636.55,99987
2026-02-05 14:39:50+05:30,25635.6,25635.6,25631.55,25631.55,76557
2026-02-05 14:39:55+05:30,25632.25,25632.75,25630.95,25631.1,57848
2026-02-05 14:40:00+05:30,25631.85,25633.1,25631.85,25632.25,67487
2026-02-05 14:40:05+05:30,25632.85,25633.6,25630.75,25631.6,75173
2026-02-05 14:40:10+05:30,25632.05,25633.95,25631.3,25631.3,56550
2026-02-05 14:40:15+05:30,25630.95,25632.1,25628.9,25630.75,90268
2026-02-05 14:40:20+05:30,25631.6,25632.4,25629.5,25629.5,73347
2026-02-05 14:40:25+05:30,25629.4,25630.5,25629.15,25630.25,47104
2026-02-05 14:40:30+05:30,25630.1,25631.1,25628.35,25628.35,59632
2026-02-05 14:40:35+05:30,25628.65,25629.2,25628.05,25628.4,86450
2026-02-05 14:40:40+05:30,25628.25,25629.7,25628.0,25628.15,44215
2026-02-05 14:40:45+05:30,25628.05,25629.05,25625.2,25625.55,49009
2026-02-05 14:40:50+05:30,25626.55,25626.85,25623.55,25624.15,73750
2026-02-05 14:40:55+05:30,25623.95,25624.2,25622.6,25623.25,68012
2026-02-05 14:41:00+05:30,25622.7,25623.75,25622.7,25623.3,67669
2026-02-05 14:41:05+05:30,25623.4,25623.4,25621.85,25622.1,72299
2026-02-05 14:41:10+05:30,25622.05,25625.0,25622.05,25623.9,56186
2026-02-05 14:41:15+05:30,25623.85,25625.7,25622.65,25624.8,51629
2026-02-05 14:41:20+05:30,25624.7,25626.4,25624.7,25626.4,70003
2026-02-05 14:41:25+05:30,25627.4,25627.4,25625.5,25626.2,32058
2026-02-05 14:41:30+05:30,25626.95,25627.1,25625.85,25626.05,59881
2026-02-05 14:41:35+05:30,25625.85,25626.9,25625.85,25625.9,81241
2026-02-05 14:41:40+05:30,25625.9,25626.45,25624.0,25624.0,47362
2026-02-05 14:41:45+05:30,25624.65,25624.8,25620.85,25622.85,94170
2026-02-05 14:41:50+05:30,25623.65,25624.8,25622.95,25623.2,54851
2026-02-05 14:41:55+05:30,25623.75,25625.0,25623.75,25624.65,43868
2026-02-05 14:42:00+05:30,25624.7,25625.65,25624.1,25624.35,59483
2026-02-05 14:42:05+05:30,25625.55,25627.35,25624.85,25627.35,78941
2026-02-05 14:42:10+05:30,25627.1,25630.6,25627.1,25630.2,85048
2026-02-05 14:42:15+05:30,25630.6,25632.8,25630.25,25632.3,67217
2026-02-05 14:42:20+05:30,25632.55,25634.2,25631.55,25631.85,68582
2026-02-05 14:42:25+05:30,25631.3,25632.7,25631.3,25631.8,53930
2026-02-05 14:42:30+05:30,25631.9,25633.2,25631.7,25631.7,51619
2026-02-05 14:42:35+05:30,25632.6,25633.5,25632.6,25633.15,40301
2026-02-05 14:42:40+05:30,25633.65,25633.65,25631.5,25631.5,49016
2026-02-05 14:42:45+05:30,25631.85,25632.65,25629.5,25632.05,44022
2026-02-05 14:42:50+05:30,25632.95,25632.95,25631.25,25631.45,45339
2026-02-05 14:42:55+05:30,25631.65,25631.65,25631.0,25631.25,35167
2026-02-05 14:43:00+05:30,25631.55,25633.6,25631.55,25633.45,100989
2026-02-05 14:43:05+05:30,25633.7,25634.2,25632.25,25632.7,74906
2026-02-05 14:43:10+05:30,25632.35,25633.9,25630.4,25630.4,48434
2026-02-05 14:43:15+05:30,25630.85,25632.1,25629.65,25630.45,43860
2026-02-05 14:43:20+05:30,25631.15,25631.8,25630.05,25630.45,41909
2026-02-05 14:43:25+05:30,25629.75,25631.25,25629.75,25631.25,33158
2026-02-05 14:43:30+05:30,25630.9,25631.45,25629.85,25630.9,23265
2026-02-05 14:43:35+05:30,25630.25,25631.1,25629.45,25630.2,53649
2026-02-05 14:43:40+05:30,25630.35,25631.5,25629.6,25629.75,37169
2026-02-05 14:43:45+05:30,25629.65,25630.5,25627.85,25629.55,57714
2026-02-05 14:43:50+05:30,25630.3,25630.3,25623.85,25625.15,112941
2026-02-05 14:43:55+05:30,25624.55,25625.65,25624.55,25624.95,36651
2026-02-05 14:44:00+05:30,25625.55,25627.55,25625.55,25626.8,35642
2026-02-05 14:44:05+05:30,25626.3,25627.7,25620.55,25623.3,106783
2026-02-05 14:44:10+05:30,25623.45,25626.1,25623.1,25624.6,48502
2026-02-05 14:44:15+05:30,25625.0,25626.25,25622.9,25622.95,62948
2026-02-05 14:44:20+05:30,25622.9,25624.6,25622.7,25623.8,71104
2026-02-05 14:44:25+05:30,25623.7,25624.95,25623.7,25624.55,52769
2026-02-05 14:44:30+05:30,25623.7,25625.5,25623.7,25623.95,36110
2026-02-05 14:44:35+05:30,25624.5,25625.3,25623.5,25625.3,147010
2026-02-05 14:44:40+05:30,25624.85,25626.1,25624.05,25624.05,49364
2026-02-05 14:44:45+05:30,25624.0,25624.5,25621.65,25623.7,57358
2026-02-05 14:44:50+05:30,25624.05,25624.35,25622.75,25622.9,75634
2026-02-05 14:44:55+05:30,25623.05,25624.05,25622.95,25624.05,46685
2026-02-05 14:45:00+05:30,25624.25,25624.75,25623.6,25623.6,34288
2026-02-05 14:45:05+05:30,25623.35,25623.35,25620.25,25620.25,187439
2026-02-05 14:45:10+05:30,25620.35,25622.45,25620.35,25622.15,118125
2026-02-05 14:45:15+05:30,25623.3,25624.95,25623.3,25624.45,94443
2026-02-05 14:45:20+05:30,25625.45,25626.9,25625.15,25625.15,99533
2026-02-05 14:45:25+05:30,25624.6,25625.0,25623.45,25623.45,61505
2026-02-05 14:45:30+05:30,25623.85,25624.75,25622.55,25622.55,73199
2026-02-05 14:45:35+05:30,25623.15,25623.15,25621.55,25622.7,258760
2026-02-05 14:45:40+05:30,25622.75,25624.35,25621.75,25621.75,77870
2026-02-05 14:45:45+05:30,25622.3,25623.45,25621.8,25623.1,85150
2026-02-05 14:45:50+05:30,25619.05,25622.95,25619.05,25621.05,117621
2026-02-05 14:45:55+05:30,25621.15,25621.65,25619.7,25621.2,40829
2026-02-05 14:46:00+05:30,25621.15,25622.0,25619.15,25619.15,51961
2026-02-05 14:46:05+05:30,25619.9,25620.0,25618.7,25620.0,84299
2026-02-05 14:46:10+05:30,25619.95,25621.25,25618.65,25618.65,45836
2026-02-05 14:46:15+05:30,25618.7,25619.45,25618.1,25618.9,49009
2026-02-05 14:46:20+05:30,25619.35,25619.65,25618.05,25618.2,57205
2026-02-05 14:46:25+05:30,25618.25,25618.55,25617.7,25618.15,57736
2026-02-05 14:46:30+05:30,25618.55,25618.55,25617.25,25617.25,47426
2026-02-05 14:46:35+05:30,25616.4,25616.65,25615.2,25615.35,109056
2026-02-05 14:46:40+05:30,25615.3,25616.1,25614.2,25614.2,49066
2026-02-05 14:46:45+05:30,25614.85,25614.9,25612.95,25613.85,68957
2026-02-05 14:46:50+05:30,25614.65,25615.15,25614.0,25614.15,58126
2026-02-05 14:46:55+05:30,25614.75,25615.6,25614.65,25615.6,69886
2026-02-05 14:47:00+05:30,25614.9,25618.5,25614.9,25618.5,62580
2026-02-05 14:47:05+05:30,25618.05,25618.3,25616.15,25616.25,95530
2026-02-05 14:47:10+05:30,25616.9,25618.3,25615.75,25615.75,66286
2026-02-05 14:47:15+05:30,25616.05,25617.35,25614.0,25617.35,38228
2026-02-05 14:47:20+05:30,25617.45,25617.45,25616.3,25616.3,47046
2026-02-05 14:47:25+05:30,25616.7,25616.8,25613.75,25613.75,84865
2026-02-05 14:47:30+05:30,25613.1,25613.2,25610.3,25610.45,102928
2026-02-05 14:47:35+05:30,25610.45,25612.45,25610.35,25611.55,93584
2026-02-05 14:47:40+05:30,25612.05,25613.45,25610.6,25611.25,63498
2026-02-05 14:47:45+05:30,25610.7,25614.9,25610.7,25614.8,78411
2026-02-05 14:47:50+05:30,25615.4,25616.35,25613.8,25614.3,44356
2026-02-05 14:47:55+05:30,25614.0,25614.75,25613.35,25614.25,19018
2026-02-05 14:48:00+05:30,25614.1,25615.25,25613.2,25613.2,75410
2026-02-05 14:48:05+05:30,25611.6,25612.15,25609.05,25609.75,215978
2026-02-05 14:48:10+05:30,25609.1,25614.55,25609.1,25614.55,146387
2026-02-05 14:48:15+05:30,25614.45,25615.9,25612.95,25614.75,107732
2026-02-05 14:48:20+05:30,25616.3,25616.35,25614.45,25614.45,75448
2026-02-05 14:48:25+05:30,25613.85,25616.55,25613.85,25616.3,54007
2026-02-05 14:48:30+05:30,25613.75,25616.4,25613.5,25613.55,123502
2026-02-05 14:48:35+05:30,25614.45,25616.4,25614.45,25615.05,112319
2026-02-05 14:48:40+05:30,25616.2,25617.65,25616.2,25616.85,70005
2026-02-05 14:48:45+05:30,25616.8,25617.65,25613.85,25615.55,36498
2026-02-05 14:48:50+05:30,25615.4,25615.95,25614.05,25614.2,39796
2026-02-05 14:48:55+05:30,25614.55,25616.4,25614.55,25616.3,72874
2026-02-05 14:49:00+05:30,25616.25,25617.4,25616.25,25617.35,45625
2026-02-05 14:49:05+05:30,25616.55,25619.05,25616.4,25619.05,90231
2026-02-05 14:49:10+05:30,25620.05,25621.65,25619.25,25620.9,140763
2026-02-05 14:49:15+05:30,25619.7,25621.6,25619.35,25621.55,50675
2026-02-05 14:49:20+05:30,25621.9,25622.75,25618.5,25618.5,65077
2026-02-05 14:49:25+05:30,25618.25,25619.75,25617.65,25617.85,32793
2026-02-05 14:49:30+05:30,25618.5,25619.9,25618.5,25619.6,49616
2026-02-05 14:49:35+05:30,25619.5,25621.7,25619.45,25621.7,62013
2026-02-05 14:49:40+05:30,25621.05,25622.65,25620.45,25620.55,82246
2026-02-05 14:49:45+05:30,25621.05,25622.0,25619.25,25620.55,51195
2026-02-05 14:49:50+05:30,25621.8,25621.8,25619.45,25620.85,57703
2026-02-05 14:49:55+05:30,25620.5,25621.25,25620.4,25620.8,33788
2026-02-05 14:50:00+05:30,25620.2,25621.5,25620.2,25621.4,51767
2026-02-05 14:50:05+05:30,25621.5,25621.85,25620.95,25621.6,94703
2026-02-05 14:50:10+05:30,25622.3,25623.15,25621.3,25621.45,30317
2026-02-05 14:50:15+05:30,25620.8,25622.25,25619.1,25620.4,52959
2026-02-05 14:50:20+05:30,25621.4,25621.4,25619.7,25619.7,42085
2026-02-05 14:50:25+05:30,25619.85,25619.85,25618.05,25619.8,60644
2026-02-05 14:50:30+05:30,25619.6,25621.05,25618.85,25618.85,91038
2026-02-05 14:50:35+05:30,25619.85,25620.85,25619.3,25620.6,84862
2026-02-05 14:50:40+05:30,25620.6,25622.3,25619.85,25620.1,55557
2026-02-05 14:50:45+05:30,25620.9,25622.45,25620.25,25621.95,63368
2026-02-05 14:50:50+05:30,25622.35,25622.8,25621.5,25621.9,138461
2026-02-05 14:50:55+05:30,25621.45,25623.2,25621.45,25622.45,60605
2026-02-05 14:51:00+05:30,25622.35,25623.25,25622.3,25622.75,49952
2026-02-05 14:51:05+05:30,25623.2,25624.15,25623.0,25624.1,78482
2026-02-05 14:51:10+05:30,25623.8,25625.45,25622.85,25622.85,38512
2026-02-05 14:51:15+05:30,25623.3,25623.3,25621.05,25622.7,48794
2026-02-05 14:51:20+05:30,25623.2,25623.8,25621.65,25621.65,68906
2026-02-05 14:51:25+05:30,25621.1,25621.4,25619.85,25620.85,54280
2026-02-05 14:51:30+05:30,25620.5,25622.25,25620.5,25621.45,35209
2026-02-05 14:51:35+05:30,25621.5,25622.0,25620.5,25621.5,75030
2026-02-05 14:51:40+05:30,25621.75,25623.4,25621.2,25621.4,41782
2026-02-05 14:51:45+05:30,25621.65,25621.75,25619.65,25621.3,49170
2026-02-05 14:51:50+05:30,25621.45,25621.45,25619.8,25620.45,44249
2026-02-05 14:51:55+05:30,25620.1,25621.9,25620.1,25621.45,46464
2026-02-05 14:52:00+05:30,25622.35,25622.95,25622.0,25622.65,49015
2026-02-05 14:52:05+05:30,25623.0,25623.25,25622.6,25623.25,67523
2026-02-05 14:52:10+05:30,25623.4,25624.55,25623.4,25623.6,41597
2026-02-05 14:52:15+05:30,25622.95,25624.6,25622.95,25624.1,52318
2026-02-05 14:52:20+05:30,25624.05,25624.55,25622.85,25623.45,99215
2026-02-05 14:52:25+05:30,25623.7,25624.55,25623.0,25624.55,63871
2026-02-05 14:52:30+05:30,25624.75,25625.35,25622.2,25622.45,65421
2026-02-05 14:52:35+05:30,25622.85,25624.85,25622.6,25624.85,67555
2026-02-05 14:52:40+05:30,25624.3,25625.3,25623.3,25624.1,49783
2026-02-05 14:52:45+05:30,25624.35,25624.8,25624.2,25624.3,47226
2026-02-05 14:52:50+05:30,25624.6,25624.9,25622.25,25622.25,48635
2026-02-05 14:52:55+05:30,25622.65,25623.25,25620.7,25620.7,70658
2026-02-05 14:53:00+05:30,25620.1,25621.95,25619.9,25620.6,36735
2026-02-05 14:53:05+05:30,25621.25,25621.8,25620.25,25620.75,82235
2026-02-05 14:53:10+05:30,25621.6,25622.9,25621.6,25622.9,116063
2026-02-05 14:53:15+05:30,25622.95,25624.8,25622.2,25624.7,51712
2026-02-05 14:53:20+05:30,25624.75,25626.0,25624.6,25625.95,74413
2026-02-05 14:53:25+05:30,25626.9,25628.3,25625.85,25628.05,94608
2026-02-05 14:53:30+05:30,25628.0,25628.0,25626.35,25627.15,60541
2026-02-05 14:53:35+05:30,25627.05,25627.6,25626.7,25627.4,92754
2026-02-05 14:53:40+05:30,25627.85,25628.3,25626.85,25626.85,48881
2026-02-05 14:53:45+05:30,25626.75,25629.5,25626.75,25627.9,50451
2026-02-05 14:53:50+05:30,25628.25,25628.65,25626.35,25626.7,57678
2026-02-05 14:53:55+05:30,25626.3,25627.25,25626.3,25627.05,52366
2026-02-05 14:54:00+05:30,25626.7,25628.15,25626.7,25627.25,47694
2026-02-05 14:54:05+05:30,25626.65,25628.65,25626.65,25628.2,242176
2026-02-05 14:54:10+05:30,25630.0,25630.0,25627.9,25627.9,70548
2026-02-05 14:54:15+05:30,25628.45,25629.45,25626.4,25626.4,80669
2026-02-05 14:54:20+05:30,25627.05,25628.95,25627.05,25628.95,98350
2026-02-05 14:54:25+05:30,25627.95,25631.7,25627.95,25630.15,50236
2026-02-05 14:54:30+05:30,25629.65,25631.45,25627.9,25627.9,56039
2026-02-05 14:54:35+05:30,25628.7,25629.3,25627.75,25628.15,125045
2026-02-05 14:54:40+05:30,25628.55,25630.0,25628.45,25628.45,65101
2026-02-05 14:54:45+05:30,25628.7,25630.55,25628.0,25630.55,51176
2026-02-05 14:54:50+05:30,25630.65,25631.8,25630.25,25630.25,148142
2026-02-05 14:54:55+05:30,25630.1,25632.1,25630.1,25630.2,59176
2026-02-05 14:55:00+05:30,25630.15,25632.0,25630.15,25632.0,46746
2026-02-05 14:55:05+05:30,25631.25,25633.8,25631.25,25633.8,97090
2026-02-05 14:55:10+05:30,25632.1,25635.3,25632.1,25635.05,64455
2026-02-05 14:55:15+05:30,25634.15,25636.85,25634.15,25636.85,147510
2026-02-05 14:55:20+05:30,25636.75,25636.9,25636.2,25636.55,66756
2026-02-05 14:55:25+05:30,25637.15,25638.25,25637.15,25637.95,67782
2026-02-05 14:55:30+05:30,25638.3,25639.3,25638.25,25639.3,212694
2026-02-05 14:55:35+05:30,25638.75,25640.75,25638.75,25640.75,101530
2026-02-05 14:55:40+05:30,25641.0,25641.5,25639.6,25640.1,69419
2026-02-05 14:55:45+05:30,25639.55,25641.65,25639.55,25641.25,57163
2026-02-05 14:55:50+05:30,25641.1,25641.25,25639.65,25639.7,53384
2026-02-05 14:55:55+05:30,25638.95,25640.5,25638.45,25639.75,68429
2026-02-05 14:56:00+05:30,25637.85,25639.35,25637.8,25638.2,42665
2026-02-05 14:56:05+05:30,25638.1,25638.75,25637.55,25637.9,89197
2026-02-05 14:56:10+05:30,25637.55,25639.6,25637.55,25638.35,48639
2026-02-05 14:56:15+05:30,25638.3,25639.9,25638.3,25639.6,46327
2026-02-05 14:56:20+05:30,25640.3,25640.85,25638.6,25639.0,43431
2026-02-05 14:56:25+05:30,25640.15,25640.15,25637.9,25638.0,46140
2026-02-05 14:56:30+05:30,25637.7,25639.5,25637.15,25638.0,90680
2026-02-05 14:56:35+05:30,25637.9,25639.6,25637.8,25638.6,65259
2026-02-05 14:56:40+05:30,25637.8,25639.75,25637.8,25638.9,42143
2026-02-05 14:56:45+05:30,25637.75,25640.15,25637.75,25638.85,64398
2026-02-05 14:56:50+05:30,25638.6,25639.1,25637.6,25637.7,86250
2026-02-05 14:56:55+05:30,25637.95,25638.8,25637.05,25637.9,63491
2026-02-05 14:57:00+05:30,25637.75,25639.05,25637.35,25637.35,44532
2026-02-05 14:57:05+05:30,25638.25,25639.0,25637.9,25639.0,84696
2026-02-05 14:57:10+05:30,25638.6,25639.6,25638.05,25639.05,91480
2026-02-05 14:57:15+05:30,25638.85,25640.3,25638.65,25638.9,57766
2026-02-05 14:57:20+05:30,25639.75,25640.15,25637.95,25638.6,82709
2026-02-05 14:57:25+05:30,25639.15,25639.8,25638.45,25638.75,76939
2026-02-05 14:57:30+05:30,25637.85,25639.3,25637.85,25638.85,65450
2026-02-05 14:57:35+05:30,25639.75,25641.15,25639.3,25641.15,243113
2026-02-05 14:57:40+05:30,25641.4,25642.95,25640.55,25641.15,120160
2026-02-05 14:57:45+05:30,25640.8,25642.6,25640.8,25641.35,152587
2026-02-05 14:57:50+05:30,25642.1,25642.15,25640.45,25641.15,80570
2026-02-05 14:57:55+05:30,25640.8,25642.2,25640.8,25641.45,152223
2026-02-05 14:58:00+05:30,25642.3,25643.35,25641.65,25642.7,65631
2026-02-05 14:58:05+05:30,25643.5,25643.7,25642.65,25643.15,115159
2026-02-05 14:58:10+05:30,25645.0,25645.65,25643.75,25644.25,77068
2026-02-05 14:58:15+05:30,25643.25,25644.85,25640.35,25640.8,114269
2026-02-05 14:58:20+05:30,25641.45,25642.4,25640.95,25641.05,105821
2026-02-05 14:58:25+05:30,25640.35,25642.2,25640.35,25641.1,59148
2026-02-05 14:58:30+05:30,25642.2,25643.0,25641.1,25642.25,58228
2026-02-05 14:58:35+05:30,25642.4,25643.0,25641.95,25642.7,84598
2026-02-05 14:58:40+05:30,25642.85,25644.6,25642.8,25644.6,66083
2026-02-05 14:58:45+05:30,25644.05,25645.35,25643.9,25644.1,57611
2026-02-05 14:58:50+05:30,25643.8,25644.7,25642.6,25643.2,57242
2026-02-05 14:58:55+05:30,25642.85,25644.5,25642.85,25644.2,43749
2026-02-05 14:59:00+05:30,25643.5,25645.25,25643.25,25644.2,53737
2026-02-05 14:59:05+05:30,25643.75,25645.1,25643.65,25644.8,230155
2026-02-05 14:59:10+05:30,25644.6,25645.9,25644.25,25644.75,92413
2026-02-05 14:59:15+05:30,25644.65,25645.7,25643.6,25644.65,63119
2026-02-05 14:59:20+05:30,25644.9,25645.5,25644.05,25644.4,84605
2026-02-05 14:59:25+05:30,25644.25,25645.8,25643.95,25644.9,63840
2026-02-05 14:59:30+05:30,25644.7,25645.45,25644.4,25645.05,72181
2026-02-05 14:59:35+05:30,25645.15,25648.0,25645.15,25648.0,200792
2026-02-05 14:59:40+05:30,25648.1,25649.0,25647.25,25647.45,81339
2026-02-05 14:59:45+05:30,25646.7,25648.2,25646.7,25647.05,88050
2026-02-05 14:59:50+05:30,25646.95,25647.3,25645.25,25645.8,68621
2026-02-05 14:59:55+05:30,25645.0,25646.75,25644.9,25645.2,76450
2026-02-05 15:00:00+05:30,25646.05,25656.1,25646.05,25656.1,294626
2026-02-05 15:00:05+05:30,25654.55,25655.35,25653.9,25654.25,205548
2026-02-05 15:00:10+05:30,25653.95,25655.4,25653.95,25654.45,182534
2026-02-05 15:00:15+05:30,25654.6,25656.35,25654.6,25656.05,152433
2026-02-05 15:00:20+05:30,25657.1,25657.1,25654.35,25654.45,145445
2026-02-05 15:00:25+05:30,25654.25,25655.55,25653.3,25653.8,134839
2026-02-05 15:00:30+05:30,25653.6,25653.95,25650.45,25650.45,160957
2026-02-05 15:00:35+05:30,25650.2,25650.75,25648.95,25649.5,110122
2026-02-05 15:00:40+05:30,25649.5,25649.5,25649.5,25649.5,86370
2026-02-05 15:00:45+05:30,25647.05,25648.3,25647.05,25647.55,87603
2026-02-05 15:00:50+05:30,25647.6,25648.5,25647.3,25647.5,119468
2026-02-05 15:00:55+05:30,25647.4,25648.45,25647.4,25648.45,101748
2026-02-05 15:01:00+05:30,25648.5,25651.3,25648.5,25651.3,153100
2026-02-05 15:01:05+05:30,25651.55,25652.8,25651.55,25652.75,155004
2026-02-05 15:01:10+05:30,25652.75,25654.0,25652.0,25652.0,112322
2026-02-05 15:01:15+05:30,25652.5,25652.5,25651.15,25651.55,128347
2026-02-05 15:01:20+05:30,25652.1,25652.1,25650.65,25651.25,101086
2026-02-05 15:01:25+05:30,25651.05,25651.45,25650.0,25650.7,120506
2026-02-05 15:01:30+05:30,25650.6,25650.95,25649.65,25650.95,181723
2026-02-05 15:01:35+05:30,25650.55,25651.3,25650.4,25650.7,123431
2026-02-05 15:01:40+05:30,25650.8,25651.65,25649.95,25650.15,95425
2026-02-05 15:01:45+05:30,25650.05,25650.05,25648.9,25649.75,113842
2026-02-05 15:01:50+05:30,25649.7,25650.2,25647.8,25648.0,118873
2026-02-05 15:01:55+05:30,25647.5,25647.75,25646.7,25646.8,81890
2026-02-05 15:02:00+05:30,25646.9,25647.45,25646.55,25646.65,76198
2026-02-05 15:02:05+05:30,25646.55,25647.7,25646.2,25647.7,140651
2026-02-05 15:02:10+05:30,25646.85,25648.45,25646.7,25647.5,86965
2026-02-05 15:02:15+05:30,25647.8,25648.15,25646.55,25647.05,101041
2026-02-05 15:02:20+05:30,25647.15,25648.1,25646.45,25646.6,86783
2026-02-05 15:02:25+05:30,25646.9,25648.05,25646.6,25647.2,96222
2026-02-05 15:02:30+05:30,25647.3,25647.3,25646.25,25646.95,84781
2026-02-05 15:02:35+05:30,25646.9,25647.8,25646.9,25647.7,104917
2026-02-05 15:02:40+05:30,25647.5,25647.75,25646.1,25646.6,144503
2026-02-05 15:02:45+05:30,25646.2,25647.15,25645.95,25646.6,136283
2026-02-05 15:02:50+05:30,25646.8,25648.2,25646.25,25648.2,158286
2026-02-05 15:02:55+05:30,25647.45,25648.7,25647.4,25648.1,119402
2026-02-05 15:03:00+05:30,25647.6,25648.2,25646.95,25647.5,164461
2026-02-05 15:03:05+05:30,25647.15,25648.65,25647.15,25648.6,200768
2026-02-05 15:03:10+05:30,25648.35,25649.4,25647.2,25648.1,91964
2026-02-05 15:03:15+05:30,25647.3,25648.75,25647.3,25648.25,68081
2026-02-05 15:03:20+05:30,25648.3,25648.6,25647.3,25647.3,108666
2026-02-05 15:03:25+05:30,25647.5,25647.8,25646.95,25647.1,62049
2026-02-05 15:03:30+05:30,25646.95,25648.3,25646.65,25648.3,163460
2026-02-05 15:03:35+05:30,25649.4,25651.2,25649.4,25650.75,310797
2026-02-05 15:03:40+05:30,25651.15,25651.9,25650.35,25650.4,164965
2026-02-05 15:03:45+05:30,25650.15,25651.55,25649.75,25651.25,192637
2026-02-05 15:03:50+05:30,25651.95,25654.5,25651.95,25654.5,181006
2026-02-05 15:03:55+05:30,25654.0,25655.05,25652.85,25654.9,168188
2026-02-05 15:04:00+05:30,25655.7,25657.25,25655.4,25657.25,178121
2026-02-05 15:04:05+05:30,25656.75,25657.45,25655.45,25656.85,302080
2026-02-05 15:04:10+05:30,25655.55,25656.85,25653.7,25655.8,185601
2026-02-05 15:04:15+05:30,25655.75,25656.65,25655.25,25656.65,126134
2026-02-05 15:04:20+05:30,25656.75,25660.1,25656.05,25660.1,416859
2026-02-05 15:04:25+05:30,25661.05,25662.65,25660.8,25662.65,207259
2026-02-05 15:04:30+05:30,25664.85,25666.05,25663.7,25665.3,175687
2026-02-05 15:04:35+05:30,25666.6,25668.35,25665.8,25668.2,302099
2026-02-05 15:04:40+05:30,25668.8,25669.45,25668.3,25669.05,239673
2026-02-05 15:04:45+05:30,25669.1,25669.1,25666.3,25666.3,297732
2026-02-05 15:04:50+05:30,25665.0,25665.0,25663.1,25663.4,244175
2026-02-05 15:04:55+05:30,25662.9,25665.25,25662.55,25665.25,186126
2026-02-05 15:05:00+05:30,25665.55,25665.6,25663.4,25663.8,105152
2026-02-05 15:05:05+05:30,25664.65,25665.2,25663.85,25664.65,109611
2026-02-05 15:05:10+05:30,25663.8,25666.05,25663.8,25666.05,106135
2026-02-05 15:05:15+05:30,25665.95,25667.4,25665.95,25666.2,234650
2026-02-05 15:05:20+05:30,25666.15,25668.15,25665.8,25667.4,78498
2026-02-05 15:05:25+05:30,25666.55,25667.8,25666.1,25666.9,61733
2026-02-05 15:05:30+05:30,25667.4,25668.05,25666.4,25667.7,88955
2026-02-05 15:05:35+05:30,25667.05,25668.65,25666.85,25668.65,235678
2026-02-05 15:05:40+05:30,25668.15,25669.6,25667.5,25669.1,123205
2026-02-05 15:05:45+05:30,25667.35,25669.75,25667.35,25669.5,160952
2026-02-05 15:05:50+05:30,25667.45,25668.6,25661.85,25662.75,367876
2026-02-05 15:05:55+05:30,25661.3,25662.8,25658.5,25659.25,315723
2026-02-05 15:06:00+05:30,25658.4,25659.95,25656.85,25657.25,243532
2026-02-05 15:06:05+05:30,25656.5,25657.1,25653.25,25653.75,278467
2026-02-05 15:06:10+05:30,25652.75,25655.7,25650.5,25650.5,323134
2026-02-05 15:06:15+05:30,25650.25,25652.4,25647.3,25648.95,306927
2026-02-05 15:06:20+05:30,25647.7,25649.45,25644.75,25644.75,350208
2026-02-05 15:06:25+05:30,25644.3,25645.35,25642.95,25644.65,165406
2026-02-05 15:06:30+05:30,25643.3,25644.45,25642.6,25644.1,107441
2026-02-05 15:06:35+05:30,25643.95,25644.35,25642.65,25643.6,232098
2026-02-05 15:06:40+05:30,25643.0,25644.55,25642.4,25643.65,138953
2026-02-05 15:06:45+05:30,25642.7,25643.6,25640.2,25640.35,266068
2026-02-05 15:06:50+05:30,25640.5,25642.4,25639.05,25639.7,192241
2026-02-05 15:06:55+05:30,25639.35,25640.8,25638.85,25639.2,165025
2026-02-05 15:07:00+05:30,25639.55,25639.9,25635.1,25635.1,240258
2026-02-05 15:07:05+05:30,25634.2,25637.1,25632.5,25634.95,327344
2026-02-05 15:07:10+05:30,25634.35,25635.3,25631.2,25632.2,282659
2026-02-05 15:07:15+05:30,25631.5,25634.1,25631.5,25632.05,308008
2026-02-05 15:07:20+05:30,25632.3,25635.35,25632.05,25635.35,131434
2026-02-05 15:07:25+05:30,25634.85,25635.75,25634.85,25635.75,92346
2026-02-05 15:07:30+05:30,25635.1,25636.45,25635.1,25636.45,70710
2026-02-05 15:07:35+05:30,25635.75,25637.9,25635.75,25637.05,186243
2026-02-05 15:07:40+05:30,25637.0,25638.05,25636.45,25637.9,88745
2026-02-05 15:07:45+05:30,25638.35,25641.65,25638.35,25641.55,186528
2026-02-05 15:07:50+05:30,25641.4,25644.55,25641.4,25644.3,454591
2026-02-05 15:07:55+05:30,25644.7,25648.75,25644.7,25648.75,269248
2026-02-05 15:08:00+05:30,25648.45,25651.35,25648.45,25650.4,258990
2026-02-05 15:08:05+05:30,25651.15,25651.65,25650.15,25650.2,159284
2026-02-05 15:08:10+05:30,25651.4,25651.95,25650.4,25651.8,202751
2026-02-05 15:08:15+05:30,25652.3,25653.1,25651.75,25651.95,90452
2026-02-05 15:08:20+05:30,25651.75,25652.1,25650.5,25652.05,168253
2026-02-05 15:08:25+05:30,25651.95,25652.85,25651.25,25652.85,108524
2026-02-05 15:08:30+05:30,25652.5,25652.65,25651.4,25652.1,95185
2026-02-05 15:08:35+05:30,25652.0,25652.55,25650.9,25652.3,175268
2026-02-05 15:08:40+05:30,25651.75,25652.65,25650.35,25650.45,92561
2026-02-05 15:08:45+05:30,25650.45,25650.95,25648.45,25648.45,134111
2026-02-05 15:08:50+05:30,25648.9,25649.3,25648.0,25648.1,92848
2026-02-05 15:08:55+05:30,25648.3,25649.15,25647.1,25647.1,175619
2026-02-05 15:09:00+05:30,25648.4,25648.85,25647.3,25648.8,84338
2026-02-05 15:09:05+05:30,25649.45,25649.55,25648.0,25648.05,111677
2026-02-05 15:09:10+05:30,25647.9,25648.85,25646.4,25647.85,103684
2026-02-05 15:09:15+05:30,25646.95,25647.25,25646.0,25646.0,91544
2026-02-05 15:09:20+05:30,25646.5,25647.45,25645.1,25645.1,83475
2026-02-05 15:09:25+05:30,25644.9,25645.35,25644.45,25644.95,56167
2026-02-05 15:09:30+05:30,25645.25,25645.25,25643.4,25644.25,94899
2026-02-05 15:09:35+05:30,25643.6,25645.1,25642.9,25642.9,168611
2026-02-05 15:09:40+05:30,25643.55,25644.5,25643.35,25643.8,83081
2026-02-05 15:09:45+05:30,25643.5,25644.15,25642.65,25642.7,148513
2026-02-05 15:09:50+05:30,25643.6,25644.3,25642.65,25643.6,75598
2026-02-05 15:09:55+05:30,25642.7,25644.0,25642.7,25643.2,97717
2026-02-05 15:10:00+05:30,25644.75,25645.55,25644.75,25644.95,245795
2026-02-05 15:10:05+05:30,25645.15,25647.8,25645.15,25647.75,358497
2026-02-05 15:10:10+05:30,25647.45,25648.4,25647.15,25647.85,77016
2026-02-05 15:10:15+05:30,25647.4,25648.3,25646.25,25646.3,256582
2026-02-05 15:10:20+05:30,25646.1,25647.65,25645.85,25646.6,118059
2026-02-05 15:10:25+05:30,25648.15,25648.4,25646.3,25646.85,200379
2026-02-05 15:10:30+05:30,25648.1,25648.65,25647.25,25648.35,105772
2026-02-05 15:10:35+05:30,25647.35,25649.45,25647.35,25649.45,174815
2026-02-05 15:10:40+05:30,25648.3,25649.05,25647.3,25647.7,99500
2026-02-05 15:10:45+05:30,25647.6,25648.15,25646.45,25646.75,190581
2026-02-05 15:10:50+05:30,25647.35,25647.5,25645.85,25646.4,136837
2026-02-05 15:10:55+05:30,25646.3,25646.8,25645.7,25645.7,135663
2026-02-05 15:11:00+05:30,25646.3,25646.75,25642.6,25642.6,193370
2026-02-05 15:11:05+05:30,25643.15,25644.85,25643.05,25643.55,140409
2026-02-05 15:11:10+05:30,25643.2,25645.1,25642.95,25643.5,101351
2026-02-05 15:11:15+05:30,25643.35,25644.7,25642.9,25644.55,113857
2026-02-05 15:11:20+05:30,25643.9,25645.6,25643.9,25645.3,97700
2026-02-05 15:11:25+05:30,25644.7,25645.4,25644.4,25644.6,159907
2026-02-05 15:11:30+05:30,25645.65,25646.45,25643.5,25643.5,207367
2026-02-05 15:11:35+05:30,25644.55,25644.55,25641.85,25642.5,324309
2026-02-05 15:11:40+05:30,25643.85,25644.3,25641.3,25641.6,188931
2026-02-05 15:11:45+05:30,25643.2,25643.4,25640.0,25640.0,185861
2026-02-05 15:11:50+05:30,25639.6,25642.4,25637.8,25639.05,223411
2026-02-05 15:11:55+05:30,25637.8,25639.95,25633.95,25634.1,251863
2026-02-05 15:12:00+05:30,25635.0,25636.1,25630.45,25634.05,232631
2026-02-05 15:12:05+05:30,25633.45,25636.4,25633.45,25635.2,152137
2026-02-05 15:12:10+05:30,25635.35,25637.5,25634.65,25636.5,106677
2026-02-05 15:12:15+05:30,25636.9,25638.4,25636.9,25637.65,68229
2026-02-05 15:12:20+05:30,25638.2,25638.45,25635.95,25636.5,81707
2026-02-05 15:12:25+05:30,25637.0,25637.65,25636.3,25637.25,114690
2026-02-05 15:12:30+05:30,25637.2,25638.7,25637.2,25638.7,100389
2026-02-05 15:12:35+05:30,25638.85,25640.75,25638.85,25639.75,262451
2026-02-05 15:12:40+05:30,25639.15,25642.45,25639.15,25642.0,148846
2026-02-05 15:12:45+05:30,25640.85,25642.9,25640.05,25642.9,258719
2026-02-05 15:12:50+05:30,25643.7,25648.35,25643.3,25648.35,358723
2026-02-05 15:12:55+05:30,25646.55,25648.8,25646.35,25647.65,206423
2026-02-05 15:13:00+05:30,25648.45,25649.1,25643.9,25645.65,209787
2026-02-05 15:13:05+05:30,25646.45,25647.05,25645.05,25647.05,246798
2026-02-05 15:13:10+05:30,25646.8,25647.25,25644.0,25644.65,211010
2026-02-05 15:13:15+05:30,25643.95,25644.55,25643.5,25644.35,136437
2026-02-05 15:13:20+05:30,25644.25,25645.1,25643.65,25643.65,87133
2026-02-05 15:13:25+05:30,25643.6,25644.75,25643.6,25644.2,131297
2026-02-05 15:13:30+05:30,25643.45,25644.25,25642.9,25643.5,105435
2026-02-05 15:13:35+05:30,25643.05,25643.8,25642.7,25643.65,126301
2026-02-05 15:13:40+05:30,25644.85,25645.2,25642.0,25642.4,123175
2026-02-05 15:13:45+05:30,25642.0,25643.65,25642.0,25642.6,91331
2026-02-05 15:13:50+05:30,25643.05,25643.8,25642.2,25643.0,140830
2026-02-05 15:13:55+05:30,25644.1,25644.65,25643.55,25644.3,123157
2026-02-05 15:14:00+05:30,25644.45,25645.7,25644.15,25644.3,459823
2026-02-05 15:14:05+05:30,25644.1,25645.4,25644.1,25645.35,166875
2026-02-05 15:14:10+05:30,25644.9,25647.25,25644.75,25646.95,171272
2026-02-05 15:14:15+05:30,25646.35,25648.25,25646.35,25648.25,145519
2026-02-05 15:14:20+05:30,25648.3,25649.35,25646.35,25647.85,117537
2026-02-05 15:14:25+05:30,25647.8,25647.95,25646.85,25647.25,123843
2026-02-05 15:14:30+05:30,25647.35,25648.05,25646.9,25647.35,151539
2026-02-05 15:14:35+05:30,25647.45,25648.45,25647.35,25647.45,160159
2026-02-05 15:14:40+05:30,25647.35,25648.6,25646.8,25648.6,169673
2026-02-05 15:14:45+05:30,25648.7,25648.7,25647.2,25648.1,150587
2026-02-05 15:14:50+05:30,25647.15,25648.4,25646.9,25647.05,105303
2026-02-05 15:14:55+05:30,25647.25,25648.55,25647.25,25647.8,169404
2026-02-05 15:15:00+05:30,25647.75,25649.1,25647.6,25648.45,177033
2026-02-05 15:15:05+05:30,25647.95,25649.75,25647.95,25648.95,284305
2026-02-05 15:15:10+05:30,25649.05,25649.45,25648.0,25648.15,205631
2026-02-05 15:15:15+05:30,25648.1,25648.1,25647.1,25647.3,176155
2026-02-05 15:15:20+05:30,25648.15,25648.15,25643.3,25643.3,210587
2026-02-05 15:15:25+05:30,25643.95,25644.8,25643.05,25644.5,175698
2026-02-05 15:15:30+05:30,25644.1,25644.6,25642.55,25642.65,108529
2026-02-05 15:15:35+05:30,25642.95,25643.5,25641.4,25642.2,132179
2026-02-05 15:15:40+05:30,25641.0,25642.1,25640.2,25640.2,105375
2026-02-05 15:15:45+05:30,25640.0,25640.8,25638.9,25640.8,107004
2026-02-05 15:15:50+05:30,25640.25,25640.4,25636.0,25636.0,165966
2026-02-05 15:15:55+05:30,25635.4,25636.25,25634.3,25634.4,197431
2026-02-05 15:16:00+05:30,25634.25,25634.75,25632.6,25632.6,151721
2026-02-05 15:16:05+05:30,25632.8,25633.7,25631.3,25631.55,122095
2026-02-05 15:16:10+05:30,25631.15,25631.55,25630.1,25630.2,163324
2026-02-05 15:16:15+05:30,25630.15,25630.15,25627.1,25628.1,256073
2026-02-05 15:16:20+05:30,25627.35,25628.35,25626.0,25626.65,146754
2026-02-05 15:16:25+05:30,25625.5,25627.85,25625.5,25627.55,1388696
2026-02-05 15:16:30+05:30,25626.0,25627.3,25625.9,25626.55,579562
2026-02-05 15:16:35+05:30,25624.65,25627.3,25623.95,25625.35,314032
2026-02-05 15:16:40+05:30,25621.85,25624.4,25621.85,25623.3,1612126
2026-02-05 15:16:45+05:30,25622.35,25625.9,25622.35,25625.55,199164
2026-02-05 15:16:50+05:30,25625.9,25629.35,25625.9,25628.35,260151
2026-02-05 15:16:55+05:30,25628.95,25630.45,25627.8,25628.05,91922
2026-02-05 15:17:00+05:30,25629.4,25633.6,25629.4,25633.6,163838
2026-02-05 15:17:05+05:30,25633.0,25636.1,25633.0,25636.1,232117
2026-02-05 15:17:10+05:30,25636.05,25638.65,25635.95,25637.45,113467
2026-02-05 15:17:15+05:30,25637.05,25642.9,25636.1,25642.9,247435
2026-02-05 15:17:20+05:30,25641.8,25643.65,25641.05,25643.05,159098
2026-02-05 15:17:25+05:30,25643.55,25643.55,25642.25,25642.65,171023
2026-02-05 15:17:30+05:30,25642.95,25643.95,25641.8,25641.8,183516
2026-02-05 15:17:35+05:30,25641.75,25643.1,25641.75,25643.1,150757
2026-02-05 15:17:40+05:30,25643.05,25644.2,25643.05,25643.4,159888
2026-02-05 15:17:45+05:30,25643.4,25643.95,25642.9,25642.9,91718
2026-02-05 15:17:50+05:30,25642.6,25643.35,25640.25,25640.25,182217
2026-02-05 15:17:55+05:30,25640.3,25641.05,25639.6,25640.0,102548
2026-02-05 15:18:00+05:30,25640.9,25640.9,25637.3,25637.3,195614
2026-02-05 15:18:05+05:30,25636.85,25637.45,25630.75,25633.15,350513
2026-02-05 15:18:10+05:30,25632.05,25634.3,25632.05,25633.55,189652
2026-02-05 15:18:15+05:30,25633.7,25633.7,25632.4,25632.6,114938
2026-02-05 15:18:20+05:30,25633.0,25634.3,25632.0,25633.4,90762
2026-02-05 15:18:25+05:30,25632.6,25633.8,25631.15,25631.8,139078
2026-02-05 15:18:30+05:30,25631.55,25631.85,25630.5,25630.5,107241
2026-02-05 15:18:35+05:30,25630.2,25632.4,25630.2,25632.1,165870
2026-02-05 15:18:40+05:30,25632.7,25633.25,25631.0,25632.15,107804
2026-02-05 15:18:45+05:30,25632.3,25632.35,25629.85,25630.7,112468
2026-02-05 15:18:50+05:30,25631.05,25631.8,25629.15,25630.7,417650
2026-02-05 15:18:55+05:30,25630.2,25630.85,25630.1,25630.45,72818
2026-02-05 15:19:00+05:30,25630.4,25631.25,25629.5,25630.7,146341
2026-02-05 15:19:05+05:30,25631.4,25633.0,25631.4,25632.65,120298
2026-02-05 15:19:10+05:30,25631.9,25633.5,25631.9,25633.4,172487
2026-02-05 15:19:15+05:30,25632.9,25633.85,25632.0,25633.25,119238
2026-02-05 15:19:20+05:30,25632.35,25634.05,25632.35,25632.6,80828
2026-02-05 15:19:25+05:30,25632.75,25633.35,25632.3,25632.65,77872
2026-02-05 15:19:30+05:30,25633.1,25633.1,25629.55,25631.85,148205
2026-02-05 15:19:35+05:30,25630.65,25632.25,25630.65,25632.0,419427
2026-02-05 15:19:40+05:30,25632.15,25632.8,25631.45,25631.9,109208
2026-02-05 15:19:45+05:30,25631.95,25632.25,25631.45,25631.95,116990
2026-02-05 15:19:50+05:30,25632.0,25632.9,25631.65,25631.65,183184
2026-02-05 15:19:55+05:30,25631.0,25631.65,25629.25,25629.25,128187
2026-02-05 15:20:00+05:30,25630.45,25631.2,25629.75,25631.2,233931
2026-02-05 15:20:05+05:30,25630.9,25631.75,25630.75,25630.75,140889
2026-02-05 15:20:10+05:30,25630.35,25631.5,25630.35,25631.3,206373
2026-02-05 15:20:15+05:30,25630.8,25631.45,25630.5,25631.35,149940
2026-02-05 15:20:20+05:30,25631.4,25631.6,25629.95,25629.95,195248
2026-02-05 15:20:25+05:30,25630.2,25631.0,25629.9,25630.3,159784
2026-02-05 15:20:30+05:30,25631.15,25632.05,25630.55,25631.65,166299
2026-02-05 15:20:35+05:30,25631.3,25632.1,25631.15,25631.15,115701
2026-02-05 15:20:40+05:30,25631.0,25632.5,25631.0,25631.8,153834
2026-02-05 15:20:45+05:30,25631.8,25632.4,25631.15,25632.25,433513
2026-02-05 15:20:50+05:30,25631.25,25632.0,25628.6,25628.6,174996
2026-02-05 15:20:55+05:30,25628.95,25629.5,25627.1,25627.1,303266
2026-02-05 15:21:00+05:30,25627.75,25627.75,25624.6,25624.6,282811
2026-02-05 15:21:05+05:30,25626.4,25626.4,25623.6,25624.3,260909
2026-02-05 15:21:10+05:30,25625.15,25625.9,25621.55,25621.55,235201
2026-02-05 15:21:15+05:30,25622.75,25623.55,25622.3,25623.55,235734
2026-02-05 15:21:20+05:30,25624.0,25625.9,25623.6,25624.5,145797
2026-02-05 15:21:25+05:30,25625.85,25625.85,25625.15,25625.3,143013
2026-02-05 15:21:30+05:30,25624.65,25626.35,25624.65,25626.2,143671
2026-02-05 15:21:35+05:30,25626.45,25631.7,25626.45,25629.6,260477
2026-02-05 15:21:40+05:30,25632.05,25637.6,25632.05,25636.45,218481
2026-02-05 15:21:45+05:30,25635.3,25639.0,25633.85,25637.15,213942
2026-02-05 15:21:50+05:30,25637.6,25639.2,25635.95,25635.95,172845
2026-02-05 15:21:55+05:30,25637.7,25638.85,25636.05,25636.5,175045
2026-02-05 15:22:00+05:30,25636.2,25639.1,25636.15,25636.95,179744
2026-02-05 15:22:05+05:30,25638.4,25640.05,25637.05,25637.7,272117
2026-02-05 15:22:10+05:30,25638.45,25639.1,25637.1,25637.3,81931
2026-02-05 15:22:15+05:30,25637.5,25638.05,25635.8,25636.95,144483
2026-02-05 15:22:20+05:30,25637.1,25637.4,25634.35,25635.65,125947
2026-02-05 15:22:25+05:30,25634.05,25635.8,25630.25,25632.15,131057
2026-02-05 15:22:30+05:30,25629.95,25631.75,25629.7,25629.85,76819
2026-02-05 15:22:35+05:30,25629.4,25630.5,25629.25,25629.7,117353
2026-02-05 15:22:40+05:30,25631.1,25631.1,25629.15,25629.2,94090
2026-02-05 15:22:45+05:30,25628.15,25628.15,25626.95,25627.3,138848
2026-02-05 15:22:50+05:30,25626.9,25627.45,25625.45,25626.8,106537
2026-02-05 15:22:55+05:30,25626.9,25627.1,25625.5,25625.9,79922
2026-02-05 15:23:00+05:30,25627.0,25627.35,25626.1,25627.05,137678
2026-02-05 15:23:05+05:30,25626.85,25628.05,25626.4,25626.85,156893
2026-02-05 15:23:10+05:30,25628.1,25628.55,25627.5,25627.6,166207
2026-02-05 15:23:15+05:30,25628.2,25628.5,25627.25,25628.05,200310
2026-02-05 15:23:20+05:30,25628.55,25629.0,25628.1,25628.65,134154
2026-02-05 15:23:25+05:30,25629.4,25630.55,25628.9,25630.25,95580
2026-02-05 15:23:30+05:30,25630.2,25631.15,25629.05,25629.45,149916
2026-02-05 15:23:35+05:30,25629.7,25630.75,25627.8,25629.1,174460
2026-02-05 15:23:40+05:30,25630.45,25630.45,25628.95,25628.95,129004
2026-02-05 15:23:45+05:30,25628.95,25630.2,25628.15,25628.6,148930
2026-02-05 15:23:50+05:30,25628.65,25629.35,25627.9,25627.9,115526
2026-02-05 15:23:55+05:30,25628.9,25628.9,25627.75,25627.85,112994
2026-02-05 15:24:00+05:30,25628.3,25629.0,25627.4,25627.6,266075
2026-02-05 15:24:05+05:30,25628.55,25628.55,25626.1,25627.35,266244
2026-02-05 15:24:10+05:30,25627.75,25630.85,25627.75,25630.6,228209
2026-02-05 15:24:15+05:30,25629.05,25631.9,25628.9,25631.7,137067
2026-02-05 15:24:20+05:30,25632.2,25632.9,25630.7,25631.65,211363
2026-02-05 15:24:25+05:30,25632.9,25632.9,25630.75,25631.5,199917
2026-02-05 15:24:30+05:30,25634.25,25634.95,25632.0,25633.45,151490
2026-02-05 15:24:35+05:30,25635.1,25636.1,25634.25,25636.1,251095
2026-02-05 15:24:40+05:30,25637.65,25638.35,25636.0,25637.35,83417
2026-02-05 15:24:45+05:30,25638.05,25640.65,25638.05,25639.6,231965
2026-02-05 15:24:50+05:30,25640.0,25641.6,25640.0,25640.7,138012
2026-02-05 15:24:55+05:30,25640.85,25642.15,25640.2,25640.95,139274
2026-02-05 15:25:00+05:30,25642.7,25645.05,25641.05,25645.05,775602
2026-02-05 15:25:05+05:30,25642.2,25644.7,25642.05,25643.5,167462
2026-02-05 15:25:10+05:30,25644.2,25644.55,25642.6,25643.35,129206
2026-02-05 15:25:15+05:30,25643.3,25643.9,25643.0,25643.8,167535
2026-02-05 15:25:20+05:30,25644.2,25644.95,25641.3,25641.3,213515
2026-02-05 15:25:25+05:30,25643.8,25645.4,25642.5,25645.4,172331
2026-02-05 15:25:30+05:30,25645.05,25645.6,25643.7,25645.6,169286
2026-02-05 15:25:35+05:30,25644.75,25645.2,25642.75,25643.45,164187
2026-02-05 15:25:40+05:30,25642.6,25644.1,25642.5,25643.6,172465
2026-02-05 15:25:45+05:30,25643.65,25644.35,25639.65,25639.65,373018
2026-02-05 15:25:50+05:30,25638.15,25640.1,25638.15,25638.55,180198
2026-02-05 15:25:55+05:30,25639.6,25640.6,25639.25,25639.75,92718
2026-02-05 15:26:00+05:30,25641.05,25641.25,25639.85,25640.4,137056
2026-02-05 15:26:05+05:30,25640.25,25641.35,25640.25,25640.35,156356
2026-02-05 15:26:10+05:30,25640.6,25641.45,25640.45,25641.2,122717
2026-02-05 15:26:15+05:30,25641.1,25641.65,25640.25,25641.2,111139
2026-02-05 15:26:20+05:30,25642.25,25642.25,25639.65,25640.3,144758
2026-02-05 15:26:25+05:30,25640.8,25641.5,25640.4,25641.5,128131
2026-02-05 15:26:30+05:30,25641.9,25641.9,25640.25,25640.65,207132
2026-02-05 15:26:35+05:30,25641.35,25642.15,25639.7,25641.5,130264
2026-02-05 15:26:40+05:30,25641.35,25642.1,25640.5,25641.1,108680
2026-02-05 15:26:45+05:30,25641.1,25642.7,25640.3,25642.55,155778
2026-02-05 15:26:50+05:30,25642.55,25642.6,25641.1,25641.3,146551
2026-02-05 15:26:55+05:30,25641.25,25642.0,25641.0,25641.2,163480
2026-02-05 15:27:00+05:30,25640.55,25640.55,25638.85,25639.5,230683
2026-02-05 15:27:05+05:30,25640.05,25640.05,25637.85,25638.15,211448
2026-02-05 15:27:10+05:30,25639.25,25639.9,25638.55,25639.9,141174
2026-02-05 15:27:15+05:30,25638.7,25640.0,25638.45,25638.7,174087
2026-02-05 15:27:20+05:30,25638.9,25639.85,25637.3,25639.85,166868
2026-02-05 15:27:25+05:30,25640.05,25640.7,25638.4,25638.5,175550
2026-02-05 15:27:30+05:30,25638.1,25639.05,25636.25,25636.25,144785
2026-02-05 15:27:35+05:30,25637.1,25637.3,25636.35,25636.35,92024
2026-02-05 15:27:40+05:30,25637.2,25637.45,25635.4,25637.45,153735
2026-02-05 15:27:45+05:30,25636.85,25638.05,25636.7,25637.0,103343
2026-02-05 15:27:50+05:30,25637.05,25638.0,25636.1,25637.65,156103
2026-02-05 15:27:55+05:30,25638.2,25638.2,25635.5,25635.55,164158
2026-02-05 15:28:00+05:30,25637.0,25638.05,25635.85,25636.8,106028
2026-02-05 15:28:05+05:30,25636.0,25637.4,25634.6,25634.6,193103
2026-02-05 15:28:10+05:30,25634.05,25637.0,25634.05,25636.9,213891
2026-02-05 15:28:15+05:30,25638.35,25639.95,25635.85,25635.85,110915
2026-02-05 15:28:20+05:30,25636.75,25637.9,25635.85,25635.85,153306
2026-02-05 15:28:25+05:30,25634.65,25636.35,25634.35,25634.35,155616
2026-02-05 15:28:30+05:30,25635.2,25635.2,25633.7,25634.65,116993
2026-02-05 15:28:35+05:30,25634.45,25636.0,25634.0,25634.55,193864
2026-02-05 15:28:40+05:30,25633.95,25635.05,25633.15,25634.7,183493
2026-02-05 15:28:45+05:30,25634.25,25634.25,25631.95,25634.1,114559
2026-02-05 15:28:50+05:30,25633.7,25634.85,25631.85,25632.05,88011
2026-02-05 15:28:55+05:30,25631.6,25634.95,25631.6,25633.85,105556
2026-02-05 15:29:00+05:30,25634.95,25634.95,25632.35,25632.35,232283
2026-02-05 15:29:05+05:30,25631.25,25636.5,25631.25,25636.5,254371
2026-02-05 15:29:10+05:30,25633.75,25635.55,25632.15,25634.4,282162
2026-02-05 15:29:15+05:30,25633.0,25640.85,25632.7,25640.15,335162
2026-02-05 15:29:20+05:30,25634.65,25639.95,25634.65,25635.25,232867
2026-02-05 15:29:25+05:30,25636.0,25638.5,25634.4,25634.4,289592
2026-02-05 15:29:30+05:30,25636.75,25639.8,25635.4,25639.05,101074
2026-02-05 15:29:35+05:30,25638.1,25639.2,25635.85,25636.45,73559
2026-02-05 15:29:40+05:30,25637.4,25638.7,25629.3,25638.7,102482
2026-02-05 15:29:45+05:30,25638.7,25641.75,25632.75,25641.75,52876
2026-02-05 15:29:50+05:30,25635.1,25639.0,25632.1,25632.2,53861
2026-02-05 15:29:55+05:30,25632.2,25641.6,25632.2,25641.6,108232
2026-02-06 09:15:00+05:30,25605.8,25621.0,25578.95,25584.7,3661610
2026-02-06 09:15:05+05:30,25583.25,25585.05,25553.55,25558.1,867404
2026-02-06 09:15:10+05:30,25560.35,25564.5,25559.1,25564.5,812267
2026-02-06 09:15:15+05:30,25564.55,25574.5,25564.1,25574.5,697547
2026-02-06 09:15:20+05:30,25575.4,25585.55,25575.25,25585.55,662888
2026-02-06 09:15:25+05:30,25585.7,25592.65,25585.6,25589.4,474802
2026-02-06 09:15:30+05:30,25587.25,25600.65,25587.25,25599.1,477263
2026-02-06 09:15:35+05:30,25599.75,25601.15,25593.45,25593.5,379383
2026-02-06 09:15:40+05:30,25595.45,25603.75,25595.45,25600.15,495871
2026-02-06 09:15:45+05:30,25599.85,25607.35,25599.85,25604.05,592839
2026-02-06 09:15:50+05:30,25602.75,25605.9,25599.3,25605.9,290539
2026-02-06 09:15:55+05:30,25607.6,25608.25,25602.45,25602.45,284075
2026-02-06 09:16:00+05:30,25598.0,25599.75,25594.8,25597.0,390542
2026-02-06 09:16:05+05:30,25598.5,25599.65,25595.05,25595.55,307526
2026-02-06 09:16:10+05:30,25597.35,25599.95,25594.8,25598.9,284156
2026-02-06 09:16:15+05:30,25596.75,25603.15,25595.1,25603.15,304063
2026-02-06 09:16:20+05:30,25602.95,25605.2,25601.7,25605.2,403517
2026-02-06 09:16:25+05:30,25604.75,25606.75,25600.2,25600.2,450623
2026-02-06 09:16:30+05:30,25598.6,25599.7,25597.0,25597.0,240948
2026-02-06 09:16:35+05:30,25595.7,25599.65,25590.6,25590.6,297593
2026-02-06 09:16:40+05:30,25589.55,25594.5,25588.65,25588.65,267805
2026-02-06 09:16:45+05:30,25586.35,25586.35,25581.1,25582.65,269987
2026-02-06 09:16:50+05:30,25584.9,25585.75,25582.35,25585.75,158569
2026-02-06 09:16:55+05:30,25586.35,25588.7,25584.4,25588.3,266061
2026-02-06 09:17:00+05:30,25585.6,25587.2,25584.3,25587.2,235623
2026-02-06 09:17:05+05:30,25589.2,25589.2,25585.55,25587.6,237544
2026-02-06 09:17:10+05:30,25587.0,25588.25,25582.45,25582.45,295181
2026-02-06 09:17:15+05:30,25585.95,25594.75,25585.95,25594.75,200917
2026-02-06 09:17:20+05:30,25596.2,25602.35,25595.05,25602.35,234407
2026-02-06 09:17:25+05:30,25604.6,25606.95,25603.8,25605.95,154704
2026-02-06 09:17:30+05:30,25608.75,25610.3,25607.55,25609.7,154523
2026-02-06 09:17:35+05:30,25610.2,25612.0,25607.05,25607.05,187878
2026-02-06 09:17:40+05:30,25609.7,25612.65,25609.7,25611.0,207206
2026-02-06 09:17:45+05:30,25613.3,25616.2,25613.3,25615.3,428170
2026-02-06 09:17:50+05:30,25616.0,25616.45,25614.2,25615.15,311010
2026-02-06 09:17:55+05:30,25617.7,25619.75,25617.7,25618.5,145687
2026-02-06 09:18:00+05:30,25617.85,25622.5,25617.85,25621.15,185520
2026-02-06 09:18:05+05:30,25619.2,25621.95,25618.35,25620.95,122589
2026-02-06 09:18:10+05:30,25622.1,25627.75,25622.1,25625.15,187121
2026-02-06 09:18:15+05:30,25625.2,25625.2,25622.05,25623.3,266826
2026-02-06 09:18:20+05:30,25623.55,25623.55,25620.6,25621.7,142075
2026-02-06 09:18:25+05:30,25619.65,25624.75,25619.65,25619.9,165430
2026-02-06 09:18:30+05:30,25619.95,25621.15,25617.1,25621.15,154783
2026-02-06 09:18:35+05:30,25622.05,25624.4,25621.3,25624.05,135738
2026-02-06 09:18:40+05:30,25623.0,25624.65,25621.45,25624.15,134689
2026-02-06 09:18:45+05:30,25625.15,25626.05,25624.15,25624.15,123117
2026-02-06 09:18:50+05:30,25627.25,25628.65,25624.9,25626.4,148898
2026-02-06 09:18:55+05:30,25626.9,25628.05,25626.9,25627.45,215396
2026-02-06 09:19:00+05:30,25626.5,25630.1,25626.5,25627.6,193857
2026-02-06 09:19:05+05:30,25627.6,25630.75,25627.6,25629.4,219657
2026-02-06 09:19:10+05:30,25628.1,25630.8,25625.3,25625.55,163448
2026-02-06 09:19:15+05:30,25627.05,25627.05,25623.75,25623.75,86892
2026-02-06 09:19:20+05:30,25622.2,25622.2,25613.35,25613.35,272517
2026-02-06 09:19:25+05:30,25612.25,25613.75,25610.7,25613.75,80161
2026-02-06 09:19:30+05:30,25612.65,25615.25,25612.35,25612.35,219624
2026-02-06 09:19:35+05:30,25612.25,25612.6,25609.0,25609.0,223937
2026-02-06 09:19:40+05:30,25607.45,25608.0,25604.15,25605.2,107194
2026-02-06 09:19:45+05:30,25604.95,25610.05,25604.9,25610.05,139380
2026-02-06 09:19:50+05:30,25609.2,25609.3,25605.55,25605.55,132504
2026-02-06 09:19:55+05:30,25604.45,25604.45,25603.0,25603.5,106629
2026-02-06 09:20:00+05:30,25600.65,25600.7,25597.55,25597.55,131397
2026-02-06 09:20:05+05:30,25596.4,25596.4,25594.15,25595.6,162123
2026-02-06 09:20:10+05:30,25594.5,25594.75,25592.5,25593.65,179630
2026-02-06 09:20:15+05:30,25592.6,25592.6,25586.7,25586.95,282441
2026-02-06 09:20:20+05:30,25587.15,25587.25,25584.5,25585.75,126697
2026-02-06 09:20:25+05:30,25587.2,25588.35,25586.1,25587.95,158326
2026-02-06 09:20:30+05:30,25585.45,25586.85,25583.6,25583.6,177633
2026-02-06 09:20:35+05:30,25583.9,25584.0,25581.15,25581.15,64816
2026-02-06 09:20:40+05:30,25580.9,25581.1,25578.45,25579.4,143661
2026-02-06 09:20:45+05:30,25580.55,25582.75,25579.3,25582.75,141239
2026-02-06 09:20:50+05:30,25582.6,25588.65,25582.6,25587.85,110894
2026-02-06 09:20:55+05:30,25588.6,25592.0,25588.4,25590.6,289752
2026-02-06 09:21:00+05:30,25590.2,25594.25,25590.2,25593.15,161361
2026-02-06 09:21:05+05:30,25592.45,25594.25,25592.45,25593.8,84592
2026-02-06 09:21:10+05:30,25593.4,25593.4,25589.5,25592.5,234958
2026-02-06 09:21:15+05:30,25591.45,25591.45,25587.75,25588.65,175563
2026-02-06 09:21:20+05:30,25590.55,25594.5,25589.45,25593.2,60477
2026-02-06 09:21:25+05:30,25594.4,25595.7,25592.75,25595.45,173130
2026-02-06 09:21:30+05:30,25596.0,25601.85,25596.0,25600.8,131969
2026-02-06 09:21:35+05:30,25601.35,25601.35,25600.1,25600.2,54562
2026-02-06 09:21:40+05:30,25601.2,25601.2,25597.95,25597.95,114363
2026-02-06 09:21:45+05:30,25598.0,25599.3,25596.2,25596.6,159258
2026-02-06 09:21:50+05:30,25596.3,25596.7,25593.6,25594.7,70584
2026-02-06 09:21:55+05:30,25595.2,25598.0,25594.55,25598.0,130058
2026-02-06 09:22:00+05:30,25599.5,25599.65,25597.85,25599.1,141078
2026-02-06 09:22:05+05:30,25600.15,25600.3,25597.75,25597.75,96451
2026-02-06 09:22:10+05:30,25597.75,25597.8,25594.9,25594.9,154483
2026-02-06 09:22:15+05:30,25595.35,25597.3,25595.35,25596.75,49785
2026-02-06 09:22:20+05:30,25596.35,25596.4,25593.2,25593.65,156652
2026-02-06 09:22:25+05:30,25594.75,25597.1,25594.1,25594.7,131330
2026-02-06 09:22:30+05:30,25593.25,25593.25,25589.7,25589.7,98316
2026-02-06 09:22:35+05:30,25591.05,25593.0,25590.55,25593.0,160948
2026-02-06 09:22:40+05:30,25592.6,25594.15,25592.15,25593.2,152929
2026-02-06 09:22:45+05:30,25592.35,25593.2,25590.95,25593.2,127700
2026-02-06 09:22:50+05:30,25594.55,25595.4,25593.6,25594.05,113032
2026-02-06 09:22:55+05:30,25593.1,25593.8,25590.55,25590.55,132930
2026-02-06 09:23:00+05:30,25590.85,25590.85,25586.1,25586.25,52562
2026-02-06 09:23:05+05:30,25585.5,25586.45,25581.55,25581.55,208303
2026-02-06 09:23:10+05:30,25581.85,25586.4,25581.85,25586.4,149088
2026-02-06 09:23:15+05:30,25586.0,25590.25,25585.95,25588.55,30438
2026-02-06 09:23:20+05:30,25587.75,25587.75,25580.65,25580.65,208521
2026-02-06 09:23:25+05:30,25581.05,25585.7,25581.05,25585.7,147917
2026-02-06 09:23:30+05:30,25584.7,25584.8,25581.9,25581.9,58053
2026-02-06 09:23:35+05:30,25582.5,25583.05,25581.65,25581.65,80733
2026-02-06 09:23:40+05:30,25581.1,25581.75,25578.7,25581.0,106642
2026-02-06 09:23:45+05:30,25580.65,25583.3,25579.85,25583.3,103890
2026-02-06 09:23:50+05:30,25584.2,25585.25,25583.4,25584.25,95802
2026-02-06 09:23:55+05:30,25584.4,25585.6,25582.5,25583.7,82169
2026-02-06 09:24:00+05:30,25582.95,25582.95,25581.35,25581.7,135561
2026-02-06 09:24:05+05:30,25582.2,25582.8,25581.5,25581.5,58339
2026-02-06 09:24:10+05:30,25582.2,25582.2,25580.5,25580.95,90973
2026-02-06 09:24:15+05:30,25580.6,25582.9,25580.2,25581.35,122528
2026-02-06 09:24:20+05:30,25583.2,25587.45,25582.55,25585.8,342642
2026-02-06 09:24:25+05:30,25586.8,25587.65,25586.3,25586.6,217318
2026-02-06 09:24:30+05:30,25587.6,25589.6,25587.05,25588.7,90365
2026-02-06 09:24:35+05:30,25589.15,25592.0,25589.15,25591.25,166819
2026-02-06 09:24:40+05:30,25591.8,25594.05,25590.95,25593.35,123101
2026-02-06 09:24:45+05:30,25594.15,25594.15,25589.05,25589.1,104956
2026-02-06 09:24:50+05:30,25588.55,25588.55,25586.25,25588.4,112120
2026-02-06 09:24:55+05:30,25588.95,25588.95,25587.55,25587.85,84760
2026-02-06 09:25:00+05:30,25588.1,25590.45,25588.1,25590.05,117717
2026-02-06 09:25:05+05:30,25588.35,25592.1,25588.35,25591.95,80131
2026-02-06 09:25:10+05:30,25591.95,25592.6,25589.9,25589.9,78797
2026-02-06 09:25:15+05:30,25589.85,25589.85,25586.25,25586.25,101734
2026-02-06 09:25:20+05:30,25586.65,25586.65,25582.05,25584.4,129797
2026-02-06 09:25:25+05:30,25584.2,25586.3,25584.2,25584.7,107269
2026-02-06 09:25:30+05:30,25585.0,25587.55,25584.85,25585.85,139325
2026-02-06 09:25:35+05:30,25586.25,25587.25,25583.4,25584.1,87355
2026-02-06 09:25:40+05:30,25584.2,25584.2,25580.6,25581.2,103679
2026-02-06 09:25:45+05:30,25581.05,25581.45,25578.95,25581.45,107693
2026-02-06 09:25:50+05:30,25582.75,25582.8,25581.05,25581.35,101216
2026-02-06 09:25:55+05:30,25581.65,25582.8,25581.2,25582.8,60218
2026-02-06 09:26:00+05:30,25583.75,25584.6,25581.4,25582.55,91480
2026-02-06 09:26:05+05:30,25582.2,25582.5,25580.8,25581.1,93835
2026-02-06 09:26:10+05:30,25580.9,25581.35,25579.65,25580.85,116773
2026-02-06 09:26:15+05:30,25581.05,25581.05,25578.45,25579.65,59490
2026-02-06 09:26:20+05:30,25578.8,25582.4,25577.35,25582.4,93470
2026-02-06 09:26:25+05:30,25581.8,25583.3,25579.9,25583.3,96176
2026-02-06 09:26:30+05:30,25584.6,25586.1,25583.5,25583.5,44420
2026-02-06 09:26:35+05:30,25582.7,25585.5,25582.7,25584.9,96383
2026-02-06 09:26:40+05:30,25583.15,25583.9,25581.8,25582.05,291686
2026-02-06 09:26:45+05:30,25581.05,25582.9,25581.05,25581.5,37227
2026-02-06 09:26:50+05:30,25582.15,25582.15,25577.4,25577.45,118050
2026-02-06 09:26:55+05:30,25577.25,25577.25,25574.9,25575.3,148726
2026-02-06 09:27:00+05:30,25575.15,25576.95,25574.15,25576.0,118706
2026-02-06 09:27:05+05:30,25575.95,25580.2,25575.95,25580.2,65998
2026-02-06 09:27:10+05:30,25581.55,25585.3,25581.55,25585.3,110779
2026-02-06 09:27:15+05:30,25584.95,25588.0,25584.95,25587.75,80308
2026-02-06 09:27:20+05:30,25587.65,25587.65,25584.35,25584.35,59367
2026-02-06 09:27:25+05:30,25584.4,25589.45,25583.8,25589.45,82896
2026-02-06 09:27:30+05:30,25588.75,25589.85,25588.25,25588.5,148577
2026-02-06 09:27:35+05:30,25588.8,25589.8,25586.65,25586.85,2840945
2026-02-06 09:27:40+05:30,25587.15,25589.05,25586.6,25586.6,61442
2026-02-06 09:27:45+05:30,25585.75,25586.25,25583.8,25583.8,89871
2026-02-06 09:27:50+05:30,25583.9,25586.6,25583.45,25586.15,64243
2026-02-06 09:27:55+05:30,25585.0,25588.45,25585.0,25587.35,107197
2026-02-06 09:28:00+05:30,25587.5,25588.05,25586.95,25586.95,154378
2026-02-06 09:28:05+05:30,25587.25,25592.6,25587.25,25591.0,161792
2026-02-06 09:28:10+05:30,25590.45,25590.45,25588.95,25590.1,107083
2026-02-06 09:28:15+05:30,25590.1,25593.45,25590.1,25593.15,120862
2026-02-06 09:28:20+05:30,25595.25,25595.25,25593.1,25594.35,72267
2026-02-06 09:28:25+05:30,25594.45,25596.5,25594.45,25596.5,109893
2026-02-06 09:28:30+05:30,25596.9,25596.95,25595.2,25596.2,84040
2026-02-06 09:28:35+05:30,25595.9,25596.55,25594.05,25594.85,53114
2026-02-06 09:28:40+05:30,25594.55,25594.55,25589.05,25589.35,95148
2026-02-06 09:28:45+05:30,25588.9,25588.9,25584.1,25584.9,54659
2026-02-06 09:28:50+05:30,25583.35,25585.4,25582.75,25582.75,80885
2026-02-06 09:28:55+05:30,25582.5,25582.5,25579.95,25580.55,62653
2026-02-06 09:29:00+05:30,25580.85,25581.15,25578.2,25579.65,154512
2026-02-06 09:29:05+05:30,25579.5,25579.8,25577.7,25577.7,101238
2026-02-06 09:29:10+05:30,25578.95,25579.5,25578.65,25578.8,60843
2026-02-06 09:29:15+05:30,25578.75,25578.75,25576.8,25577.05,50566
2026-02-06 09:29:20+05:30,25575.85,25575.85,25573.45,25573.45,94714
2026-02-06 09:29:25+05:30,25573.9,25574.4,25572.9,25574.4,174298
2026-02-06 09:29:30+05:30,25573.0,25573.05,25570.5,25570.5,82504
2026-02-06 09:29:35+05:30,25571.15,25572.9,25571.15,25572.3,160317
2026-02-06 09:29:40+05:30,25571.35,25575.05,25571.35,25575.05,104874
2026-02-06 09:29:45+05:30,25575.45,25578.4,25575.2,25577.8,117549
2026-02-06 09:29:50+05:30,25577.75,25577.9,25575.5,25576.05,58059
2026-02-06 09:29:55+05:30,25576.0,25576.0,25573.5,25574.35,76191
2026-02-06 09:30:00+05:30,25574.6,25574.6,25569.95,25569.95,92898
2026-02-06 09:30:05+05:30,25568.75,25569.55,25566.55,25567.7,129251
2026-02-06 09:30:10+05:30,25567.6,25569.6,25566.35,25566.45,60286
2026-02-06 09:30:15+05:30,25566.65,25567.8,25566.5,25567.35,113981
2026-02-06 09:30:20+05:30,25566.4,25568.25,25565.5,25568.25,76203
2026-02-06 09:30:25+05:30,25569.25,25569.85,25567.9,25569.85,84104
2026-02-06 09:30:30+05:30,25568.8,25570.55,25568.45,25568.45,155849
2026-02-06 09:30:35+05:30,25568.35,25570.0,25566.7,25570.0,129964
2026-02-06 09:30:40+05:30,25569.6,25571.65,25568.0,25570.15,221417
2026-02-06 09:30:45+05:30,25568.6,25569.45,25567.7,25569.35,85449
2026-02-06 09:30:50+05:30,25568.25,25568.95,25567.8,25568.2,93467
2026-02-06 09:30:55+05:30,25566.5,25567.3,25564.5,25565.9,167950
2026-02-06 09:31:00+05:30,25567.6,25569.2,25566.85,25568.7,74626
2026-02-06 09:31:05+05:30,25568.15,25568.95,25566.85,25567.35,145952
2026-02-06 09:31:10+05:30,25567.35,25567.5,25565.4,25565.55,111114
2026-02-06 09:31:15+05:30,25565.65,25566.15,25563.75,25563.85,99518
2026-02-06 09:31:20+05:30,25565.0,25565.0,25562.85,25563.75,61210
2026-02-06 09:31:25+05:30,25564.35,25566.3,25564.05,25566.15,235928
2026-02-06 09:31:30+05:30,25566.6,25568.25,25565.75,25568.25,142091
2026-02-06 09:31:35+05:30,25567.8,25569.85,25567.65,25567.65,145350
2026-02-06 09:31:40+05:30,25567.95,25567.95,25565.85,25566.2,181317
2026-02-06 09:31:45+05:30,25566.0,25567.15,25564.15,25564.15,110633
2026-02-06 09:31:50+05:30,25563.45,25563.65,25561.55,25562.5,122427
2026-02-06 09:31:55+05:30,25562.55,25562.65,25561.45,25561.5,140099
2026-02-06 09:32:00+05:30,25561.0,25562.6,25560.55,25560.55,71724
2026-02-06 09:32:05+05:30,25559.2,25562.4,25559.2,25562.4,151305
2026-02-06 09:32:10+05:30,25561.75,25562.95,25559.95,25560.9,140591
2026-02-06 09:32:15+05:30,25560.05,25561.2,25559.35,25559.85,68371
2026-02-06 09:32:20+05:30,25560.3,25561.5,25559.55,25561.5,102111
2026-02-06 09:32:25+05:30,25562.6,25562.8,25560.7,25561.4,110322
2026-02-06 09:32:30+05:30,25560.7,25560.7,25558.7,25558.7,73625
2026-02-06 09:32:35+05:30,25559.2,25560.0,25559.2,25559.25,57502
2026-02-06 09:32:40+05:30,25559.9,25559.95,25555.4,25555.95,85110
2026-02-06 09:32:45+05:30,25556.05,25556.45,25554.5,25555.05,111979
2026-02-06 09:32:50+05:30,25555.6,25557.7,25555.6,25557.25,134446
2026-02-06 09:32:55+05:30,25556.2,25564.4,25555.5,25564.4,158251
2026-02-06 09:33:00+05:30,25564.05,25567.4,25564.05,25567.4,147028
2026-02-06 09:33:05+05:30,25568.15,25569.95,25568.1,25569.4,179928
2026-02-06 09:33:10+05:30,25570.45,25573.95,25569.95,25572.3,101481
2026-02-06 09:33:15+05:30,25573.95,25573.95,25569.75,25570.95,84489
2026-02-06 09:33:20+05:30,25571.25,25571.3,25567.05,25567.05,87601
2026-02-06 09:33:25+05:30,25566.9,25568.55,25566.5,25567.6,76515
2026-02-06 09:33:30+05:30,25567.25,25570.85,25567.25,25570.85,63853
2026-02-06 09:33:35+05:30,25570.95,25570.95,25569.1,25570.95,46435
2026-02-06 09:33:40+05:30,25570.45,25573.2,25569.9,25572.1,99151
2026-02-06 09:33:45+05:30,25570.55,25570.55,25567.45,25567.65,76718
2026-02-06 09:33:50+05:30,25566.65,25567.65,25565.65,25565.65,97404
2026-02-06 09:33:55+05:30,25566.2,25566.2,25562.5,25563.15,55757
2026-02-06 09:34:00+05:30,25562.6,25566.25,25562.6,25565.8,87592
2026-02-06 09:34:05+05:30,25565.05,25565.05,25563.15,25564.25,101575
2026-02-06 09:34:10+05:30,25563.1,25564.2,25562.15,25562.15,94130
2026-02-06 09:34:15+05:30,25562.15,25562.2,25558.5,25559.75,119131
2026-02-06 09:34:20+05:30,25558.0,25561.3,25558.0,25561.1,87886
2026-02-06 09:34:25+05:30,25559.7,25561.8,25558.5,25561.3,79730
2026-02-06 09:34:30+05:30,25561.0,25562.45,25559.6,25562.4,115800
2026-02-06 09:34:35+05:30,25562.2,25563.8,25559.9,25559.9,96697
2026-02-06 09:34:40+05:30,25560.95,25562.9,25560.9,25562.9,55158
2026-02-06 09:34:45+05:30,25561.8,25562.75,25561.25,25561.8,88260
2026-02-06 09:34:50+05:30,25561.6,25562.85,25560.6,25562.85,69941
2026-02-06 09:34:55+05:30,25563.4,25564.1,25563.1,25563.6,64181
2026-02-06 09:35:00+05:30,25563.65,25565.8,25563.65,25564.65,139438
2026-02-06 09:35:05+05:30,25564.75,25564.75,25557.95,25559.0,79090
2026-02-06 09:35:10+05:30,25558.9,25559.55,25557.75,25558.55,246137
2026-02-06 09:35:15+05:30,25557.85,25558.7,25556.25,25556.25,77122
2026-02-06 09:35:20+05:30,25557.1,25558.75,25556.65,25558.6,181850
2026-02-06 09:35:25+05:30,25557.9,25559.45,25556.85,25558.4,110859
2026-02-06 09:35:30+05:30,25557.8,25560.2,25557.8,25560.1,78303
2026-02-06 09:35:35+05:30,25559.65,25560.7,25558.5,25559.75,132853
2026-02-06 09:35:40+05:30,25560.2,25561.25,25558.75,25559.0,86700
2026-02-06 09:35:45+05:30,25560.45,25561.05,25557.2,25557.2,69076
2026-02-06 09:35:50+05:30,25557.1,25558.05,25555.15,25558.05,105514
2026-02-06 09:35:55+05:30,25557.1,25557.7,25556.0,25556.2,113340
2026-02-06 09:36:00+05:30,25556.3,25558.05,25555.6,25558.05,62119
2026-02-06 09:36:05+05:30,25558.0,25558.55,25555.1,25556.3,91006
2026-02-06 09:36:10+05:30,25557.15,25557.15,25555.55,25556.5,89421
2026-02-06 09:36:15+05:30,25555.75,25556.95,25555.75,25556.5,52026
2026-02-06 09:36:20+05:30,25556.3,25556.55,25554.4,25554.4,84096
2026-02-06 09:36:25+05:30,25554.45,25554.45,25549.8,25551.55,86302
2026-02-06 09:36:30+05:30,25553.1,25553.4,25552.25,25552.95,63555
2026-02-06 09:36:35+05:30,25552.4,25555.6,25552.4,25555.6,130208
2026-02-06 09:36:40+05:30,25555.3,25556.85,25554.35,25556.75,111453
2026-02-06 09:36:45+05:30,25557.95,25558.55,25556.7,25557.2,118616
2026-02-06 09:36:50+05:30,25557.1,25559.95,25557.1,25559.95,76542
2026-02-06 09:36:55+05:30,25559.85,25559.85,25556.3,25556.85,84129
2026-02-06 09:37:00+05:30,25556.0,25556.45,25554.45,25555.2,128432
2026-02-06 09:37:05+05:30,25554.35,25554.85,25552.9,25553.8,74431
2026-02-06 09:37:10+05:30,25553.8,25553.8,25551.95,25552.65,93323
2026-02-06 09:37:15+05:30,25552.65,25554.8,25552.15,25552.85,67279
2026-02-06 09:37:20+05:30,25552.25,25554.2,25551.95,25553.0,69689
2026-02-06 09:37:25+05:30,25554.15,25556.2,25553.7,25555.9,66942
2026-02-06 09:37:30+05:30,25555.7,25555.85,25552.0,25552.0,113752
2026-02-06 09:37:35+05:30,25550.8,25551.7,25548.75,25551.7,58972
2026-02-06 09:37:40+05:30,25550.1,25551.35,25549.8,25551.35,91247
2026-02-06 09:37:45+05:30,25551.65,25551.65,25548.15,25549.1,89994
2026-02-06 09:37:50+05:30,25547.3,25548.2,25546.1,25547.1,101314
2026-02-06 09:37:55+05:30,25546.9,25547.9,25545.8,25547.9,79426
2026-02-06 09:38:00+05:30,25547.0,25547.5,25545.75,25546.1,69328
2026-02-06 09:38:05+05:30,25545.65,25546.7,25543.75,25544.1,64853
2026-02-06 09:38:10+05:30,25543.0,25543.0,25538.3,25538.8,109954
2026-02-06 09:38:15+05:30,25538.9,25539.25,25536.8,25537.8,62973
2026-02-06 09:38:20+05:30,25537.7,25538.65,25536.15,25537.25,37902
2026-02-06 09:38:25+05:30,25537.45,25539.15,25536.9,25539.1,73082
2026-02-06 09:38:30+05:30,25540.0,25540.25,25538.65,25538.95,101914
2026-02-06 09:38:35+05:30,25539.5,25543.95,25539.5,25542.95,110132
2026-02-06 09:38:40+05:30,25541.95,25543.0,25541.15,25543.0,44573
2026-02-06 09:38:45+05:30,25542.55,25542.55,25537.55,25538.2,114377
2026-02-06 09:38:50+05:30,25538.85,25539.15,25535.2,25535.9,108740
2026-02-06 09:38:55+05:30,25536.15,25536.35,25534.2,25534.55,62189
2026-02-06 09:39:00+05:30,25537.15,25538.0,25534.4,25537.85,46930
2026-02-06 09:39:05+05:30,25537.4,25539.0,25535.85,25537.15,133853
2026-02-06 09:39:10+05:30,25537.8,25537.8,25535.2,25536.9,139132
2026-02-06 09:39:15+05:30,25537.35,25538.55,25536.6,25537.7,86896
2026-02-06 09:39:20+05:30,25538.0,25539.05,25536.45,25537.75,104737
2026-02-06 09:39:25+05:30,25538.7,25544.45,25538.7,25544.45,98681
2026-02-06 09:39:30+05:30,25545.9,25546.85,25543.85,25543.85,106495
2026-02-06 09:39:35+05:30,25543.4,25547.35,25543.4,25547.35,75957
2026-02-06 09:39:40+05:30,25547.15,25547.15,25544.6,25546.55,54977
2026-02-06 09:39:45+05:30,25546.15,25548.15,25546.15,25547.5,127672
2026-02-06 09:39:50+05:30,25546.65,25546.9,25544.0,25544.0,65412
2026-02-06 09:39:55+05:30,25543.35,25545.3,25543.3,25544.3,73674
2026-02-06 09:40:00+05:30,25543.45,25545.0,25543.1,25544.65,93629
2026-02-06 09:40:05+05:30,25545.2,25547.1,25545.2,25546.35,34177
2026-02-06 09:40:10+05:30,25546.35,25547.7,25545.55,25546.95,58110
2026-02-06 09:40:15+05:30,25546.95,25546.95,25543.8,25544.2,138440
2026-02-06 09:40:20+05:30,25542.95,25545.1,25542.95,25544.5,132293
2026-02-06 09:40:25+05:30,25544.4,25546.1,25544.4,25545.55,51413
2026-02-06 09:40:30+05:30,25545.2,25546.05,25543.95,25543.95,65443
2026-02-06 09:40:35+05:30,25544.25,25544.4,25540.45,25540.45,80192
2026-02-06 09:40:40+05:30,25540.4,25541.5,25539.85,25541.5,86309
2026-02-06 09:40:45+05:30,25540.65,25541.6,25540.2,25540.7,63227
2026-02-06 09:40:50+05:30,25540.4,25541.8,25540.4,25540.6,107695
2026-02-06 09:40:55+05:30,25541.2,25543.35,25540.95,25543.35,99942
2026-02-06 09:41:00+05:30,25543.9,25544.75,25543.4,25544.75,76706
2026-02-06 09:41:05+05:30,25544.15,25544.7,25543.05,25543.05,53170
2026-02-06 09:41:10+05:30,25542.9,25543.45,25541.6,25541.7,55745
2026-02-06 09:41:15+05:30,25541.65,25541.65,25538.8,25539.1,58488
2026-02-06 09:41:20+05:30,25538.1,25542.15,25537.95,25542.15,42023
2026-02-06 09:41:25+05:30,25541.55,25542.95,25541.5,25541.5,40988
2026-02-06 09:41:30+05:30,25542.55,25543.3,25541.6,25543.05,95022
2026-02-06 09:41:35+05:30,25541.8,25542.65,25540.6,25541.3,109966
2026-02-06 09:41:40+05:30,25541.8,25542.05,25540.45,25540.75,45224
2026-02-06 09:41:45+05:30,25542.05,25542.45,25541.55,25541.9,63311
2026-02-06 09:41:50+05:30,25541.85,25543.7,25541.85,25542.75,55537
2026-02-06 09:41:55+05:30,25542.85,25543.2,25540.25,25540.25,63863
2026-02-06 09:42:00+05:30,25540.9,25541.3,25539.85,25541.15,96544
2026-02-06 09:42:05+05:30,25540.85,25542.8,25540.85,25542.8,62259
2026-02-06 09:42:10+05:30,25541.7,25541.7,25539.6,25539.6,41543
2026-02-06 09:42:15+05:30,25539.4,25541.05,25539.4,25540.9,39407
2026-02-06 09:42:20+05:30,25541.35,25542.1,25540.05,25541.35,58318
2026-02-06 09:42:25+05:30,25542.2,25542.2,25540.4,25540.9,35200
2026-02-06 09:42:30+05:30,25540.7,25540.7,25538.6,25539.15,62730
2026-02-06 09:42:35+05:30,25539.2,25539.2,25536.55,25536.55,57632
2026-02-06 09:42:40+05:30,25537.25,25537.25,25535.8,25536.35,68111
2026-02-06 09:42:45+05:30,25537.05,25538.7,25536.15,25538.4,75950
2026-02-06 09:42:50+05:30,25538.05,25539.0,25537.5,25538.25,44229
2026-02-06 09:42:55+05:30,25538.5,25538.95,25537.35,25537.35,48639
2026-02-06 09:43:00+05:30,25536.3,25538.55,25535.7,25536.3,47775
2026-02-06 09:43:05+05:30,25535.8,25536.15,25533.85,25534.9,45091
2026-02-06 09:43:10+05:30,25534.9,25535.55,25531.85,25532.55,62475
2026-02-06 09:43:15+05:30,25532.55,25532.55,25530.0,25532.55,57388
2026-02-06 09:43:20+05:30,25531.9,25532.5,25530.95,25531.55,53113
2026-02-06 09:43:25+05:30,25533.4,25534.45,25533.2,25534.45,57822
2026-02-06 09:43:30+05:30,25534.7,25535.0,25534.0,25534.65,36442
2026-02-06 09:43:35+05:30,25535.0,25535.0,25533.7,25534.55,38101
2026-02-06 09:43:40+05:30,25532.8,25532.8,25531.5,25531.7,61208
2026-02-06 09:43:45+05:30,25531.4,25532.1,25528.4,25528.6,63694
2026-02-06 09:43:50+05:30,25527.25,25528.2,25526.8,25526.95,48159
2026-02-06 09:43:55+05:30,25526.35,25527.65,25525.45,25525.75,55006
2026-02-06 09:44:00+05:30,25525.35,25526.45,25524.9,25525.1,37734
2026-02-06 09:44:05+05:30,25525.6,25526.2,25523.95,25523.95,50615
2026-02-06 09:44:10+05:30,25523.35,25524.95,25522.25,25523.25,50546
2026-02-06 09:44:15+05:30,25523.15,25525.25,25522.9,25525.25,41050
2026-02-06 09:44:20+05:30,25525.5,25526.5,25525.2,25525.2,77913
2026-02-06 09:44:25+05:30,25524.95,25528.4,25524.95,25527.2,70944
2026-02-06 09:44:30+05:30,25526.6,25528.4,25524.85,25525.55,94666
2026-02-06 09:44:35+05:30,25524.7,25526.4,25524.7,25526.3,44062
2026-02-06 09:44:40+05:30,25526.9,25528.3,25526.9,25527.75,92834
2026-02-06 09:44:45+05:30,25529.35,25529.35,25527.4,25527.4,38397
2026-02-06 09:44:50+05:30,25527.3,25528.4,25526.8,25527.5,110905
2026-02-06 09:44:55+05:30,25526.55,25527.25,25525.65,25526.3,56708
2026-02-06 09:45:00+05:30,25527.2,25530.0,25527.2,25528.55,77907
2026-02-06 09:45:05+05:30,25528.15,25530.95,25528.15,25530.95,51781
2026-02-06 09:45:10+05:30,25530.55,25534.95,25529.4,25534.95,185390
2026-02-06 09:45:15+05:30,25535.35,25539.25,25534.6,25538.6,228547
2026-02-06 09:45:20+05:30,25536.9,25541.5,25536.9,25541.5,253008
2026-02-06 09:45:25+05:30,25543.25,25544.3,25542.8,25544.0,173245
2026-02-06 09:45:30+05:30,25544.6,25546.85,25543.95,25546.85,141545
2026-02-06 09:45:35+05:30,25547.15,25548.45,25547.15,25547.9,129954
2026-02-06 09:45:40+05:30,25547.3,25549.5,25546.8,25549.5,109696
2026-02-06 09:45:45+05:30,25548.4,25548.75,25547.65,25548.35,79676
2026-02-06 09:45:50+05:30,25546.8,25548.4,25546.8,25548.05,93047
2026-02-06 09:45:55+05:30,25548.6,25552.2,25548.4,25551.3,138223
2026-02-06 09:46:00+05:30,25552.15,25555.9,25552.15,25555.9,225475
2026-02-06 09:46:05+05:30,25556.65,25559.35,25556.65,25559.35,294094
2026-02-06 09:46:10+05:30,25558.5,25558.5,25556.2,25556.2,183012
2026-02-06 09:46:15+05:30,25555.1,25555.7,25554.2,25554.5,91954
2026-02-06 09:46:20+05:30,25554.5,25554.5,25552.7,25554.3,150656
2026-02-06 09:46:25+05:30,25553.75,25555.15,25553.45,25554.8,99264
2026-02-06 09:46:30+05:30,25553.95,25554.6,25553.0,25554.6,105304
2026-02-06 09:46:35+05:30,25554.9,25556.4,25554.6,25556.4,93295
2026-02-06 09:46:40+05:30,25555.85,25555.85,25553.2,25553.2,142367
2026-02-06 09:46:45+05:30,25553.0,25553.15,25551.05,25551.05,64002
2026-02-06 09:46:50+05:30,25550.4,25552.25,25549.25,25552.25,90790
2026-02-06 09:46:55+05:30,25552.65,25554.05,25552.65,25552.95,75207
2026-02-06 09:47:00+05:30,25553.0,25553.0,25550.95,25551.4,74736
2026-02-06 09:47:05+05:30,25551.9,25554.4,25551.6,25554.4,198605
2026-02-06 09:47:10+05:30,25554.15,25555.05,25553.95,25555.05,84864
2026-02-06 09:47:15+05:30,25556.3,25557.25,25556.3,25556.35,108626
2026-02-06 09:47:20+05:30,25557.25,25558.05,25556.3,25556.4,72752
2026-02-06 09:47:25+05:30,25556.65,25558.35,25556.3,25557.0,40354
2026-02-06 09:47:30+05:30,25557.2,25559.75,25556.75,25558.65,100177
2026-02-06 09:47:35+05:30,25559.95,25562.1,25559.05,25562.1,115495
2026-02-06 09:47:40+05:30,25561.45,25561.7,25560.15,25560.45,47848
2026-02-06 09:47:45+05:30,25560.55,25562.15,25560.5,25560.5,92083
2026-02-06 09:47:50+05:30,25562.15,25562.15,25560.1,25561.8,172184
2026-02-06 09:47:55+05:30,25561.45,25561.9,25560.4,25561.65,71239
2026-02-06 09:48:00+05:30,25561.45,25562.2,25560.85,25560.85,65327
2026-02-06 09:48:05+05:30,25562.15,25562.35,25560.65,25562.0,121262
2026-02-06 09:48:10+05:30,25561.2,25562.0,25560.3,25562.0,75927
2026-02-06 09:48:15+05:30,25561.2,25561.65,25559.65,25559.65,100580
2026-02-06 09:48:20+05:30,25561.15,25561.15,25558.6,25558.9,60509
2026-02-06 09:48:25+05:30,25558.2,25560.7,25558.2,25560.7,59336
2026-02-06 09:48:30+05:30,25561.45,25563.1,25560.95,25562.9,56141
2026-02-06 09:48:35+05:30,25563.7,25563.7,25562.2,25562.95,48751
2026-02-06 09:48:40+05:30,25562.85,25563.9,25562.3,25563.15,47643
2026-02-06 09:48:45+05:30,25564.55,25564.55,25563.65,25564.35,62751
2026-02-06 09:48:50+05:30,25564.75,25564.75,25562.8,25563.45,40028
2026-02-06 09:48:55+05:30,25563.8,25564.95,25563.5,25564.0,60573
2026-02-06 09:49:00+05:30,25563.2,25563.2,25561.25,25562.35,65235
2026-02-06 09:49:05+05:30,25562.7,25565.3,25561.55,25562.85,39275
2026-02-06 09:49:10+05:30,25562.25,25563.25,25561.1,25561.1,67084
2026-02-06 09:49:15+05:30,25561.1,25561.65,25559.95,25560.05,61838
2026-02-06 09:49:20+05:30,25560.05,25561.9,25559.8,25560.45,48038
2026-02-06 09:49:25+05:30,25559.65,25561.8,25559.2,25561.6,79490
2026-02-06 09:49:30+05:30,25560.75,25564.9,25560.0,25564.1,72315
2026-02-06 09:49:35+05:30,25565.0,25566.55,25563.25,25566.55,74529
2026-02-06 09:49:40+05:30,25564.95,25568.8,25564.45,25568.25,72363
2026-02-06 09:49:45+05:30,25568.05,25568.05,25565.3,25565.35,46921
2026-02-06 09:49:50+05:30,25566.85,25567.2,25565.0,25567.2,88523
2026-02-06 09:49:55+05:30,25567.0,25569.0,25566.3,25569.0,63287
2026-02-06 09:50:00+05:30,25569.25,25570.8,25569.05,25569.15,61621
2026-02-06 09:50:05+05:30,25570.7,25570.7,25568.6,25569.3,61510
2026-02-06 09:50:10+05:30,25569.1,25570.55,25565.85,25565.85,38679
2026-02-06 09:50:15+05:30,25565.4,25566.25,25562.75,25562.75,56491
2026-02-06 09:50:20+05:30,25563.25,25563.25,25561.55,25562.0,62044
2026-02-06 09:50:25+05:30,25562.15,25562.15,25561.35,25561.75,33267
2026-02-06 09:50:30+05:30,25561.4,25562.5,25561.3,25562.3,27252
2026-02-06 09:50:35+05:30,25562.8,25562.8,25560.85,25561.25,31770
2026-02-06 09:50:40+05:30,25561.0,25562.05,25560.85,25560.85,18987
2026-02-06 09:50:45+05:30,25559.8,25559.8,25556.85,25556.85,158934
2026-02-06 09:50:50+05:30,25559.05,25559.85,25558.0,25559.85,59572
2026-02-06 09:50:55+05:30,25560.0,25560.65,25559.8,25560.3,33953
2026-02-06 09:51:00+05:30,25560.95,25562.7,25560.7,25562.25,181022
2026-02-06 09:51:05+05:30,25565.1,25565.25,25563.8,25565.25,137165
2026-02-06 09:51:10+05:30,25562.9,25563.2,25560.6,25560.6,113742
2026-02-06 09:51:15+05:30,25561.75,25561.75,25560.6,25560.6,64132
2026-02-06 09:51:20+05:30,25562.0,25562.45,25560.7,25561.7,47443
2026-02-06 09:51:25+05:30,25561.75,25562.8,25561.75,25562.8,36482
2026-02-06 09:51:30+05:30,25562.45,25562.5,25560.4,25561.85,34131
2026-02-06 09:51:35+05:30,25562.05,25562.05,25559.55,25560.05,35930
2026-02-06 09:51:40+05:30,25559.3,25563.45,25558.65,25561.85,52995
2026-02-06 09:51:45+05:30,25563.15,25563.5,25562.2,25563.4,35606
2026-02-06 09:51:50+05:30,25563.8,25564.9,25562.4,25564.9,71888
2026-02-06 09:51:55+05:30,25565.35,25566.2,25565.15,25565.75,20293
2026-02-06 09:52:00+05:30,25565.55,25565.55,25563.9,25564.45,46126
2026-02-06 09:52:05+05:30,25566.25,25566.25,25563.0,25563.0,70839
2026-02-06 09:52:10+05:30,25562.8,25562.8,25559.9,25559.9,111169
2026-02-06 09:52:15+05:30,25559.9,25559.9,25558.15,25559.0,95325
2026-02-06 09:52:20+05:30,25560.35,25562.1,25559.45,25559.45,47644
2026-02-06 09:52:25+05:30,25558.95,25560.65,25558.85,25559.15,52891
2026-02-06 09:52:30+05:30,25561.8,25563.5,25559.65,25559.8,104893
2026-02-06 09:52:35+05:30,25561.7,25561.7,25559.15,25561.0,106802
2026-02-06 09:52:40+05:30,25560.35,25560.7,25559.0,25559.75,60037
2026-02-06 09:52:45+05:30,25559.2,25560.95,25559.2,25560.0,104919
2026-02-06 09:52:50+05:30,25561.45,25561.45,25559.8,25560.3,74959
2026-02-06 09:52:55+05:30,25559.85,25561.05,25559.85,25560.75,54676
2026-02-06 09:53:00+05:30,25561.45,25562.0,25559.55,25560.55,43265
2026-02-06 09:53:05+05:30,25562.45,25562.45,25560.5,25560.5,26273
2026-02-06 09:53:10+05:30,25559.85,25560.55,25559.6,25560.05,42816
2026-02-06 09:53:15+05:30,25560.1,25560.65,25559.4,25559.85,46371
2026-02-06 09:53:20+05:30,25561.7,25561.85,25559.9,25560.55,78944
2026-02-06 09:53:25+05:30,25560.45,25560.7,25558.35,25558.55,169114
2026-02-06 09:53:30+05:30,25557.05,25557.65,25556.4,25556.4,106161
2026-02-06 09:53:35+05:30,25558.6,25558.6,25555.4,25557.1,57223
2026-02-06 09:53:40+05:30,25557.0,25558.4,25555.1,25556.6,35754
2026-02-06 09:53:45+05:30,25557.1,25557.4,25556.0,25556.45,31660
2026-02-06 09:53:50+05:30,25558.1,25558.1,25556.3,25557.7,51385
2026-02-06 09:53:55+05:30,25557.85,25560.9,25557.85,25559.15,70751
2026-02-06 09:54:00+05:30,25559.5,25559.5,25558.5,25559.15,36673
2026-02-06 09:54:05+05:30,25560.55,25560.55,25557.7,25558.8,48490
2026-02-06 09:54:10+05:30,25558.7,25559.3,25556.2,25557.95,114348
2026-02-06 09:54:15+05:30,25557.3,25557.3,25553.45,25554.55,73724
2026-02-06 09:54:20+05:30,25554.8,25554.8,25553.0,25553.75,71461
2026-02-06 09:54:25+05:30,25553.5,25555.4,25553.5,25555.05,24955
2026-02-06 09:54:30+05:30,25555.3,25556.3,25554.55,25555.0,55207
2026-02-06 09:54:35+05:30,25555.65,25555.65,25553.5,25554.1,54072
2026-02-06 09:54:40+05:30,25554.55,25555.05,25554.1,25554.45,30405
2026-02-06 09:54:45+05:30,25554.9,25556.95,25554.7,25556.75,46198
2026-02-06 09:54:50+05:30,25558.45,25558.45,25555.8,25555.8,25772
2026-02-06 09:54:55+05:30,25555.55,25555.85,25554.25,25554.25,24456
2026-02-06 09:55:00+05:30,25554.2,25554.6,25550.5,25550.5,139264
2026-02-06 09:55:05+05:30,25551.3,25551.3,25547.8,25547.8,126113
2026-02-06 09:55:10+05:30,25546.85,25548.85,25546.85,25547.9,73731
2026-02-06 09:55:15+05:30,25547.55,25548.35,25547.05,25548.15,46484
2026-02-06 09:55:20+05:30,25548.15,25549.2,25546.6,25546.9,65014
2026-02-06 09:55:25+05:30,25546.9,25546.9,25544.75,25544.85,37503
2026-02-06 09:55:30+05:30,25544.6,25545.25,25544.2,25544.45,60118
2026-02-06 09:55:35+05:30,25545.1,25545.1,25543.3,25543.65,37769
2026-02-06 09:55:40+05:30,25543.95,25544.85,25543.9,25544.35,126170
2026-02-06 09:55:45+05:30,25543.6,25544.9,25543.6,25543.75,113413
2026-02-06 09:55:50+05:30,25544.65,25546.25,25544.65,25545.0,61216
2026-02-06 09:55:55+05:30,25546.45,25546.6,25545.4,25545.85,75687
2026-02-06 09:56:00+05:30,25545.5,25546.0,25544.95,25545.85,21852
2026-02-06 09:56:05+05:30,25547.4,25547.4,25545.1,25545.75,34168
2026-02-06 09:56:10+05:30,25545.4,25545.4,25543.7,25543.7,39379
2026-02-06 09:56:15+05:30,25543.55,25545.75,25543.55,25545.05,51648
2026-02-06 09:56:20+05:30,25546.85,25546.85,25544.25,25544.4,71247
2026-02-06 09:56:25+05:30,25544.5,25545.35,25543.7,25544.7,29583
2026-02-06 09:56:30+05:30,25544.85,25544.85,25544.05,25544.55,26713
2026-02-06 09:56:35+05:30,25545.45,25545.45,25543.55,25543.95,46685
2026-02-06 09:56:40+05:30,25543.35,25545.7,25543.35,25544.2,75028
2026-02-06 09:56:45+05:30,25544.25,25544.35,25542.85,25543.25,50870
2026-02-06 09:56:50+05:30,25544.3,25544.3,25543.05,25543.1,60317
2026-02-06 09:56:55+05:30,25543.05,25543.1,25542.3,25543.1,47248
2026-02-06 09:57:00+05:30,25542.25,25542.4,25539.5,25539.5,68515
2026-02-06 09:57:05+05:30,25541.35,25541.95,25539.3,25539.9,49500
2026-02-06 09:57:10+05:30,25539.5,25540.8,25538.05,25540.45,59558
2026-02-06 09:57:15+05:30,25540.2,25541.75,25539.35,25540.8,48785
2026-02-06 09:57:20+05:30,25543.45,25543.45,25541.1,25541.6,48178
2026-02-06 09:57:25+05:30,25542.2,25542.85,25541.65,25541.65,47231
2026-02-06 09:57:30+05:30,25541.1,25543.05,25541.1,25543.05,46740
2026-02-06 09:57:35+05:30,25543.8,25544.6,25542.7,25543.6,67616
2026-02-06 09:57:40+05:30,25542.65,25544.45,25542.35,25543.4,39779
2026-02-06 09:57:45+05:30,25543.3,25543.35,25542.55,25543.0,46124
2026-02-06 09:57:50+05:30,25543.95,25543.95,25541.55,25541.55,79164
2026-02-06 09:57:55+05:30,25541.1,25541.6,25539.7,25541.1,39535
2026-02-06 09:58:00+05:30,25542.0,25542.1,25540.65,25540.85,46198
2026-02-06 09:58:05+05:30,25542.05,25542.05,25539.75,25540.95,53011
2026-02-06 09:58:10+05:30,25540.9,25541.9,25540.6,25541.85,73087
2026-02-06 09:58:15+05:30,25541.15,25541.45,25539.2,25539.45,47899
2026-02-06 09:58:20+05:30,25539.45,25542.2,25539.45,25541.2,101679
2026-02-06 09:58:25+05:30,25541.2,25543.35,25541.2,25542.3,53883
2026-02-06 09:58:30+05:30,25542.5,25545.1,25542.5,25542.5,147611
2026-02-06 09:58:35+05:30,25544.05,25544.5,25543.25,25544.2,57292
2026-02-06 09:58:40+05:30,25543.35,25543.85,25541.5,25541.5,38373
2026-02-06 09:58:45+05:30,25541.85,25541.85,25540.3,25540.3,67553
2026-02-06 09:58:50+05:30,25541.0,25541.2,25539.8,25540.55,19127
2026-02-06 09:58:55+05:30,25540.1,25540.2,25538.7,25540.0,61578
2026-02-06 09:59:00+05:30,25539.3,25540.05,25539.0,25540.05,48848
2026-02-06 09:59:05+05:30,25541.25,25542.9,25540.8,25541.55,33181
2026-02-06 09:59:10+05:30,25541.65,25542.55,25540.8,25542.4,62233
2026-02-06 09:59:15+05:30,25542.7,25544.55,25542.7,25544.55,45968
2026-02-06 09:59:20+05:30,25546.3,25547.25,25544.8,25545.75,49466
2026-02-06 09:59:25+05:30,25545.7,25548.3,25544.35,25548.3,58531
2026-02-06 09:59:30+05:30,25546.8,25548.6,25546.3,25547.6,56564
2026-02-06 09:59:35+05:30,25548.0,25549.0,25546.5,25547.85,40707
2026-02-06 09:59:40+05:30,25548.05,25551.35,25548.05,25551.15,40217
2026-02-06 09:59:45+05:30,25551.35,25551.35,25550.1,25550.15,34623
2026-02-06 09:59:50+05:30,25552.1,25553.1,25552.1,25553.0,45066
2026-02-06 09:59:55+05:30,25552.2,25552.75,25551.5,25552.35,34202
2026-02-06 10:00:00+05:30,25553.55,25556.5,25553.55,25556.1,89647
2026-02-06 10:00:05+05:30,25556.65,25558.35,25556.65,25558.05,45072
2026-02-06 10:00:10+05:30,25558.35,25560.45,25558.35,25560.3,88928
2026-02-06 10:00:15+05:30,25560.15,25560.15,25557.05,25557.05,56558
2026-02-06 10:00:20+05:30,25558.5,25558.5,25554.3,25555.65,43906
2026-02-06 10:00:25+05:30,25556.2,25556.4,25554.55,25554.55,42176
2026-02-06 10:00:30+05:30,25554.9,25554.9,25553.2,25553.3,39491
2026-02-06 10:00:35+05:30,25554.55,25554.55,25551.95,25553.4,90843
2026-02-06 10:00:40+05:30,25551.9,25553.35,25550.35,25552.05,53384
2026-02-06 10:00:45+05:30,25550.45,25550.45,25548.25,25548.25,52880
2026-02-06 10:00:50+05:30,25549.25,25549.55,25547.05,25548.15,37395
2026-02-06 10:00:55+05:30,25547.5,25550.75,25547.5,25550.45,43321
2026-02-06 10:01:00+05:30,25550.65,25550.65,25548.25,25548.65,18789
2026-02-06 10:01:05+05:30,25549.3,25549.6,25547.75,25548.75,59208
2026-02-06 10:01:10+05:30,25548.1,25548.1,25544.1,25544.1,122204
2026-02-06 10:01:15+05:30,25543.05,25544.5,25542.75,25543.3,55432
2026-02-06 10:01:20+05:30,25544.1,25545.25,25543.4,25544.2,41287
2026-02-06 10:01:25+05:30,25544.2,25546.75,25543.9,25546.05,53590
2026-02-06 10:01:30+05:30,25544.9,25545.85,25544.7,25545.6,84225
2026-02-06 10:01:35+05:30,25547.15,25547.15,25545.85,25546.0,21913
2026-02-06 10:01:40+05:30,25545.7,25546.05,25543.65,25544.05,31934
2026-02-06 10:01:45+05:30,25544.4,25544.4,25542.1,25543.7,29179
2026-02-06 10:01:50+05:30,25544.3,25546.1,25542.8,25543.7,63844
2026-02-06 10:01:55+05:30,25543.6,25544.45,25542.6,25542.6,32292
2026-02-06 10:02:00+05:30,25542.9,25544.55,25542.55,25544.55,52174
2026-02-06 10:02:05+05:30,25545.8,25546.65,25544.85,25545.2,28257
2026-02-06 10:02:10+05:30,25544.6,25545.4,25543.0,25543.0,32674
2026-02-06 10:02:15+05:30,25542.6,25542.6,25539.85,25541.15,46569
2026-02-06 10:02:20+05:30,25542.75,25542.75,25540.55,25540.55,29122
2026-02-06 10:02:25+05:30,25540.75,25543.05,25540.75,25543.05,40263
2026-02-06 10:02:30+05:30,25542.9,25543.65,25541.6,25542.0,29107
2026-02-06 10:02:35+05:30,25542.15,25543.5,25540.9,25541.8,18076
2026-02-06 10:02:40+05:30,25542.4,25542.4,25540.65,25541.0,49968
2026-02-06 10:02:45+05:30,25541.35,25541.75,25535.4,25535.55,104516
2026-02-06 10:02:50+05:30,25535.45,25535.45,25528.5,25528.5,168036
2026-02-06 10:02:55+05:30,25528.45,25531.3,25527.7,25531.3,70356
2026-02-06 10:03:00+05:30,25530.5,25531.55,25530.1,25530.45,80020
2026-02-06 10:03:05+05:30,25531.3,25533.3,25529.9,25532.95,68673
2026-02-06 10:03:10+05:30,25532.5,25532.5,25530.0,25530.2,55257
2026-02-06 10:03:15+05:30,25529.55,25530.3,25529.4,25529.8,46370
2026-02-06 10:03:20+05:30,25529.95,25529.95,25527.55,25528.1,66434
2026-02-06 10:03:25+05:30,25528.0,25528.0,25526.3,25526.35,67191
2026-02-06 10:03:30+05:30,25526.1,25526.1,25522.5,25522.5,50630
2026-02-06 10:03:35+05:30,25524.65,25524.65,25521.7,25522.7,47165
2026-02-06 10:03:40+05:30,25522.65,25524.25,25520.15,25523.1,57387
2026-02-06 10:03:45+05:30,25521.8,25523.05,25519.15,25521.0,69359
2026-02-06 10:03:50+05:30,25522.7,25524.35,25521.25,25523.7,50658
2026-02-06 10:03:55+05:30,25524.0,25524.0,25522.35,25523.1,45534
2026-02-06 10:04:00+05:30,25522.6,25524.95,25522.6,25524.95,51345
2026-02-06 10:04:05+05:30,25526.45,25531.05,25526.45,25528.0,96598
2026-02-06 10:04:10+05:30,25527.35,25529.05,25526.95,25527.6,36791
2026-02-06 10:04:15+05:30,25527.9,25529.75,25527.9,25528.2,25710
2026-02-06 10:04:20+05:30,25530.0,25530.75,25529.1,25530.15,36439
2026-02-06 10:04:25+05:30,25530.15,25530.25,25528.05,25529.2,47258
2026-02-06 10:04:30+05:30,25529.0,25531.4,25528.95,25531.4,46268
2026-02-06 10:04:35+05:30,25532.7,25535.05,25532.4,25534.5,47059
2026-02-06 10:04:40+05:30,25534.35,25538.5,25534.35,25538.5,60549
2026-02-06 10:04:45+05:30,25538.85,25539.3,25537.8,25538.25,34740
2026-02-06 10:04:50+05:30,25538.5,25538.5,25536.2,25536.2,50339
2026-02-06 10:04:55+05:30,25535.2,25536.05,25534.35,25535.55,41923
2026-02-06 10:05:00+05:30,25534.85,25534.85,25532.85,25533.6,30240
2026-02-06 10:05:05+05:30,25535.05,25535.55,25533.5,25534.75,42777
2026-02-06 10:05:10+05:30,25534.9,25536.75,25534.9,25535.45,30988
2026-02-06 10:05:15+05:30,25536.4,25538.05,25536.4,25538.05,52880
2026-02-06 10:05:20+05:30,25539.7,25539.7,25537.0,25537.6,27127
2026-02-06 10:05:25+05:30,25538.75,25540.95,25538.6,25540.95,66310
2026-02-06 10:05:30+05:30,25540.75,25541.15,25540.05,25540.7,39033
2026-02-06 10:05:35+05:30,25540.95,25541.9,25540.0,25540.25,26812
2026-02-06 10:05:40+05:30,25539.9,25541.35,25539.6,25540.75,53040
2026-02-06 10:05:45+05:30,25540.55,25541.2,25540.55,25540.8,29495
2026-02-06 10:05:50+05:30,25541.65,25542.15,25540.5,25540.95,47942
2026-02-06 10:05:55+05:30,25540.85,25542.05,25540.15,25540.9,41966
2026-02-06 10:06:00+05:30,25540.45,25541.2,25538.85,25538.85,85073
2026-02-06 10:06:05+05:30,25540.15,25540.65,25539.45,25539.45,67786
2026-02-06 10:06:10+05:30,25538.55,25539.1,25536.75,25537.15,52162
2026-02-06 10:06:15+05:30,25536.4,25537.2,25534.8,25534.8,47062
2026-02-06 10:06:20+05:30,25535.55,25535.55,25532.65,25532.75,63779
2026-02-06 10:06:25+05:30,25533.3,25533.3,25529.0,25529.0,69919
2026-02-06 10:06:30+05:30,25528.6,25529.4,25527.95,25528.75,88084
2026-02-06 10:06:35+05:30,25529.35,25529.85,25528.45,25528.8,43754
2026-02-06 10:06:40+05:30,25528.05,25528.65,25527.9,25528.65,28065
2026-02-06 10:06:45+05:30,25529.15,25529.15,25527.1,25527.8,94189
2026-02-06 10:06:50+05:30,25528.65,25529.35,25528.25,25528.4,37631
2026-02-06 10:06:55+05:30,25528.65,25528.85,25526.55,25526.55,66511
2026-02-06 10:07:00+05:30,25526.3,25526.3,25523.2,25523.2,49880
2026-02-06 10:07:05+05:30,25524.75,25525.45,25523.4,25523.8,28348
2026-02-06 10:07:10+05:30,25523.2,25525.0,25521.6,25521.6,88616
2026-02-06 10:07:15+05:30,25521.45,25521.9,25520.8,25521.3,40783
2026-02-06 10:07:20+05:30,25522.2,25523.5,25521.3,25522.35,49763
2026-02-06 10:07:25+05:30,25522.35,25523.45,25521.7,25522.45,29151
2026-02-06 10:07:30+05:30,25523.5,25525.15,25523.35,25524.1,240364
2026-02-06 10:07:35+05:30,25525.45,25528.05,25525.45,25526.35,96181
2026-02-06 10:07:40+05:30,25526.3,25527.1,25525.5,25525.95,69728
2026-02-06 10:07:45+05:30,25526.3,25526.3,25524.8,25525.2,107325
2026-02-06 10:07:50+05:30,25525.95,25525.95,25523.65,25524.65,47678
2026-02-06 10:07:55+05:30,25526.1,25528.7,25525.5,25528.7,80950
2026-02-06 10:08:00+05:30,25527.7,25528.85,25526.9,25526.9,66381
2026-02-06 10:08:05+05:30,25528.9,25529.0,25527.5,25527.65,46879
2026-02-06 10:08:10+05:30,25528.05,25528.05,25526.6,25528.0,30724
2026-02-06 10:08:15+05:30,25528.15,25530.75,25526.9,25530.1,105075
2026-02-06 10:08:20+05:30,25530.7,25533.05,25530.7,25532.55,101773
2026-02-06 10:08:25+05:30,25531.15,25532.05,25529.9,25530.7,50587
2026-02-06 10:08:30+05:30,25530.6,25533.65,25530.6,25531.0,149132
2026-02-06 10:08:35+05:30,25530.6,25532.7,25530.6,25531.85,68352
2026-02-06 10:08:40+05:30,25531.1,25532.9,25531.1,25531.85,29923
2026-02-06 10:08:45+05:30,25532.05,25533.8,25531.65,25533.1,80526
2026-02-06 10:08:50+05:30,25532.75,25534.6,25532.6,25533.6,64046
2026-02-06 10:08:55+05:30,25534.0,25534.8,25533.25,25534.8,48685
2026-02-06 10:09:00+05:30,25533.5,25535.95,25533.5,25534.3,36464
2026-02-06 10:09:05+05:30,25535.85,25535.85,25533.35,25534.65,30581
2026-02-06 10:09:10+05:30,25534.05,25534.35,25531.5,25533.7,59031
2026-02-06 10:09:15+05:30,25533.65,25535.5,25533.2,25535.5,99450
2026-02-06 10:09:20+05:30,25536.3,25536.3,25534.4,25534.4,130729
2026-02-06 10:09:25+05:30,25534.3,25535.1,25533.25,25533.45,55824
2026-02-06 10:09:30+05:30,25533.2,25534.45,25532.2,25534.05,21973
2026-02-06 10:09:35+05:30,25534.25,25535.5,25532.65,25532.65,125705
2026-02-06 10:09:40+05:30,25533.2,25533.2,25531.95,25533.0,43426
2026-02-06 10:09:45+05:30,25532.85,25533.5,25532.2,25532.55,38026
2026-02-06 10:09:50+05:30,25532.85,25533.75,25531.5,25532.85,26999
2026-02-06 10:09:55+05:30,25532.3,25532.55,25531.4,25531.75,31168
2026-02-06 10:10:00+05:30,25531.55,25532.95,25531.55,25532.85,40454
2026-02-06 10:10:05+05:30,25532.9,25532.95,25531.3,25531.3,33780
2026-02-06 10:10:10+05:30,25530.7,25531.7,25529.8,25529.8,24792
2026-02-06 10:10:15+05:30,25530.1,25533.5,25529.55,25531.8,44037
2026-02-06 10:10:20+05:30,25531.35,25531.35,25528.5,25529.0,39472
2026-02-06 10:10:25+05:30,25528.5,25528.5,25526.05,25526.05,49124
2026-02-06 10:10:30+05:30,25525.65,25526.05,25524.5,25524.5,55083
2026-02-06 10:10:35+05:30,25525.8,25525.85,25524.05,25524.35,58580
2026-02-06 10:10:40+05:30,25523.5,25524.75,25523.5,25524.75,35347
2026-02-06 10:10:45+05:30,25525.25,25525.6,25523.35,25523.35,59203
2026-02-06 10:10:50+05:30,25524.55,25524.55,25523.15,25524.5,36352
2026-02-06 10:10:55+05:30,25524.2,25524.85,25523.8,25524.8,36765
2026-02-06 10:11:00+05:30,25524.05,25524.2,25523.15,25523.25,53885
2026-02-06 10:11:05+05:30,25523.75,25523.75,25522.15,25522.4,42125
2026-02-06 10:11:10+05:30,25522.8,25522.8,25520.35,25520.75,27414
2026-02-06 10:11:15+05:30,25520.2,25521.95,25520.2,25521.95,109772
2026-02-06 10:11:20+05:30,25521.6,25521.6,25519.05,25519.55,62793
2026-02-06 10:11:25+05:30,25519.4,25519.4,25517.6,25517.6,52637
2026-02-06 10:11:30+05:30,25517.95,25518.55,25517.3,25518.25,145102
2026-02-06 10:11:35+05:30,25518.55,25519.5,25517.95,25518.35,107887
2026-02-06 10:11:40+05:30,25518.55,25519.9,25518.55,25518.7,57677
2026-02-06 10:11:45+05:30,25518.4,25518.8,25512.15,25512.75,254114
2026-02-06 10:11:50+05:30,25514.25,25514.25,25510.8,25512.1,96914
2026-02-06 10:11:55+05:30,25511.35,25511.35,25508.3,25509.75,53087
2026-02-06 10:12:00+05:30,25509.6,25511.4,25509.6,25510.65,162287
2026-02-06 10:12:05+05:30,25510.35,25510.8,25509.6,25509.7,81817
2026-02-06 10:12:10+05:30,25508.9,25508.9,25506.75,25507.75,120568
2026-02-06 10:12:15+05:30,25506.9,25507.15,25504.65,25505.25,167941
2026-02-06 10:12:20+05:30,25507.1,25507.15,25505.3,25505.35,106361
2026-02-06 10:12:25+05:30,25504.75,25506.75,25504.6,25506.75,45560
2026-02-06 10:12:30+05:30,25505.4,25508.15,25505.4,25507.85,107679
2026-02-06 10:12:35+05:30,25508.65,25510.25,25507.35,25510.05,58702
2026-02-06 10:12:40+05:30,25509.9,25510.05,25508.85,25508.85,38506
2026-02-06 10:12:45+05:30,25509.8,25515.95,25509.8,25515.95,215249
2026-02-06 10:12:50+05:30,25517.2,25520.1,25517.2,25519.55,61267
2026-02-06 10:12:55+05:30,25517.7,25522.3,25517.5,25522.3,68937
2026-02-06 10:13:00+05:30,25519.8,25521.75,25519.8,25521.75,90107
2026-02-06 10:13:05+05:30,25521.65,25521.65,25519.5,25521.2,39332
2026-02-06 10:13:10+05:30,25520.5,25521.15,25519.85,25519.85,73637
2026-02-06 10:13:15+05:30,25519.7,25519.95,25517.25,25517.25,84895
2026-02-06 10:13:20+05:30,25517.25,25517.45,25514.0,25514.0,135247
2026-02-06 10:13:25+05:30,25514.45,25514.9,25513.05,25513.05,60961
2026-02-06 10:13:30+05:30,25513.05,25514.05,25512.75,25513.25,57737
2026-02-06 10:13:35+05:30,25515.2,25515.2,25513.95,25514.75,34340
2026-02-06 10:13:40+05:30,25514.15,25516.25,25514.15,25515.1,38736
2026-02-06 10:13:45+05:30,25514.55,25516.0,25514.55,25515.15,29558
2026-02-06 10:13:50+05:30,25515.8,25516.65,25515.0,25515.5,47925
2026-02-06 10:13:55+05:30,25515.15,25515.65,25514.5,25514.9,47540
2026-02-06 10:14:00+05:30,25515.2,25515.2,25513.5,25513.5,33841
2026-02-06 10:14:05+05:30,25514.9,25514.9,25512.55,25512.55,45827
2026-02-06 10:14:10+05:30,25512.05,25514.45,25511.85,25514.4,72995
2026-02-06 10:14:15+05:30,25514.25,25516.6,25514.25,25516.6,58108
2026-02-06 10:14:20+05:30,25517.25,25517.25,25514.5,25516.15,51031
2026-02-06 10:14:25+05:30,25516.5,25517.45,25516.5,25517.3,44160
2026-02-06 10:14:30+05:30,25516.05,25517.5,25515.3,25516.2,77376
2026-02-06 10:14:35+05:30,25517.35,25517.35,25515.15,25515.3,40395
2026-02-06 10:14:40+05:30,25515.1,25517.45,25515.1,25515.75,100559
2026-02-06 10:14:45+05:30,25515.35,25515.9,25513.95,25514.25,23121
2026-02-06 10:14:50+05:30,25514.8,25515.9,25513.3,25514.9,91547
2026-02-06 10:14:55+05:30,25515.65,25516.55,25515.55,25515.8,95544
2026-02-06 10:15:00+05:30,25517.2,25517.2,25515.95,25516.0,75937
2026-02-06 10:15:05+05:30,25516.45,25517.05,25514.7,25515.7,92011
2026-02-06 10:15:10+05:30,25514.85,25515.35,25514.0,25514.0,70720
2026-02-06 10:15:15+05:30,25513.85,25515.3,25513.85,25514.25,42745
2026-02-06 10:15:20+05:30,25515.75,25517.05,25515.4,25515.4,40627
2026-02-06 10:15:25+05:30,25515.7,25516.85,25514.95,25516.85,47445
2026-02-06 10:15:30+05:30,25517.25,25520.45,25517.25,25520.45,40917
2026-02-06 10:15:35+05:30,25521.0,25522.65,25520.95,25521.15,47748
2026-02-06 10:15:40+05:30,25521.5,25522.55,25520.6,25521.4,64907
2026-02-06 10:15:45+05:30,25521.1,25522.0,25520.7,25520.75,38607
2026-02-06 10:15:50+05:30,25521.15,25522.25,25520.1,25521.35,15916
2026-02-06 10:15:55+05:30,25521.3,25521.3,25518.35,25518.5,28340
2026-02-06 10:16:00+05:30,25518.35,25518.85,25515.35,25515.35,95856
2026-02-06 10:16:05+05:30,25516.3,25516.3,25513.8,25514.65,29461
2026-02-06 10:16:10+05:30,25514.15,25514.15,25511.6,25512.7,88508
2026-02-06 10:16:15+05:30,25513.45,25515.3,25513.1,25514.35,60868
2026-02-06 10:16:20+05:30,25514.35,25516.55,25514.05,25514.55,30202
2026-02-06 10:16:25+05:30,25514.55,25515.7,25514.25,25514.55,39980
2026-02-06 10:16:30+05:30,25514.1,25514.1,25512.65,25512.65,26655
2026-02-06 10:16:35+05:30,25514.6,25514.85,25513.15,25513.5,55910
2026-02-06 10:16:40+05:30,25513.25,25513.7,25512.35,25513.45,38295
2026-02-06 10:16:45+05:30,25513.15,25514.6,25513.05,25513.9,39821
2026-02-06 10:16:50+05:30,25514.6,25517.8,25513.95,25516.45,37723
2026-02-06 10:16:55+05:30,25516.75,25516.75,25516.1,25516.2,105531
2026-02-06 10:17:00+05:30,25515.75,25517.15,25515.75,25517.15,34504
2026-02-06 10:17:05+05:30,25517.5,25517.7,25516.85,25517.2,24757
2026-02-06 10:17:10+05:30,25517.15,25521.4,25516.6,25520.85,92580
2026-02-06 10:17:15+05:30,25521.75,25521.8,25519.55,25519.6,60461
2026-02-06 10:17:20+05:30,25519.8,25519.85,25515.85,25519.85,80808
2026-02-06 10:17:25+05:30,25520.45,25523.55,25518.75,25518.75,97354
2026-02-06 10:17:30+05:30,25519.35,25521.65,25519.2,25521.5,114069
2026-02-06 10:17:35+05:30,25522.75,25525.6,25521.9,25524.4,76905
2026-02-06 10:17:40+05:30,25523.15,25525.35,25522.9,25524.75,66703
2026-02-06 10:17:45+05:30,25525.5,25526.15,25524.45,25525.55,70596
2026-02-06 10:17:50+05:30,25526.45,25527.6,25525.5,25526.4,56367
2026-02-06 10:17:55+05:30,25526.5,25528.0,25526.5,25526.85,26579
2026-02-06 10:18:00+05:30,25527.4,25528.8,25526.75,25528.8,64121
2026-02-06 10:18:05+05:30,25532.5,25532.55,25530.15,25531.95,114049
2026-02-06 10:18:10+05:30,25530.45,25532.5,25530.45,25532.05,48086
2026-02-06 10:18:15+05:30,25532.35,25532.35,25530.65,25532.05,32047
2026-02-06 10:18:20+05:30,25532.7,25534.65,25532.7,25533.0,44176
2026-02-06 10:18:25+05:30,25533.2,25536.7,25533.2,25536.7,57182
2026-02-06 10:18:30+05:30,25536.2,25538.0,25536.15,25537.7,33380
2026-02-06 10:18:35+05:30,25537.6,25541.75,25537.0,25541.75,81685
2026-02-06 10:18:40+05:30,25540.8,25543.4,25540.8,25542.95,34309
2026-02-06 10:18:45+05:30,25542.75,25544.85,25541.65,25544.85,82968
2026-02-06 10:18:50+05:30,25545.95,25551.65,25545.95,25551.65,99526
2026-02-06 10:18:55+05:30,25551.25,25553.1,25550.9,25551.7,136550
2026-02-06 10:19:00+05:30,25552.1,25553.2,25548.85,25548.85,83211
2026-02-06 10:19:05+05:30,25550.35,25553.0,25549.15,25552.15,122191
2026-02-06 10:19:10+05:30,25550.95,25551.45,25548.65,25550.4,95191
2026-02-06 10:19:15+05:30,25550.9,25551.85,25549.55,25549.95,33637
2026-02-06 10:19:20+05:30,25551.55,25552.0,25549.65,25550.7,63053
2026-02-06 10:19:25+05:30,25550.4,25552.35,25549.35,25552.35,44807
2026-02-06 10:19:30+05:30,25549.8,25551.45,25548.8,25551.0,71858
2026-02-06 10:19:35+05:30,25552.8,25552.8,25550.6,25551.05,45922
2026-02-06 10:19:40+05:30,25552.7,25552.9,25550.65,25550.65,64518
2026-02-06 10:19:45+05:30,25549.75,25549.75,25545.9,25546.1,89371
2026-02-06 10:19:50+05:30,25546.65,25546.65,25544.55,25544.55,36766
2026-02-06 10:19:55+05:30,25544.6,25545.45,25543.85,25544.85,65946
2026-02-06 10:20:00+05:30,25543.95,25545.45,25543.95,25545.2,35945
2026-02-06 10:20:05+05:30,25545.95,25550.15,25545.95,25548.35,47165
2026-02-06 10:20:10+05:30,25549.0,25549.0,25544.65,25544.65,55701
2026-02-06 10:20:15+05:30,25545.85,25548.0,25545.1,25547.55,28693
2026-02-06 10:20:20+05:30,25548.4,25550.8,25547.55,25550.8,51677
2026-02-06 10:20:25+05:30,25549.7,25550.25,25548.8,25549.0,35586
2026-02-06 10:20:30+05:30,25548.35,25550.5,25546.85,25550.5,38233
2026-02-06 10:20:35+05:30,25549.15,25549.35,25548.15,25548.8,39158
2026-02-06 10:20:40+05:30,25547.65,25548.7,25547.5,25548.65,22312
2026-02-06 10:20:45+05:30,25548.3,25549.1,25547.05,25547.3,49125
2026-02-06 10:20:50+05:30,25548.05,25548.05,25546.55,25547.2,45798
2026-02-06 10:20:55+05:30,25546.9,25547.55,25546.7,25546.7,37812
2026-02-06 10:21:00+05:30,25546.45,25546.85,25545.65,25546.05,53065
2026-02-06 10:21:05+05:30,25546.95,25546.95,25541.35,25541.35,42084
2026-02-06 10:21:10+05:30,25541.1,25543.25,25539.45,25543.25,63473
2026-02-06 10:21:15+05:30,25542.45,25544.35,25542.45,25544.35,49101
2026-02-06 10:21:20+05:30,25544.15,25546.0,25544.15,25545.7,45531
2026-02-06 10:21:25+05:30,25545.45,25547.75,25545.0,25546.8,68222
2026-02-06 10:21:30+05:30,25546.9,25547.0,25545.45,25545.65,36734
2026-02-06 10:21:35+05:30,25546.65,25547.0,25545.5,25546.0,31527
2026-02-06 10:21:40+05:30,25546.15,25546.15,25544.35,25544.75,28372
2026-02-06 10:21:45+05:30,25544.7,25546.45,25544.7,25545.7,41439
2026-02-06 10:21:50+05:30,25546.0,25548.35,25545.95,25547.5,25308
2026-02-06 10:21:55+05:30,25547.4,25549.05,25546.9,25547.55,30459
2026-02-06 10:22:00+05:30,25546.3,25548.4,25545.75,25547.55,76125
2026-02-06 10:22:05+05:30,25549.1,25550.2,25548.95,25548.95,59423
2026-02-06 10:22:10+05:30,25549.05,25549.55,25548.25,25548.55,44912
2026-02-06 10:22:15+05:30,25548.3,25548.95,25547.85,25548.85,67140
2026-02-06 10:22:20+05:30,25549.55,25550.35,25548.7,25549.6,21880
2026-02-06 10:22:25+05:30,25549.6,25551.65,25548.75,25551.6,49175
2026-02-06 10:22:30+05:30,25551.6,25551.6,25550.15,25550.85,14531
2026-02-06 10:22:35+05:30,25551.15,25551.15,25549.65,25549.65,43408
2026-02-06 10:22:40+05:30,25549.75,25551.0,25549.25,25550.75,37888
2026-02-06 10:22:45+05:30,25551.1,25552.7,25551.1,25552.4,30977
2026-02-06 10:22:50+05:30,25552.75,25553.55,25552.3,25553.2,49240
2026-02-06 10:22:55+05:30,25552.55,25554.85,25552.55,25554.85,36457
2026-02-06 10:23:00+05:30,25553.85,25554.4,25553.55,25553.55,31810
2026-02-06 10:23:05+05:30,25554.55,25555.45,25554.1,25555.2,23382
2026-02-06 10:23:10+05:30,25554.45,25555.05,25553.75,25554.25,33058
2026-02-06 10:23:15+05:30,25554.3,25555.4,25554.3,25554.55,24217
2026-02-06 10:23:20+05:30,25556.4,25556.8,25554.1,25556.8,60280
2026-02-06 10:23:25+05:30,25556.65,25558.8,25556.65,25557.4,45863
2026-02-06 10:23:30+05:30,25556.9,25557.45,25556.3,25556.5,37215
2026-02-06 10:23:35+05:30,25558.5,25558.5,25556.6,25556.75,37837
2026-02-06 10:23:40+05:30,25556.05,25556.05,25554.55,25554.7,70467
2026-02-06 10:23:45+05:30,25554.15,25554.15,25552.5,25553.75,53917
2026-02-06 10:23:50+05:30,25555.2,25555.2,25552.75,25553.15,60220
2026-02-06 10:23:55+05:30,25553.3,25554.1,25553.3,25553.6,50084
2026-02-06 10:24:00+05:30,25553.15,25554.3,25552.9,25554.3,31626
2026-02-06 10:24:05+05:30,25555.25,25556.15,25554.55,25554.7,97703
2026-02-06 10:24:10+05:30,25553.45,25553.9,25551.45,25552.15,51184
2026-02-06 10:24:15+05:30,25552.55,25553.1,25551.65,25552.0,38039
2026-02-06 10:24:20+05:30,25553.55,25553.55,25552.25,25552.95,33906
2026-02-06 10:24:25+05:30,25552.1,25552.1,25549.35,25549.35,94246
2026-02-06 10:24:30+05:30,25549.5,25549.5,25547.25,25547.25,65466
2026-02-06 10:24:35+05:30,25547.85,25548.55,25546.3,25548.1,47870
2026-02-06 10:24:40+05:30,25548.3,25548.55,25546.9,25547.95,32295
2026-02-06 10:24:45+05:30,25547.05,25547.4,25546.45,25546.9,32574
2026-02-06 10:24:50+05:30,25546.8,25547.55,25545.9,25547.55,48672
2026-02-06 10:24:55+05:30,25546.15,25546.15,25544.7,25544.7,32943
2026-02-06 10:25:00+05:30,25543.95,25545.6,25543.95,25545.45,43681
2026-02-06 10:25:05+05:30,25546.4,25546.4,25545.05,25545.15,24619
2026-02-06 10:25:10+05:30,25544.75,25545.75,25544.75,25545.3,25236
2026-02-06 10:25:15+05:30,25544.55,25545.4,25543.6,25543.8,40066
2026-02-06 10:25:20+05:30,25545.45,25546.1,25543.8,25545.25,55976
2026-02-06 10:25:25+05:30,25545.25,25545.25,25542.7,25542.7,73217
2026-02-06 10:25:30+05:30,25542.7,25543.25,25541.65,25542.0,132223
2026-02-06 10:25:35+05:30,25542.75,25542.75,25540.85,25540.85,42198
2026-02-06 10:25:40+05:30,25540.2,25540.2,25537.75,25538.05,68143
2026-02-06 10:25:45+05:30,25537.45,25538.3,25537.0,25538.3,48836
2026-02-06 10:25:50+05:30,25538.35,25538.35,25534.85,25535.05,85867
2026-02-06 10:25:55+05:30,25535.2,25535.2,25532.15,25533.8,50710
2026-02-06 10:26:00+05:30,25532.85,25533.05,25530.3,25533.0,30314
2026-02-06 10:26:05+05:30,25533.6,25534.5,25533.2,25534.35,62314
2026-02-06 10:26:10+05:30,25532.9,25535.15,25532.8,25535.0,50909
2026-02-06 10:26:15+05:30,25534.4,25534.4,25532.15,25532.15,38744
2026-02-06 10:26:20+05:30,25534.0,25534.6,25533.0,25533.0,52786
2026-02-06 10:26:25+05:30,25532.6,25533.85,25532.6,25533.85,23043
2026-02-06 10:26:30+05:30,25533.45,25534.05,25533.1,25533.2,36250
2026-02-06 10:26:35+05:30,25535.05,25535.75,25534.4,25534.45,43218
2026-02-06 10:26:40+05:30,25534.1,25536.1,25533.35,25536.1,1058214
2026-02-06 10:26:45+05:30,25536.2,25538.0,25536.2,25537.65,77400
2026-02-06 10:26:50+05:30,25538.35,25542.05,25538.3,25540.65,108263
2026-02-06 10:26:55+05:30,25540.6,25541.0,25540.15,25540.2,37963
2026-02-06 10:27:00+05:30,25539.7,25541.0,25538.35,25538.7,59945
2026-02-06 10:27:05+05:30,25539.7,25539.75,25537.95,25537.95,45789
2026-02-06 10:27:10+05:30,25537.9,25538.25,25536.7,25537.35,49535
2026-02-06 10:27:15+05:30,25536.85,25537.9,25536.3,25537.9,65806
2026-02-06 10:27:20+05:30,25537.8,25537.8,25536.0,25536.0,67233
2026-02-06 10:27:25+05:30,25535.25,25535.95,25532.9,25532.9,49269
2026-02-06 10:27:30+05:30,25533.0,25533.3,25531.15,25531.2,49604
2026-02-06 10:27:35+05:30,25533.05,25533.25,25531.9,25531.9,49313
2026-02-06 10:27:40+05:30,25533.0,25534.15,25532.5,25533.35,64980
2026-02-06 10:27:45+05:30,25532.85,25534.1,25532.8,25533.65,34825
2026-02-06 10:27:50+05:30,25534.6,25535.5,25532.65,25535.35,197911
2026-02-06 10:27:55+05:30,25534.8,25534.8,25533.1,25533.45,148439
2026-02-06 10:28:00+05:30,25533.05,25533.05,25530.55,25530.55,94234
2026-02-06 10:28:05+05:30,25531.6,25531.6,25529.6,25529.6,77672
2026-02-06 10:28:10+05:30,25528.6,25529.4,25527.35,25527.45,39104
2026-02-06 10:28:15+05:30,25527.3,25527.5,25526.05,25526.2,91060
2026-02-06 10:28:20+05:30,25527.2,25527.2,25524.4,25525.05,33949
2026-02-06 10:28:25+05:30,25524.0,25525.6,25523.95,25525.6,154294
2026-02-06 10:28:30+05:30,25525.6,25525.6,25523.65,25524.25,51242
2026-02-06 10:28:35+05:30,25525.1,25525.85,25523.8,25525.55,58403
2026-02-06 10:28:40+05:30,25525.6,25526.45,25525.55,25525.7,40546
2026-02-06 10:28:45+05:30,25526.15,25526.45,25525.55,25525.85,35326
2026-02-06 10:28:50+05:30,25528.0,25528.35,25526.2,25526.2,46959
2026-02-06 10:28:55+05:30,25525.5,25525.95,25524.7,25524.7,48389
2026-02-06 10:29:00+05:30,25525.35,25525.35,25520.2,25520.2,49599
2026-02-06 10:29:05+05:30,25522.45,25522.45,25519.35,25519.85,99196
2026-02-06 10:29:10+05:30,25519.0,25520.3,25517.7,25518.3,73973
2026-02-06 10:29:15+05:30,25517.5,25517.95,25516.15,25517.0,44409
2026-02-06 10:29:20+05:30,25517.8,25518.65,25515.15,25516.5,114786
2026-02-06 10:29:25+05:30,25515.65,25515.8,25513.4,25513.4,49744
2026-02-06 10:29:30+05:30,25513.5,25513.65,25512.35,25512.35,56450
2026-02-06 10:29:35+05:30,25513.65,25513.65,25511.6,25511.6,57853
2026-02-06 10:29:40+05:30,25512.0,25513.55,25510.6,25513.55,49582
2026-02-06 10:29:45+05:30,25513.4,25513.55,25510.65,25510.65,56466
2026-02-06 10:29:50+05:30,25512.05,25512.05,25509.2,25509.2,39976
2026-02-06 10:29:55+05:30,25509.35,25510.65,25506.65,25506.65,101566
2026-02-06 10:30:00+05:30,25507.1,25507.6,25499.55,25501.0,176529
2026-02-06 10:30:05+05:30,25500.85,25501.9,25499.65,25500.5,94707
2026-02-06 10:30:10+05:30,25499.5,25499.7,25497.4,25498.8,78709
2026-02-06 10:30:15+05:30,25498.6,25499.3,25497.1,25498.85,61229
2026-02-06 10:30:20+05:30,25500.95,25501.5,25498.85,25500.1,75468
2026-02-06 10:30:25+05:30,25501.6,25503.05,25499.55,25502.7,56355
2026-02-06 10:30:30+05:30,25502.6,25506.1,25501.5,25506.1,39606
2026-02-06 10:30:35+05:30,25507.05,25507.4,25505.3,25505.9,39790
2026-02-06 10:30:40+05:30,25505.25,25507.35,25504.9,25505.45,73756
2026-02-06 10:30:45+05:30,25505.25,25506.45,25504.95,25504.95,50735
2026-02-06 10:30:50+05:30,25505.65,25506.7,25504.25,25505.6,37707
2026-02-06 10:30:55+05:30,25505.7,25506.05,25504.25,25504.6,33517
2026-02-06 10:31:00+05:30,25504.95,25507.0,25504.95,25506.25,21617
2026-02-06 10:31:05+05:30,25507.4,25509.7,25507.3,25508.25,35556
2026-02-06 10:31:10+05:30,25508.1,25510.25,25507.95,25509.9,42420
2026-02-06 10:31:15+05:30,25510.0,25512.0,25508.2,25508.8,50965
2026-02-06 10:31:20+05:30,25509.35,25509.35,25505.8,25505.8,29607
2026-02-06 10:31:25+05:30,25505.85,25506.25,25500.4,25500.4,188043
2026-02-06 10:31:30+05:30,25500.4,25500.4,25498.9,25499.05,86901
2026-02-06 10:31:35+05:30,25499.05,25501.5,25499.05,25500.1,48686
2026-02-06 10:31:40+05:30,25500.55,25502.9,25500.55,25502.6,68676
2026-02-06 10:31:45+05:30,25503.55,25503.55,25501.15,25502.35,45461
2026-02-06 10:31:50+05:30,25503.45,25506.6,25502.95,25505.55,49073
2026-02-06 10:31:55+05:30,25506.2,25506.65,25504.55,25505.95,49110
2026-02-06 10:32:00+05:30,25506.15,25510.45,25505.95,25508.45,65045
2026-02-06 10:32:05+05:30,25509.75,25510.25,25507.3,25508.25,88539
2026-02-06 10:32:10+05:30,25507.35,25508.25,25505.75,25507.95,74462
2026-02-06 10:32:15+05:30,25507.35,25508.45,25507.35,25508.35,41134
2026-02-06 10:32:20+05:30,25509.25,25511.65,25508.4,25511.25,35320
2026-02-06 10:32:25+05:30,25510.6,25513.45,25510.6,25512.3,45159
2026-02-06 10:32:30+05:30,25511.8,25514.0,25511.8,25513.65,42908
2026-02-06 10:32:35+05:30,25514.15,25514.15,25512.15,25512.35,31708
2026-02-06 10:32:40+05:30,25512.05,25512.75,25511.1,25511.15,75818
2026-02-06 10:32:45+05:30,25512.1,25512.1,25510.1,25510.45,43218
2026-02-06 10:32:50+05:30,25511.2,25511.2,25509.95,25510.15,47892
2026-02-06 10:32:55+05:30,25510.2,25511.25,25509.5,25509.85,44077
2026-02-06 10:33:00+05:30,25509.5,25510.05,25507.9,25507.9,105868
2026-02-06 10:33:05+05:30,25508.95,25510.8,25508.0,25509.75,136334
2026-02-06 10:33:10+05:30,25509.35,25510.15,25506.5,25506.5,74086
2026-02-06 10:33:15+05:30,25505.95,25508.0,25505.75,25508.0,70194
2026-02-06 10:33:20+05:30,25508.75,25510.3,25507.75,25510.3,63502
2026-02-06 10:33:25+05:30,25509.9,25510.15,25508.3,25508.95,27258
2026-02-06 10:33:30+05:30,25508.3,25510.7,25508.1,25510.7,42870
2026-02-06 10:33:35+05:30,25511.3,25511.3,25509.3,25509.7,33210
2026-02-06 10:33:40+05:30,25509.65,25509.85,25508.3,25508.3,34101
2026-02-06 10:33:45+05:30,25508.2,25508.3,25506.0,25506.0,54970
2026-02-06 10:33:50+05:30,25507.2,25507.2,25505.55,25505.55,50337
2026-02-06 10:33:55+05:30,25504.85,25505.35,25504.0,25505.35,38559
2026-02-06 10:34:00+05:30,25504.0,25504.3,25503.15,25503.3,43244
2026-02-06 10:34:05+05:30,25504.9,25504.9,25503.25,25503.3,35645
2026-02-06 10:34:10+05:30,25503.25,25504.25,25502.7,25503.4,76009
2026-02-06 10:34:15+05:30,25503.35,25504.15,25502.95,25504.15,51425
2026-02-06 10:34:20+05:30,25504.2,25504.2,25501.4,25501.4,31305
2026-02-06 10:34:25+05:30,25501.55,25501.7,25496.1,25497.6,141256
2026-02-06 10:34:30+05:30,25498.8,25500.1,25498.15,25498.15,1147690
2026-02-06 10:34:35+05:30,25498.15,25504.8,25498.15,25503.0,136825
2026-02-06 10:34:40+05:30,25501.4,25502.8,25501.4,25502.15,16001
2026-02-06 10:34:45+05:30,25502.9,25505.45,25502.9,25505.45,45197
2026-02-06 10:34:50+05:30,25506.25,25506.25,25503.8,25503.95,32665
2026-02-06 10:34:55+05:30,25504.35,25504.8,25503.1,25504.8,42147
2026-02-06 10:35:00+05:30,25504.85,25504.85,25502.4,25502.9,40320
2026-02-06 10:35:05+05:30,25504.3,25505.9,25503.25,25505.7,51521
2026-02-06 10:35:10+05:30,25505.2,25505.9,25504.4,25504.4,44857
2026-02-06 10:35:15+05:30,25503.55,25504.75,25503.25,25503.25,39561
2026-02-06 10:35:20+05:30,25504.55,25504.95,25503.5,25503.95,38582
2026-02-06 10:35:25+05:30,25504.15,25504.9,25504.15,25504.3,51174
2026-02-06 10:35:30+05:30,25503.7,25504.6,25502.95,25503.65,41515
2026-02-06 10:35:35+05:30,25504.15,25505.8,25503.75,25505.45,85853
2026-02-06 10:35:40+05:30,25505.85,25507.1,25504.85,25507.1,34663
2026-02-06 10:35:45+05:30,25507.35,25507.55,25506.3,25506.85,42155
2026-02-06 10:35:50+05:30,25508.15,25510.35,25507.15,25509.45,298939
2026-02-06 10:35:55+05:30,25509.4,25510.25,25508.35,25509.45,85949
2026-02-06 10:36:00+05:30,25509.65,25510.95,25508.9,25510.05,40625
2026-02-06 10:36:05+05:30,25512.1,25512.15,25510.0,25510.0,51392
2026-02-06 10:36:10+05:30,25510.55,25511.25,25509.5,25511.25,27808
2026-02-06 10:36:15+05:30,25510.55,25512.3,25510.55,25512.3,46717
2026-02-06 10:36:20+05:30,25513.2,25513.2,25511.75,25511.8,32391
2026-02-06 10:36:25+05:30,25512.1,25512.95,25512.05,25512.85,56618
2026-02-06 10:36:30+05:30,25513.1,25514.65,25512.7,25514.65,75442
2026-02-06 10:36:35+05:30,25516.3,25516.3,25515.2,25515.2,72308
2026-02-06 10:36:40+05:30,25516.3,25518.3,25516.3,25518.3,41518
2026-02-06 10:36:45+05:30,25518.4,25519.15,25517.85,25518.85,36367
2026-02-06 10:36:50+05:30,25519.25,25519.4,25518.0,25518.9,52864
2026-02-06 10:36:55+05:30,25519.05,25520.55,25518.95,25520.55,28680
2026-02-06 10:37:00+05:30,25519.35,25519.9,25516.5,25518.2,68431
2026-02-06 10:37:05+05:30,25518.4,25520.55,25517.55,25520.4,52984
2026-02-06 10:37:10+05:30,25519.3,25520.85,25519.3,25520.2,53068
2026-02-06 10:37:15+05:30,25518.45,25518.65,25517.1,25517.2,26917
2026-02-06 10:37:20+05:30,25517.3,25518.05,25515.75,25515.75,62782
2026-02-06 10:37:25+05:30,25515.25,25515.6,25509.8,25509.8,52625
2026-02-06 10:37:30+05:30,25509.95,25509.95,25508.75,25508.85,54056
2026-02-06 10:37:35+05:30,25508.85,25509.9,25508.3,25508.3,42989
2026-02-06 10:37:40+05:30,25508.8,25509.45,25508.45,25508.5,35830
2026-02-06 10:37:45+05:30,25508.7,25508.95,25506.15,25506.15,55652
2026-02-06 10:37:50+05:30,25506.5,25506.85,25505.65,25506.0,37341
2026-02-06 10:37:55+05:30,25504.7,25505.35,25503.75,25504.8,55789
2026-02-06 10:38:00+05:30,25503.95,25509.35,25503.95,25509.35,50804
2026-02-06 10:38:05+05:30,25510.1,25511.35,25509.9,25510.15,57278
2026-02-06 10:38:10+05:30,25511.45,25516.2,25511.45,25515.35,144471
2026-02-06 10:38:15+05:30,25514.15,25516.6,25514.15,25515.6,66887
2026-02-06 10:38:20+05:30,25517.65,25517.75,25516.15,25516.45,60663
2026-02-06 10:38:25+05:30,25515.55,25519.6,25515.55,25517.8,71113
2026-02-06 10:38:30+05:30,25518.9,25519.35,25516.6,25516.6,51131
2026-02-06 10:38:35+05:30,25517.1,25517.6,25516.15,25516.4,33444
2026-02-06 10:38:40+05:30,25515.4,25517.85,25515.4,25517.85,33512
2026-02-06 10:38:45+05:30,25518.05,25518.05,25516.1,25516.75,25845
2026-02-06 10:38:50+05:30,25517.35,25520.05,25517.35,25519.7,95244
2026-02-06 10:38:55+05:30,25520.45,25520.45,25518.0,25518.2,37774
2026-02-06 10:39:00+05:30,25518.8,25519.25,25518.0,25518.1,30663
2026-02-06 10:39:05+05:30,25518.85,25520.7,25518.55,25520.2,35078
2026-02-06 10:39:10+05:30,25519.65,25521.3,25519.65,25519.85,50532
2026-02-06 10:39:15+05:30,25520.25,25520.75,25519.15,25519.8,41750
2026-02-06 10:39:20+05:30,25520.25,25522.3,25520.05,25521.8,1220685
2026-02-06 10:39:25+05:30,25522.6,25522.6,25521.3,25521.85,48472
2026-02-06 10:39:30+05:30,25521.1,25525.1,25521.1,25524.75,51756
2026-02-06 10:39:35+05:30,25525.0,25525.0,25523.15,25524.45,43945
2026-02-06 10:39:40+05:30,25524.35,25525.85,25523.95,25525.1,76717
2026-02-06 10:39:45+05:30,25524.4,25524.55,25523.55,25524.1,44098
2026-02-06 10:39:50+05:30,25524.55,25524.55,25522.3,25522.3,43914
2026-02-06 10:39:55+05:30,25522.8,25523.35,25520.7,25522.45,64015
2026-02-06 10:40:00+05:30,25521.6,25522.35,25520.1,25521.65,60216
2026-02-06 10:40:05+05:30,25521.95,25523.65,25521.7,25522.55,68268
2026-02-06 10:40:10+05:30,25522.65,25522.65,25520.2,25521.85,52340
2026-02-06 10:40:15+05:30,25520.7,25520.8,25519.95,25520.15,58714
2026-02-06 10:40:20+05:30,25520.7,25520.7,25519.7,25520.1,36197
2026-02-06 10:40:25+05:30,25519.2,25520.1,25519.2,25519.65,45833
2026-02-06 10:40:30+05:30,25518.55,25519.15,25516.1,25516.1,27262
2026-02-06 10:40:35+05:30,25515.95,25515.95,25513.8,25515.05,78968
2026-02-06 10:40:40+05:30,25515.25,25516.4,25514.45,25515.2,44868
2026-02-06 10:40:45+05:30,25515.55,25516.3,25514.95,25514.95,48344
2026-02-06 10:40:50+05:30,25516.75,25516.75,25515.2,25516.35,227281
2026-02-06 10:40:55+05:30,25516.4,25516.5,25514.35,25514.35,50250
2026-02-06 10:41:00+05:30,25513.5,25514.2,25513.15,25513.25,47367
2026-02-06 10:41:05+05:30,25514.25,25514.25,25512.35,25512.35,51290
2026-02-06 10:41:10+05:30,25511.9,25512.3,25510.1,25510.2,54932
2026-02-06 10:41:15+05:30,25508.85,25511.0,25508.85,25510.0,43841
2026-02-06 10:41:20+05:30,25510.5,25510.5,25506.3,25506.55,73041
2026-02-06 10:41:25+05:30,25506.0,25506.85,25504.55,25506.1,52119
2026-02-06 10:41:30+05:30,25505.25,25506.55,25503.6,25505.0,52388
2026-02-06 10:41:35+05:30,25507.1,25508.15,25505.8,25506.55,36685
2026-02-06 10:41:40+05:30,25507.25,25508.65,25506.85,25507.25,108389
2026-02-06 10:41:45+05:30,25506.6,25508.5,25506.6,25507.35,51433
2026-02-06 10:41:50+05:30,25509.1,25510.75,25508.5,25508.55,51964
2026-02-06 10:41:55+05:30,25507.95,25508.9,25505.85,25506.75,42073
2026-02-06 10:42:00+05:30,25506.0,25508.9,25506.0,25508.55,55289
2026-02-06 10:42:05+05:30,25509.85,25509.9,25508.8,25508.95,43603
2026-02-06 10:42:10+05:30,25509.15,25510.7,25509.15,25509.45,51227
2026-02-06 10:42:15+05:30,25509.25,25510.2,25508.65,25508.65,77172
2026-02-06 10:42:20+05:30,25510.7,25510.7,25508.65,25508.65,31703
2026-02-06 10:42:25+05:30,25508.45,25509.65,25508.1,25508.9,47154
2026-02-06 10:42:30+05:30,25508.25,25508.75,25506.65,25506.65,52177
2026-02-06 10:42:35+05:30,25505.6,25505.6,25500.55,25501.05,133951
2026-02-06 10:42:40+05:30,25502.0,25503.7,25501.95,25503.0,42422
2026-02-06 10:42:45+05:30,25503.25,25503.6,25502.25,25503.5,63746
2026-02-06 10:42:50+05:30,25505.85,25505.85,25502.5,25504.15,61741
2026-02-06 10:42:55+05:30,25504.05,25507.2,25504.05,25507.2,45848
2026-02-06 10:43:00+05:30,25507.1,25507.1,25503.3,25503.55,50097
2026-02-06 10:43:05+05:30,25504.6,25505.55,25503.95,25503.95,76369
2026-02-06 10:43:10+05:30,25503.25,25504.1,25502.55,25503.65,51945
2026-02-06 10:43:15+05:30,25503.2,25504.45,25503.15,25503.3,46294
2026-02-06 10:43:20+05:30,25504.6,25504.6,25503.5,25503.65,31563
2026-02-06 10:43:25+05:30,25503.0,25504.3,25503.0,25504.3,53009
2026-02-06 10:43:30+05:30,25504.3,25507.5,25504.3,25506.65,95994
2026-02-06 10:43:35+05:30,25506.65,25508.0,25506.5,25507.4,34509
2026-02-06 10:43:40+05:30,25507.4,25507.65,25503.85,25503.85,41882
2026-02-06 10:43:45+05:30,25504.6,25504.6,25501.4,25501.4,68792
2026-02-06 10:43:50+05:30,25501.7,25502.7,25500.7,25502.15,52014
2026-02-06 10:43:55+05:30,25501.75,25502.75,25501.25,25501.25,35128
2026-02-06 10:44:00+05:30,25501.4,25501.4,25497.9,25497.9,51506
2026-02-06 10:44:05+05:30,25500.05,25502.0,25499.8,25501.05,48811
2026-02-06 10:44:10+05:30,25500.1,25501.4,25500.1,25500.55,21514
2026-02-06 10:44:15+05:30,25501.65,25503.9,25501.65,25503.9,72600
2026-02-06 10:44:20+05:30,25505.4,25505.4,25502.9,25502.9,71138
2026-02-06 10:44:25+05:30,25502.65,25503.1,25501.45,25502.45,65902
2026-02-06 10:44:30+05:30,25502.2,25502.2,25500.55,25501.95,38592
2026-02-06 10:44:35+05:30,25502.15,25502.15,25499.85,25500.0,39813
2026-02-06 10:44:40+05:30,25500.05,25501.15,25499.35,25500.4,47644
2026-02-06 10:44:45+05:30,25500.8,25502.55,25500.8,25502.5,42953
2026-02-06 10:44:50+05:30,25503.15,25503.35,25501.4,25502.75,42188
2026-02-06 10:44:55+05:30,25503.05,25503.05,25501.6,25502.4,51605
2026-02-06 10:45:00+05:30,25501.7,25503.3,25501.5,25502.4,59022
2026-02-06 10:45:05+05:30,25503.65,25503.65,25499.55,25499.55,35135
2026-02-06 10:45:10+05:30,25498.65,25499.7,25498.65,25499.4,59250
2026-02-06 10:45:15+05:30,25498.25,25499.25,25497.75,25497.95,60496
2026-02-06 10:45:20+05:30,25498.8,25498.9,25497.05,25497.05,54095
2026-02-06 10:45:25+05:30,25496.95,25498.55,25496.95,25498.55,43198
2026-02-06 10:45:30+05:30,25497.25,25499.05,25497.25,25498.55,52226
2026-02-06 10:45:35+05:30,25500.1,25501.45,25499.75,25500.55,41464
2026-02-06 10:45:40+05:30,25500.6,25501.65,25499.75,25501.65,46092
2026-02-06 10:45:45+05:30,25501.4,25502.2,25501.1,25501.25,77443
2026-02-06 10:45:50+05:30,25502.3,25503.4,25501.0,25501.0,26549
2026-02-06 10:45:55+05:30,25500.95,25504.55,25500.15,25504.55,56499
2026-02-06 10:46:00+05:30,25504.45,25505.85,25504.1,25505.85,109287
2026-02-06 10:46:05+05:30,25505.65,25506.2,25504.65,25505.15,33161
2026-02-06 10:46:10+05:30,25504.85,25505.3,25503.5,25503.9,30619
2026-02-06 10:46:15+05:30,25503.5,25504.65,25503.5,25504.0,43146
2026-02-06 10:46:20+05:30,25504.75,25506.3,25504.55,25505.25,61176
2026-02-06 10:46:25+05:30,25505.05,25507.7,25505.05,25507.05,70214
2026-02-06 10:46:30+05:30,25506.9,25507.9,25506.3,25507.9,49668
2026-02-06 10:46:35+05:30,25508.45,25509.6,25507.9,25509.25,32086
2026-02-06 10:46:40+05:30,25509.25,25509.6,25507.65,25509.6,54600
2026-02-06 10:46:45+05:30,25509.65,25511.85,25509.65,25511.8,83060
2026-02-06 10:46:50+05:30,25513.65,25516.15,25513.25,25516.15,75563
2026-02-06 10:46:55+05:30,25516.8,25517.95,25516.2,25517.0,85942
2026-02-06 10:47:00+05:30,25516.15,25516.3,25515.3,25515.6,35581
2026-02-06 10:47:05+05:30,25516.6,25518.05,25515.1,25517.0,29019
2026-02-06 10:47:10+05:30,25516.65,25516.8,25514.3,25514.3,66321
2026-02-06 10:47:15+05:30,25515.1,25516.95,25515.1,25516.2,65203
2026-02-06 10:47:20+05:30,25516.8,25516.8,25515.1,25515.3,61302
2026-02-06 10:47:25+05:30,25515.1,25515.45,25514.05,25515.3,85094
2026-02-06 10:47:30+05:30,25514.9,25515.7,25514.35,25514.9,89097
2026-02-06 10:47:35+05:30,25515.6,25515.6,25514.3,25514.4,44198
2026-02-06 10:47:40+05:30,25513.6,25515.0,25513.6,25513.9,46839
2026-02-06 10:47:45+05:30,25514.05,25514.65,25513.5,25514.2,53875
2026-02-06 10:47:50+05:30,25513.5,25513.5,25511.05,25511.65,30180
2026-02-06 10:47:55+05:30,25511.45,25512.35,25511.45,25512.15,84562
2026-02-06 10:48:00+05:30,25512.5,25512.6,25510.95,25511.3,27139
2026-02-06 10:48:05+05:30,25511.8,25511.8,25510.25,25510.25,23544
2026-02-06 10:48:10+05:30,25510.4,25510.4,25506.0,25507.25,98397
2026-02-06 10:48:15+05:30,25508.0,25508.0,25506.45,25506.55,84860
2026-02-06 10:48:20+05:30,25507.4,25507.4,25503.7,25503.7,78651
2026-02-06 10:48:25+05:30,25504.25,25504.3,25502.7,25502.95,68185
2026-02-06 10:48:30+05:30,25502.55,25502.95,25500.45,25500.45,65133
2026-02-06 10:48:35+05:30,25501.65,25501.85,25500.25,25501.3,58928
2026-02-06 10:48:40+05:30,25500.95,25503.5,25500.65,25502.8,97772
2026-02-06 10:48:45+05:30,25502.3,25502.35,25499.2,25499.7,102942
2026-02-06 10:48:50+05:30,25501.9,25502.7,25500.3,25501.05,57675
2026-02-06 10:48:55+05:30,25501.7,25503.9,25501.25,25503.45,139124
2026-02-06 10:49:00+05:30,25502.8,25503.75,25502.8,25503.55,94841
2026-02-06 10:49:05+05:30,25504.5,25507.8,25503.45,25507.45,77204
2026-02-06 10:49:10+05:30,25506.9,25508.2,25506.4,25507.7,69429
2026-02-06 10:49:15+05:30,25507.65,25508.8,25507.15,25507.15,61208
2026-02-06 10:49:20+05:30,25509.0,25509.15,25508.2,25508.35,59467
2026-02-06 10:49:25+05:30,25508.5,25511.55,25508.5,25510.65,43787
2026-02-06 10:49:30+05:30,25511.35,25512.0,25510.55,25510.55,34541
2026-02-06 10:49:35+05:30,25512.45,25513.4,25511.15,25511.85,27409
2026-02-06 10:49:40+05:30,25510.85,25512.0,25508.8,25509.55,45702
2026-02-06 10:49:45+05:30,25509.7,25509.8,25508.15,25508.15,36940
2026-02-06 10:49:50+05:30,25509.35,25509.35,25507.25,25508.65,63034
2026-02-06 10:49:55+05:30,25508.55,25508.8,25507.2,25507.8,79156
2026-02-06 10:50:00+05:30,25507.55,25507.55,25506.6,25506.85,38328
2026-02-06 10:50:05+05:30,25507.95,25510.55,25507.95,25509.2,85086
2026-02-06 10:50:10+05:30,25508.4,25508.4,25505.35,25505.35,85579
2026-02-06 10:50:15+05:30,25505.2,25505.2,25502.95,25504.55,54873
2026-02-06 10:50:20+05:30,25504.1,25504.35,25502.65,25502.9,64058
2026-02-06 10:50:25+05:30,25503.35,25503.35,25501.45,25501.45,48780
2026-02-06 10:50:30+05:30,25501.9,25502.05,25500.9,25501.4,30187
2026-02-06 10:50:35+05:30,25503.0,25503.0,25501.8,25502.7,43947
2026-02-06 10:50:40+05:30,25502.3,25502.3,25501.25,25502.05,49850
2026-02-06 10:50:45+05:30,25502.55,25503.7,25502.55,25503.5,100340
2026-02-06 10:50:50+05:30,25503.4,25504.2,25502.75,25503.45,51767
2026-02-06 10:50:55+05:30,25503.4,25503.8,25502.2,25502.3,45733
2026-02-06 10:51:00+05:30,25502.7,25503.0,25501.8,25502.2,40530
2026-02-06 10:51:05+05:30,25503.5,25504.0,25501.7,25503.25,34012
2026-02-06 10:51:10+05:30,25503.4,25504.3,25501.85,25502.7,44523
2026-02-06 10:51:15+05:30,25503.25,25503.7,25501.65,25501.9,72473
2026-02-06 10:51:20+05:30,25502.0,25502.75,25501.3,25501.7,50487
2026-02-06 10:51:25+05:30,25501.3,25501.6,25500.3,25501.1,75365
2026-02-06 10:51:30+05:30,25500.85,25502.05,25500.85,25501.85,61532
2026-02-06 10:51:35+05:30,25501.8,25504.0,25501.6,25503.35,78413
2026-02-06 10:51:40+05:30,25503.45,25504.05,25502.2,25503.25,75105
2026-02-06 10:51:45+05:30,25502.95,25503.05,25501.6,25502.7,74767
2026-02-06 10:51:50+05:30,25503.85,25504.35,25502.75,25503.4,81207
2026-02-06 10:51:55+05:30,25503.5,25504.35,25502.85,25504.35,66708
2026-02-06 10:52:00+05:30,25504.05,25505.05,25502.4,25502.4,82171
2026-02-06 10:52:05+05:30,25502.8,25502.8,25500.7,25501.85,60891
2026-02-06 10:52:10+05:30,25500.4,25500.45,25497.75,25497.8,39357
2026-02-06 10:52:15+05:30,25498.75,25499.3,25497.75,25498.7,44967
2026-02-06 10:52:20+05:30,25500.4,25500.5,25498.6,25499.55,98928
2026-02-06 10:52:25+05:30,25498.85,25500.15,25498.15,25499.7,103150
2026-02-06 10:52:30+05:30,25499.0,25499.3,25495.35,25496.2,87926
2026-02-06 10:52:35+05:30,25497.1,25497.1,25494.65,25495.25,129043
2026-02-06 10:52:40+05:30,25494.65,25499.15,25492.4,25498.45,122147
2026-02-06 10:52:45+05:30,25498.1,25500.4,25498.1,25500.05,101355
2026-02-06 10:52:50+05:30,25501.45,25501.65,25499.65,25501.2,88249
2026-02-06 10:52:55+05:30,25500.95,25505.6,25500.95,25504.9,127240
2026-02-06 10:53:00+05:30,25502.7,25504.1,25502.15,25504.1,66814
2026-02-06 10:53:05+05:30,25506.1,25506.1,25504.65,25505.2,61853
2026-02-06 10:53:10+05:30,25505.3,25507.7,25504.9,25507.7,88324
2026-02-06 10:53:15+05:30,25507.55,25510.5,25507.2,25510.3,82079
2026-02-06 10:53:20+05:30,25510.85,25513.2,25510.85,25511.35,40043
2026-02-06 10:53:25+05:30,25511.5,25512.6,25511.05,25511.05,73723
2026-02-06 10:53:30+05:30,25510.8,25513.5,25510.8,25513.05,54339
2026-02-06 10:53:35+05:30,25512.95,25512.95,25510.9,25510.9,52138
2026-02-06 10:53:40+05:30,25510.65,25512.55,25509.25,25509.25,64074
2026-02-06 10:53:45+05:30,25508.25,25508.25,25505.05,25505.6,110414
2026-02-06 10:53:50+05:30,25506.55,25506.85,25505.6,25506.5,41340
2026-02-06 10:53:55+05:30,25505.65,25506.5,25504.7,25505.65,33742
2026-02-06 10:54:00+05:30,25504.95,25505.5,25502.45,25503.1,94903
2026-02-06 10:54:05+05:30,25503.65,25503.95,25502.1,25503.55,64034
2026-02-06 10:54:10+05:30,25502.9,25504.0,25500.8,25500.8,64032
2026-02-06 10:54:15+05:30,25501.05,25501.8,25499.8,25499.8,95257
2026-02-06 10:54:20+05:30,25501.15,25501.15,25498.25,25498.7,51971
2026-02-06 10:54:25+05:30,25498.95,25499.25,25498.05,25498.05,44150
2026-02-06 10:54:30+05:30,25497.4,25498.5,25496.8,25497.7,55225
2026-02-06 10:54:35+05:30,25499.2,25499.2,25497.45,25497.85,50845
2026-02-06 10:54:40+05:30,25497.8,25499.3,25496.6,25499.3,44908
2026-02-06 10:54:45+05:30,25498.4,25499.9,25498.4,25499.6,57063
2026-02-06 10:54:50+05:30,25500.0,25501.9,25498.55,25501.9,63805
2026-02-06 10:54:55+05:30,25501.2,25501.2,25497.95,25498.25,72032
2026-02-06 10:55:00+05:30,25498.2,25499.6,25497.85,25498.65,43435
2026-02-06 10:55:05+05:30,25499.05,25500.0,25496.3,25496.3,96721
2026-02-06 10:55:10+05:30,25496.2,25496.6,25495.0,25496.6,50154
2026-02-06 10:55:15+05:30,25495.75,25495.75,25494.2,25494.5,52977
2026-02-06 10:55:20+05:30,25495.4,25496.0,25494.25,25494.25,28415
2026-02-06 10:55:25+05:30,25493.7,25494.9,25493.55,25493.65,29357
2026-02-06 10:55:30+05:30,25493.9,25494.35,25492.4,25494.05,37732
2026-02-06 10:55:35+05:30,25494.25,25494.25,25491.9,25493.6,87467
2026-02-06 10:55:40+05:30,25494.4,25495.0,25492.65,25493.3,32600
2026-02-06 10:55:45+05:30,25492.75,25493.5,25492.15,25493.5,39284
2026-02-06 10:55:50+05:30,25495.15,25496.4,25495.0,25496.2,65330
2026-02-06 10:55:55+05:30,25495.8,25496.45,25495.1,25496.45,60674
2026-02-06 10:56:00+05:30,25496.4,25497.8,25496.0,25497.2,138089
2026-02-06 10:56:05+05:30,25498.3,25498.85,25497.25,25498.25,48940
2026-02-06 10:56:10+05:30,25497.6,25497.6,25496.1,25497.05,38598
2026-02-06 10:56:15+05:30,25497.9,25500.65,25496.6,25500.65,139069
2026-02-06 10:56:20+05:30,25503.35,25503.45,25501.4,25502.75,78053
2026-02-06 10:56:25+05:30,25503.25,25503.25,25500.75,25501.1,66581
2026-02-06 10:56:30+05:30,25500.9,25502.65,25500.9,25502.0,54567
2026-02-06 10:56:35+05:30,25503.75,25504.35,25502.65,25503.7,25157
2026-02-06 10:56:40+05:30,25503.75,25504.85,25503.75,25504.3,21533
2026-02-06 10:56:45+05:30,25505.15,25506.7,25504.95,25504.95,63276
2026-02-06 10:56:50+05:30,25506.9,25508.15,25506.3,25506.6,24842
2026-02-06 10:56:55+05:30,25506.65,25506.95,25505.55,25506.15,50118
2026-02-06 10:57:00+05:30,25506.1,25506.1,25504.95,25505.95,53035
2026-02-06 10:57:05+05:30,25507.1,25507.1,25504.3,25504.3,40994
2026-02-06 10:57:10+05:30,25504.5,25504.7,25502.8,25504.45,34541
2026-02-06 10:57:15+05:30,25504.9,25505.55,25502.95,25504.05,72438
2026-02-06 10:57:20+05:30,25505.3,25505.3,25503.2,25503.2,38026
2026-02-06 10:57:25+05:30,25502.9,25504.05,25502.4,25503.85,33397
2026-02-06 10:57:30+05:30,25503.5,25506.3,25503.5,25506.3,48479
2026-02-06 10:57:35+05:30,25506.85,25509.6,25506.3,25509.1,79001
2026-02-06 10:57:40+05:30,25509.0,25509.3,25508.3,25508.5,50691
2026-02-06 10:57:45+05:30,25508.95,25508.95,25508.1,25508.55,39001
2026-02-06 10:57:50+05:30,25510.35,25511.95,25509.9,25511.95,38466
2026-02-06 10:57:55+05:30,25511.55,25512.1,25510.65,25511.35,46875
2026-02-06 10:58:00+05:30,25511.6,25512.95,25511.6,25512.45,54656
2026-02-06 10:58:05+05:30,25513.9,25515.35,25512.8,25513.85,42454
2026-02-06 10:58:10+05:30,25514.15,25515.05,25513.65,25514.5,36335
2026-02-06 10:58:15+05:30,25514.75,25514.75,25512.9,25513.8,41825
2026-02-06 10:58:20+05:30,25515.7,25516.3,25514.65,25515.15,43602
2026-02-06 10:58:25+05:30,25515.55,25515.55,25513.15,25513.15,36164
2026-02-06 10:58:30+05:30,25514.1,25514.15,25510.7,25510.7,30197
2026-02-06 10:58:35+05:30,25510.7,25512.65,25510.7,25511.8,34793
2026-02-06 10:58:40+05:30,25511.8,25513.6,25511.8,25513.05,53624
2026-02-06 10:58:45+05:30,25512.5,25514.0,25512.5,25513.4,48420
2026-02-06 10:58:50+05:30,25514.25,25515.1,25513.35,25514.05,58620
2026-02-06 10:58:55+05:30,25514.3,25514.7,25513.3,25514.7,28418
2026-02-06 10:59:00+05:30,25514.6,25516.25,25514.25,25515.8,130674
2026-02-06 10:59:05+05:30,25516.8,25517.65,25515.7,25517.4,53962
2026-02-06 10:59:10+05:30,25517.5,25519.15,25517.5,25518.5,60543
2026-02-06 10:59:15+05:30,25518.05,25518.15,25515.5,25515.5,46604
2026-02-06 10:59:20+05:30,25516.15,25516.65,25515.1,25515.35,35448
2026-02-06 10:59:25+05:30,25514.7,25516.65,25514.05,25516.0,124402
2026-02-06 10:59:30+05:30,25515.9,25517.65,25515.2,25516.75,112836
2026-02-06 10:59:35+05:30,25518.35,25519.95,25517.2,25518.75,41504
2026-02-06 10:59:40+05:30,25518.25,25519.8,25518.25,25518.75,93239
2026-02-06 10:59:45+05:30,25519.25,25520.1,25519.0,25519.0,58639
2026-02-06 10:59:50+05:30,25520.45,25521.5,25519.7,25521.2,151316
2026-02-06 10:59:55+05:30,25521.55,25524.2,25520.85,25522.5,51589
2026-02-06 11:00:00+05:30,25522.75,25525.15,25522.75,25523.6,61441
2026-02-06 11:00:05+05:30,25524.9,25525.05,25524.1,25524.25,59496
2026-02-06 11:00:10+05:30,25524.5,25524.9,25523.85,25524.9,58144
2026-02-06 11:00:15+05:30,25525.3,25526.95,25525.3,25526.5,104676
2026-02-06 11:00:20+05:30,25525.9,25527.65,25525.1,25525.95,74231
2026-02-06 11:00:25+05:30,25526.5,25527.15,25526.0,25526.8,35000
2026-02-06 11:00:30+05:30,25525.4,25527.2,25525.4,25526.55,53068
2026-02-06 11:00:35+05:30,25527.45,25527.65,25526.5,25527.05,38110
2026-02-06 11:00:40+05:30,25526.9,25527.45,25526.0,25527.45,53276
2026-02-06 11:00:45+05:30,25527.65,25528.4,25527.25,25527.85,87962
2026-02-06 11:00:50+05:30,25529.1,25532.3,25528.9,25531.65,38710
2026-02-06 11:00:55+05:30,25532.15,25532.45,25531.05,25531.05,48189
2026-02-06 11:01:00+05:30,25531.85,25531.85,25530.55,25531.1,41098
2026-02-06 11:01:05+05:30,25531.85,25532.85,25531.4,25532.25,49505
2026-02-06 11:01:10+05:30,25531.95,25532.45,25530.85,25531.0,43957
2026-02-06 11:01:15+05:30,25531.6,25531.6,25530.25,25530.65,25170
2026-02-06 11:01:20+05:30,25531.65,25532.2,25530.65,25531.95,143192
2026-02-06 11:01:25+05:30,25532.45,25533.45,25531.75,25533.1,63002
2026-02-06 11:01:30+05:30,25532.3,25533.6,25532.3,25533.1,72668
2026-02-06 11:01:35+05:30,25533.3,25534.4,25533.1,25533.7,74663
2026-02-06 11:01:40+05:30,25533.7,25534.45,25532.45,25534.35,141470
2026-02-06 11:01:45+05:30,25534.6,25535.15,25533.85,25533.9,45447
2026-02-06 11:01:50+05:30,25534.9,25535.75,25533.55,25535.75,59957
2026-02-06 11:01:55+05:30,25535.35,25537.35,25534.9,25537.35,82316
2026-02-06 11:02:00+05:30,25537.45,25540.25,25536.45,25539.65,89458
2026-02-06 11:02:05+05:30,25540.95,25541.7,25540.05,25540.05,66933
2026-02-06 11:02:10+05:30,25540.8,25542.45,25540.7,25542.45,100211
2026-02-06 11:02:15+05:30,25542.3,25543.95,25542.3,25543.8,93101
2026-02-06 11:02:20+05:30,25544.95,25546.45,25544.95,25545.15,83055
2026-02-06 11:02:25+05:30,25545.55,25545.55,25544.3,25544.65,41473
2026-02-06 11:02:30+05:30,25544.8,25546.2,25544.45,25544.45,73250
2026-02-06 11:02:35+05:30,25546.5,25546.5,25543.65,25543.65,56277
2026-02-06 11:02:40+05:30,25544.95,25545.55,25544.75,25544.9,45939
2026-02-06 11:02:45+05:30,25545.1,25545.1,25543.25,25543.25,38896
2026-02-06 11:02:50+05:30,25544.05,25544.05,25542.4,25542.4,64478
2026-02-06 11:02:55+05:30,25542.25,25542.25,25540.4,25540.7,51968
2026-02-06 11:03:00+05:30,25540.05,25540.95,25539.0,25539.0,74880
2026-02-06 11:03:05+05:30,25540.1,25540.1,25538.55,25539.9,68903
2026-02-06 11:03:10+05:30,25540.6,25540.6,25539.0,25540.05,47835
2026-02-06 11:03:15+05:30,25540.75,25540.95,25539.6,25539.8,63302
2026-02-06 11:03:20+05:30,25541.65,25541.65,25539.4,25540.25,35737
2026-02-06 11:03:25+05:30,25540.9,25541.35,25540.75,25540.8,48076
2026-02-06 11:03:30+05:30,25540.85,25541.5,25539.05,25539.05,60494
2026-02-06 11:03:35+05:30,25539.85,25539.85,25537.6,25538.05,47114
2026-02-06 11:03:40+05:30,25538.15,25539.55,25537.85,25539.1,162089
2026-02-06 11:03:45+05:30,25538.55,25538.85,25537.85,25538.0,52146
2026-02-06 11:03:50+05:30,25537.05,25538.2,25536.55,25536.55,64373
2026-02-06 11:03:55+05:30,25536.45,25538.2,25536.45,25538.15,26930
2026-02-06 11:04:00+05:30,25538.55,25541.35,25538.55,25539.65,67900
2026-02-06 11:04:05+05:30,25540.4,25541.9,25539.8,25541.9,38368
2026-02-06 11:04:10+05:30,25540.9,25541.85,25540.6,25541.5,37694
2026-02-06 11:04:15+05:30,25541.15,25543.0,25541.15,25542.4,64514
2026-02-06 11:04:20+05:30,25543.15,25544.3,25542.2,25542.2,70216
2026-02-06 11:04:25+05:30,25543.4,25543.65,25542.05,25543.5,75014
2026-02-06 11:04:30+05:30,25544.6,25546.65,25544.6,25545.3,81190
2026-02-06 11:04:35+05:30,25545.3,25548.15,25545.3,25547.3,231871
2026-02-06 11:04:40+05:30,25547.3,25547.9,25545.5,25546.85,59295
2026-02-06 11:04:45+05:30,25546.85,25547.6,25546.5,25546.55,64253
2026-02-06 11:04:50+05:30,25546.95,25547.8,25546.15,25546.65,71258
2026-02-06 11:04:55+05:30,25547.3,25547.9,25546.75,25546.75,47579
2026-02-06 11:05:00+05:30,25546.25,25546.9,25544.55,25544.8,29907
2026-02-06 11:05:05+05:30,25545.8,25547.05,25545.4,25546.0,54009
2026-02-06 11:05:10+05:30,25545.5,25547.05,25544.35,25544.6,51624
2026-02-06 11:05:15+05:30,25544.8,25545.55,25543.6,25544.0,78716
2026-02-06 11:05:20+05:30,25544.35,25544.4,25543.25,25543.85,54720
2026-02-06 11:05:25+05:30,25544.35,25550.75,25544.35,25550.75,111150
2026-02-06 11:05:30+05:30,25550.55,25551.9,25550.05,25551.0,108615
2026-02-06 11:05:35+05:30,25552.5,25552.5,25550.6,25550.6,46022
2026-02-06 11:05:40+05:30,25550.65,25551.6,25550.55,25550.65,85199
2026-02-06 11:05:45+05:30,25551.1,25551.45,25549.1,25549.1,59966
2026-02-06 11:05:50+05:30,25550.15,25550.25,25548.2,25549.8,40178
2026-02-06 11:05:55+05:30,25549.95,25551.15,25549.55,25549.55,66367
2026-02-06 11:06:00+05:30,25549.7,25550.05,25548.45,25549.8,48815
2026-02-06 11:06:05+05:30,25550.95,25550.95,25547.3,25548.5,64821
2026-02-06 11:06:10+05:30,25547.5,25548.1,25546.1,25546.35,101073
2026-02-06 11:06:15+05:30,25546.15,25547.65,25546.0,25547.65,137717
2026-02-06 11:06:20+05:30,25548.4,25550.95,25548.2,25550.85,43214
2026-02-06 11:06:25+05:30,25551.0,25552.6,25550.8,25551.85,96727
2026-02-06 11:06:30+05:30,25551.5,25553.15,25551.5,25552.45,54817
2026-02-06 11:06:35+05:30,25554.2,25554.9,25553.35,25553.4,59781
2026-02-06 11:06:40+05:30,25553.3,25554.0,25553.2,25553.2,24947
2026-02-06 11:06:45+05:30,25553.7,25553.9,25552.8,25553.5,47718
2026-02-06 11:06:50+05:30,25554.75,25554.75,25553.15,25553.3,56711
2026-02-06 11:06:55+05:30,25552.75,25552.75,25550.0,25550.0,45604
2026-02-06 11:07:00+05:30,25550.65,25550.65,25549.05,25549.1,58560
2026-02-06 11:07:05+05:30,25550.35,25550.35,25548.5,25548.6,61468
2026-02-06 11:07:10+05:30,25548.35,25548.75,25547.15,25548.6,77919
2026-02-06 11:07:15+05:30,25548.05,25548.95,25546.75,25548.95,50194
2026-02-06 11:07:20+05:30,25550.45,25551.15,25549.85,25549.85,43506
2026-02-06 11:07:25+05:30,25550.55,25551.85,25550.55,25550.75,50153
2026-02-06 11:07:30+05:30,25550.8,25551.15,25548.35,25548.35,82830
2026-02-06 11:07:35+05:30,25548.35,25549.95,25548.0,25548.65,65195
2026-02-06 11:07:40+05:30,25548.9,25550.0,25548.25,25549.3,63583
2026-02-06 11:07:45+05:30,25549.3,25550.4,25549.3,25549.95,88142
2026-02-06 11:07:50+05:30,25550.95,25553.4,25550.25,25552.7,74088
2026-02-06 11:07:55+05:30,25552.75,25552.75,25551.15,25551.15,31690
2026-02-06 11:08:00+05:30,25551.1,25553.1,25550.25,25553.1,39006
2026-02-06 11:08:05+05:30,25553.25,25553.75,25552.0,25552.75,40280
2026-02-06 11:08:10+05:30,25552.8,25555.3,25552.45,25552.6,69013
2026-02-06 11:08:15+05:30,25552.8,25553.5,25552.4,25553.05,36549
2026-02-06 11:08:20+05:30,25554.7,25554.7,25553.4,25553.8,37765
2026-02-06 11:08:25+05:30,25553.6,25553.6,25552.1,25552.55,50631
2026-02-06 11:08:30+05:30,25552.35,25552.35,25548.6,25548.6,69244
2026-02-06 11:08:35+05:30,25548.9,25549.6,25548.1,25549.2,43102
2026-02-06 11:08:40+05:30,25548.95,25550.9,25548.95,25550.75,79415
2026-02-06 11:08:45+05:30,25551.55,25553.95,25550.95,25553.95,74102
2026-02-06 11:08:50+05:30,25554.1,25555.85,25553.45,25554.75,60501
2026-02-06 11:08:55+05:30,25554.55,25558.1,25554.55,25556.45,109979
2026-02-06 11:09:00+05:30,25557.2,25557.6,25556.2,25556.85,78167
2026-02-06 11:09:05+05:30,25557.3,25557.3,25553.4,25553.4,84096
2026-02-06 11:09:10+05:30,25553.95,25553.95,25550.35,25551.2,93534
2026-02-06 11:09:15+05:30,25552.3,25552.45,25551.3,25552.3,50024
2026-02-06 11:09:20+05:30,25552.35,25552.85,25551.65,25551.7,41672
2026-02-06 11:09:25+05:30,25552.55,25552.85,25551.3,25552.0,60563
2026-02-06 11:09:30+05:30,25551.25,25553.15,25551.0,25552.85,95069
2026-02-06 11:09:35+05:30,25553.9,25555.95,25553.3,25555.0,60738
2026-02-06 11:09:40+05:30,25553.75,25555.7,25553.6,25555.4,33035
2026-02-06 11:09:45+05:30,25554.55,25555.75,25554.55,25555.1,36397
2026-02-06 11:09:50+05:30,25557.05,25558.7,25555.4,25558.7,46494
2026-02-06 11:09:55+05:30,25559.55,25559.55,25558.25,25559.1,46231
2026-02-06 11:10:00+05:30,25558.6,25559.9,25558.05,25558.85,73170
2026-02-06 11:10:05+05:30,25558.4,25558.4,25555.85,25556.35,99569
2026-02-06 11:10:10+05:30,25556.2,25556.7,25555.55,25556.05,91572
2026-02-06 11:10:15+05:30,25554.85,25555.8,25554.85,25554.9,138806
2026-02-06 11:10:20+05:30,25556.3,25557.9,25555.55,25557.9,1789020
2026-02-06 11:10:25+05:30,25556.65,25558.2,25556.4,25558.2,164758
2026-02-06 11:10:30+05:30,25557.8,25559.55,25557.8,25559.3,118571
2026-02-06 11:10:35+05:30,25560.65,25560.65,25555.85,25558.1,96485
2026-02-06 11:10:40+05:30,25558.1,25559.25,25556.75,25559.25,73714
2026-02-06 11:10:45+05:30,25559.25,25559.3,25557.85,25558.3,72181
2026-02-06 11:10:50+05:30,25558.05,25560.2,25557.75,25558.95,108853
2026-02-06 11:10:55+05:30,25559.3,25567.15,25559.3,25567.15,203109
2026-02-06 11:11:00+05:30,25567.05,25567.05,25565.5,25565.5,80900
2026-02-06 11:11:05+05:30,25566.15,25567.05,25565.1,25566.95,87521
2026-02-06 11:11:10+05:30,25566.25,25566.25,25561.15,25561.15,235128
2026-02-06 11:11:15+05:30,25560.35,25562.1,25560.35,25561.6,71398
2026-02-06 11:11:20+05:30,25562.05,25563.2,25561.3,25562.15,111581
2026-02-06 11:11:25+05:30,25562.0,25564.4,25562.0,25564.4,62403
2026-02-06 11:11:30+05:30,25564.1,25566.45,25564.0,25566.45,43803
2026-02-06 11:11:35+05:30,25567.3,25567.6,25564.95,25564.95,41432
2026-02-06 11:11:40+05:30,25564.55,25565.1,25564.45,25564.45,61048
2026-02-06 11:11:45+05:30,25564.85,25566.0,25564.8,25565.05,286386
2026-02-06 11:11:50+05:30,25565.5,25565.9,25563.8,25563.8,207121
2026-02-06 11:11:55+05:30,25562.8,25564.05,25562.8,25563.6,253876
2026-02-06 11:12:00+05:30,25563.9,25565.55,25563.9,25564.9,133550
2026-02-06 11:12:05+05:30,25565.95,25567.65,25565.45,25566.8,71013
2026-02-06 11:12:10+05:30,25566.1,25566.3,25565.25,25566.3,84502
2026-02-06 11:12:15+05:30,25565.6,25566.4,25564.6,25566.4,52278
2026-02-06 11:12:20+05:30,25566.65,25568.6,25566.35,25567.75,119089
2026-02-06 11:12:25+05:30,25568.2,25568.2,25566.2,25566.35,62719
2026-02-06 11:12:30+05:30,25566.05,25566.55,25564.75,25564.75,42650
2026-02-06 11:12:35+05:30,25564.95,25565.25,25561.8,25561.8,47077
2026-02-06 11:12:40+05:30,25561.85,25562.1,25561.0,25561.0,175026
2026-02-06 11:12:45+05:30,25562.35,25562.35,25559.8,25560.55,51573
2026-02-06 11:12:50+05:30,25561.7,25561.7,25560.65,25560.7,63693
2026-02-06 11:12:55+05:30,25561.0,25561.9,25560.6,25560.8,59790
2026-02-06 11:13:00+05:30,25560.55,25561.2,25559.75,25560.45,46505
2026-02-06 11:13:05+05:30,25561.3,25562.15,25559.65,25562.0,73253
2026-02-06 11:13:10+05:30,25560.1,25562.7,25559.85,25562.7,176422
2026-02-06 11:13:15+05:30,25562.6,25566.7,25562.6,25566.7,146734
2026-02-06 11:13:20+05:30,25566.5,25567.0,25565.5,25565.5,60006
2026-02-06 11:13:25+05:30,25566.8,25566.8,25564.8,25565.55,58618
2026-02-06 11:13:30+05:30,25564.75,25565.15,25563.6,25564.0,49725
2026-02-06 11:13:35+05:30,25563.75,25564.55,25561.7,25563.4,69392
2026-02-06 11:13:40+05:30,25562.9,25564.55,25562.9,25564.35,138790
2026-02-06 11:13:45+05:30,25563.9,25566.15,25563.9,25565.3,70735
2026-02-06 11:13:50+05:30,25565.8,25569.15,25564.65,25568.75,81451
2026-02-06 11:13:55+05:30,25568.05,25568.45,25566.6,25568.2,53439
2026-02-06 11:14:00+05:30,25567.35,25567.35,25563.05,25563.05,76322
2026-02-06 11:14:05+05:30,25565.85,25565.85,25562.3,25562.3,117618
2026-02-06 11:14:10+05:30,25563.2,25563.8,25562.85,25562.85,96110
2026-02-06 11:14:15+05:30,25562.75,25563.75,25562.75,25563.55,87654
2026-02-06 11:14:20+05:30,25564.9,25565.35,25563.6,25564.6,83054
2026-02-06 11:14:25+05:30,25564.8,25565.0,25563.85,25564.15,99365
2026-02-06 11:14:30+05:30,25564.35,25568.3,25564.3,25568.3,1756525
2026-02-06 11:14:35+05:30,25569.35,25570.6,25567.85,25569.05,163797
2026-02-06 11:14:40+05:30,25567.75,25570.75,25567.75,25570.75,65145
2026-02-06 11:14:45+05:30,25570.85,25572.45,25570.3,25571.7,123120
2026-02-06 11:14:50+05:30,25571.8,25574.05,25571.8,25573.65,115521
2026-02-06 11:14:55+05:30,25574.05,25576.4,25573.5,25576.4,91626
2026-02-06 11:15:00+05:30,25577.8,25579.25,25576.65,25577.0,96316
2026-02-06 11:15:05+05:30,25578.15,25579.1,25577.2,25578.85,95607
2026-02-06 11:15:10+05:30,25578.8,25579.4,25578.2,25578.2,76295
2026-02-06 11:15:15+05:30,25578.5,25579.5,25578.5,25578.7,97404
2026-02-06 11:15:20+05:30,25580.6,25580.95,25579.4,25580.55,91854
2026-02-06 11:15:25+05:30,25580.35,25581.2,25579.8,25579.9,76980
2026-02-06 11:15:30+05:30,25579.4,25579.55,25577.85,25578.15,117297
2026-02-06 11:15:35+05:30,25579.2,25579.2,25574.1,25574.75,143344
2026-02-06 11:15:40+05:30,25573.05,25574.1,25572.75,25573.4,156577
2026-02-06 11:15:45+05:30,25574.2,25574.2,25572.25,25573.3,92667
2026-02-06 11:15:50+05:30,25572.65,25573.2,25571.6,25571.6,65286
2026-02-06 11:15:55+05:30,25573.15,25573.15,25570.15,25571.05,214720
2026-02-06 11:16:00+05:30,25571.65,25571.65,25569.35,25569.35,87859
2026-02-06 11:16:05+05:30,25570.5,25570.5,25567.95,25568.65,97597
2026-02-06 11:16:10+05:30,25567.85,25569.6,25567.85,25567.95,101657
2026-02-06 11:16:15+05:30,25568.15,25568.35,25567.1,25567.1,54282
2026-02-06 11:16:20+05:30,25567.2,25568.75,25567.1,25567.5,185618
2026-02-06 11:16:25+05:30,25567.65,25568.0,25566.35,25566.35,69085
2026-02-06 11:16:30+05:30,25566.8,25568.1,25565.5,25566.2,75376
2026-02-06 11:16:35+05:30,25564.95,25566.85,25564.6,25566.85,95389
2026-02-06 11:16:40+05:30,25567.3,25569.5,25567.3,25569.0,123617
2026-02-06 11:16:45+05:30,25569.0,25570.45,25568.3,25568.75,58634
2026-02-06 11:16:50+05:30,25568.75,25569.6,25568.1,25568.9,56860
2026-02-06 11:16:55+05:30,25568.05,25568.15,25566.45,25566.45,54145
2026-02-06 11:17:00+05:30,25565.9,25568.0,25565.45,25567.85,116052
2026-02-06 11:17:05+05:30,25568.9,25571.45,25568.9,25569.75,106509
2026-02-06 11:17:10+05:30,25569.0,25571.85,25569.0,25571.5,41189
2026-02-06 11:17:15+05:30,25571.3,25572.15,25570.7,25571.0,30914
2026-02-06 11:17:20+05:30,25572.75,25573.7,25572.15,25573.7,54209
2026-02-06 11:17:25+05:30,25572.8,25574.65,25572.2,25574.35,107888
2026-02-06 11:17:30+05:30,25574.4,25575.5,25574.4,25574.55,48432
2026-02-06 11:17:35+05:30,25576.05,25576.75,25574.75,25575.5,117178
2026-02-06 11:17:40+05:30,25575.15,25575.95,25574.65,25575.15,61901
2026-02-06 11:17:45+05:30,25575.6,25576.5,25575.3,25575.4,55235
2026-02-06 11:17:50+05:30,25575.6,25575.6,25573.55,25574.3,58989
2026-02-06 11:17:55+05:30,25574.75,25576.2,25574.6,25575.45,39846
2026-02-06 11:18:00+05:30,25574.95,25576.5,25574.95,25575.3,49705
2026-02-06 11:18:05+05:30,25576.0,25576.25,25574.55,25575.05,46579
2026-02-06 11:18:10+05:30,25574.4,25575.1,25574.25,25574.4,52291
2026-02-06 11:18:15+05:30,25573.3,25573.3,25570.05,25570.05,108984
2026-02-06 11:18:20+05:30,25571.05,25571.65,25569.8,25570.85,40487
2026-02-06 11:18:25+05:30,25570.4,25570.4,25569.45,25569.45,55250
2026-02-06 11:18:30+05:30,25569.35,25570.0,25568.9,25570.0,100118
2026-02-06 11:18:35+05:30,25569.95,25570.85,25569.15,25569.6,101743
2026-02-06 11:18:40+05:30,25569.5,25571.15,25568.9,25570.3,88644
2026-02-06 11:18:45+05:30,25570.4,25570.7,25569.5,25570.35,82867
2026-02-06 11:18:50+05:30,25571.0,25571.0,25569.25,25569.75,62384
2026-02-06 11:18:55+05:30,25570.0,25571.25,25570.0,25571.2,61714
2026-02-06 11:19:00+05:30,25571.85,25573.15,25571.5,25571.8,92178
2026-02-06 11:19:05+05:30,25572.75,25573.45,25571.95,25572.05,99775
2026-02-06 11:19:10+05:30,25571.55,25574.75,25571.55,25574.25,71895
2026-02-06 11:19:15+05:30,25574.3,25575.2,25573.85,25574.3,64475
2026-02-06 11:19:20+05:30,25575.65,25576.1,25574.45,25574.85,48003
2026-02-06 11:19:25+05:30,25575.4,25575.9,25573.65,25575.3,95159
2026-02-06 11:19:30+05:30,25574.8,25575.7,25573.95,25573.95,39539
2026-02-06 11:19:35+05:30,25575.75,25575.75,25573.15,25574.5,48005
2026-02-06 11:19:40+05:30,25574.35,25576.15,25574.0,25575.9,43388
2026-02-06 11:19:45+05:30,25576.05,25576.4,25575.4,25576.4,48427
2026-02-06 11:19:50+05:30,25576.4,25579.8,25576.4,25578.8,104397
2026-02-06 11:19:55+05:30,25578.4,25579.3,25578.2,25578.2,55592
2026-02-06 11:20:00+05:30,25577.6,25578.3,25575.55,25577.6,56541
2026-02-06 11:20:05+05:30,25578.55,25580.3,25577.8,25579.7,73303
2026-02-06 11:20:10+05:30,25579.0,25579.75,25578.8,25579.75,77533
2026-02-06 11:20:15+05:30,25578.95,25580.15,25578.95,25579.85,65421
2026-02-06 11:20:20+05:30,25581.1,25582.05,25579.5,25581.3,63209
2026-02-06 11:20:25+05:30,25580.65,25582.1,25580.65,25582.1,40625
2026-02-06 11:20:30+05:30,25581.85,25582.8,25581.85,25582.55,73162
2026-02-06 11:20:35+05:30,25583.4,25583.4,25580.2,25581.7,76066
2026-02-06 11:20:40+05:30,25581.3,25583.95,25581.0,25583.4,96179
2026-02-06 11:20:45+05:30,25582.8,25583.35,25582.0,25582.15,68001
2026-02-06 11:20:50+05:30,25583.15,25585.3,25582.25,25584.55,80043
2026-02-06 11:20:55+05:30,25584.8,25588.15,25584.8,25586.95,30533
2026-02-06 11:21:00+05:30,25587.75,25588.6,25587.5,25588.0,83406
2026-02-06 11:21:05+05:30,25589.45,25591.95,25588.0,25590.9,122340
2026-02-06 11:21:10+05:30,25590.55,25591.45,25590.25,25591.05,66885
2026-02-06 11:21:15+05:30,25590.75,25592.75,25590.75,25591.8,34139
2026-02-06 11:21:20+05:30,25593.45,25593.8,25592.4,25593.1,62236
2026-02-06 11:21:25+05:30,25593.6,25594.25,25592.95,25593.95,57889
2026-02-06 11:21:30+05:30,25593.5,25593.5,25591.5,25591.9,66785
2026-02-06 11:21:35+05:30,25593.1,25593.1,25591.5,25591.5,35956
2026-02-06 11:21:40+05:30,25591.6,25593.35,25591.25,25593.35,74642
2026-02-06 11:21:45+05:30,25593.05,25593.4,25592.05,25592.35,78744
2026-02-06 11:21:50+05:30,25593.05,25593.8,25592.5,25592.95,61494
2026-02-06 11:21:55+05:30,25591.65,25591.65,25590.2,25590.7,97920
2026-02-06 11:22:00+05:30,25590.05,25591.9,25589.8,25591.9,87749
2026-02-06 11:22:05+05:30,25592.9,25593.9,25591.2,25592.7,43697
2026-02-06 11:22:10+05:30,25592.25,25592.25,25589.2,25589.8,157623
2026-02-06 11:22:15+05:30,25589.85,25590.45,25588.85,25589.95,44453
2026-02-06 11:22:20+05:30,25591.5,25591.8,25590.35,25590.35,154339
2026-02-06 11:22:25+05:30,25590.05,25590.05,25588.05,25589.35,87494
2026-02-06 11:22:30+05:30,25588.7,25589.85,25588.6,25589.45,53547
2026-02-06 11:22:35+05:30,25590.25,25591.7,25588.1,25591.7,65074
2026-02-06 11:22:40+05:30,25591.55,25593.85,25591.55,25592.6,87382
2026-02-06 11:22:45+05:30,25592.6,25595.95,25592.6,25594.6,53523
2026-02-06 11:22:50+05:30,25594.6,25595.95,25594.45,25594.6,56593
2026-02-06 11:22:55+05:30,25594.25,25595.15,25593.05,25593.2,36178
2026-02-06 11:23:00+05:30,25593.4,25594.8,25592.75,25594.8,95774
2026-02-06 11:23:05+05:30,25596.05,25596.4,25594.5,25595.7,93820
2026-02-06 11:23:10+05:30,25595.9,25596.55,25595.15,25595.9,47852
2026-02-06 11:23:15+05:30,25595.5,25596.85,25595.15,25596.6,156275
2026-02-06 11:23:20+05:30,25597.55,25597.55,25594.95,25594.95,233105
2026-02-06 11:23:25+05:30,25594.75,25596.05,25594.35,25595.15,147095
2026-02-06 11:23:30+05:30,25594.8,25595.75,25593.1,25593.1,149406
2026-02-06 11:23:35+05:30,25594.15,25594.15,25590.55,25590.55,81623
2026-02-06 11:23:40+05:30,25590.65,25591.35,25589.55,25590.25,156073
2026-02-06 11:23:45+05:30,25590.6,25590.7,25588.85,25588.85,82045
2026-02-06 11:23:50+05:30,25589.7,25591.2,25589.1,25589.9,85424
2026-02-06 11:23:55+05:30,25589.65,25589.7,25588.1,25588.65,70697
2026-02-06 11:24:00+05:30,25589.1,25590.1,25588.4,25588.5,49712
2026-02-06 11:24:05+05:30,25590.0,25590.0,25587.6,25587.6,53464
2026-02-06 11:24:10+05:30,25586.15,25586.55,25584.35,25586.35,109079
2026-02-06 11:24:15+05:30,25585.4,25586.55,25584.75,25584.75,69616
2026-02-06 11:24:20+05:30,25586.8,25587.4,25585.75,25586.3,73071
2026-02-06 11:24:25+05:30,25586.45,25586.8,25585.85,25586.8,35769
2026-02-06 11:24:30+05:30,25586.05,25589.05,25585.7,25589.05,67769
2026-02-06 11:24:35+05:30,25589.35,25590.1,25588.25,25589.3,46455
2026-02-06 11:24:40+05:30,25590.35,25591.6,25589.85,25591.4,39349
2026-02-06 11:24:45+05:30,25592.0,25592.5,25590.85,25592.5,31578
2026-02-06 11:24:50+05:30,25593.95,25593.95,25591.35,25591.8,33634
2026-02-06 11:24:55+05:30,25592.5,25593.45,25591.5,25593.0,30772
2026-02-06 11:25:00+05:30,25592.9,25593.7,25592.15,25593.05,73355
2026-02-06 11:25:05+05:30,25593.7,25593.75,25592.35,25592.8,32353
2026-02-06 11:25:10+05:30,25593.25,25593.4,25592.5,25592.9,32744
2026-02-06 11:25:15+05:30,25593.05,25594.25,25592.65,25592.95,80672
2026-02-06 11:25:20+05:30,25593.7,25594.1,25592.55,25593.4,181939
2026-02-06 11:25:25+05:30,25592.95,25594.05,25591.9,25592.65,29146
2026-02-06 11:25:30+05:30,25593.2,25593.6,25592.65,25593.35,35117
2026-02-06 11:25:35+05:30,25594.0,25594.8,25592.7,25593.35,51981
2026-02-06 11:25:40+05:30,25593.45,25595.4,25593.1,25595.15,139696
2026-02-06 11:25:45+05:30,25595.05,25597.25,25594.2,25596.55,111381
2026-02-06 11:25:50+05:30,25597.9,25598.2,25596.85,25596.85,63663
2026-02-06 11:25:55+05:30,25596.6,25597.35,25595.65,25595.65,44654
2026-02-06 11:26:00+05:30,25595.55,25595.55,25594.1,25594.6,66922
2026-02-06 11:26:05+05:30,25595.45,25596.1,25594.55,25594.7,59583
2026-02-06 11:26:10+05:30,25595.5,25595.75,25594.35,25594.35,63183
2026-02-06 11:26:15+05:30,25594.75,25596.4,25594.75,25595.05,47590
2026-02-06 11:26:20+05:30,25596.4,25596.9,25595.2,25595.8,42529
2026-02-06 11:26:25+05:30,25595.35,25596.5,25595.25,25595.6,48581
2026-02-06 11:26:30+05:30,25594.95,25594.95,25593.05,25594.35,50069
2026-02-06 11:26:35+05:30,25595.35,25595.75,25592.5,25595.1,64602
2026-02-06 11:26:40+05:30,25595.6,25596.1,25593.8,25596.1,38100
2026-02-06 11:26:45+05:30,25595.55,25596.55,25595.55,25596.0,28893
2026-02-06 11:26:50+05:30,25597.05,25597.05,25595.8,25596.25,37237
2026-02-06 11:26:55+05:30,25596.1,25596.3,25594.55,25595.0,343791
2026-02-06 11:27:00+05:30,25594.3,25596.25,25594.3,25595.2,154061
2026-02-06 11:27:05+05:30,25596.65,25596.95,25595.45,25595.5,86688
2026-02-06 11:27:10+05:30,25595.9,25596.5,25595.45,25595.95,77374
2026-02-06 11:27:15+05:30,25596.1,25596.2,25594.15,25594.35,58846
2026-02-06 11:27:20+05:30,25594.85,25594.85,25591.7,25591.7,99248
2026-02-06 11:27:25+05:30,25590.8,25591.3,25588.7,25590.55,274714
2026-02-06 11:27:30+05:30,25590.3,25590.45,25588.75,25588.75,52727
2026-02-06 11:27:35+05:30,25591.35,25591.35,25588.85,25590.0,99645
2026-02-06 11:27:40+05:30,25588.85,25589.0,25587.0,25588.0,68252
2026-02-06 11:27:45+05:30,25588.1,25590.95,25588.1,25590.95,82028
2026-02-06 11:27:50+05:30,25591.1,25592.8,25590.85,25591.05,86287
2026-02-06 11:27:55+05:30,25590.7,25591.55,25590.55,25591.35,48521
2026-02-06 11:28:00+05:30,25591.15,25591.9,25590.7,25591.9,87170
2026-02-06 11:28:05+05:30,25590.7,25591.9,25589.9,25589.9,50013
2026-02-06 11:28:10+05:30,25589.7,25590.9,25589.7,25590.85,33418
2026-02-06 11:28:15+05:30,25590.4,25591.0,25589.85,25591.0,47439
2026-02-06 11:28:20+05:30,25591.8,25592.1,25589.9,25591.65,72542
2026-02-06 11:28:25+05:30,25591.0,25593.2,25590.8,25592.85,326483
2026-02-06 11:28:30+05:30,25593.2,25594.65,25592.85,25594.4,77484
2026-02-06 11:28:35+05:30,25594.85,25594.85,25591.55,25591.55,74948
2026-02-06 11:28:40+05:30,25590.65,25590.65,25588.2,25588.7,48262
2026-02-06 11:28:45+05:30,25588.25,25590.3,25587.8,25589.65,53188
2026-02-06 11:28:50+05:30,25589.65,25589.9,25587.75,25587.95,61874
2026-02-06 11:28:55+05:30,25587.85,25589.55,25587.7,25588.15,38173
2026-02-06 11:29:00+05:30,25587.15,25587.55,25586.3,25586.6,49399
2026-02-06 11:29:05+05:30,25588.2,25588.2,25585.6,25587.25,42956
2026-02-06 11:29:10+05:30,25587.35,25587.55,25585.35,25586.4,44199
2026-02-06 11:29:15+05:30,25585.35,25586.2,25584.95,25585.5,39547
2026-02-06 11:29:20+05:30,25585.2,25585.7,25583.35,25584.45,41471
2026-02-06 11:29:25+05:30,25584.35,25585.9,25583.55,25585.9,48999
2026-02-06 11:29:30+05:30,25586.2,25587.2,25585.8,25587.1,74908
2026-02-06 11:29:35+05:30,25587.2,25590.2,25586.85,25589.8,57843
2026-02-06 11:29:40+05:30,25589.6,25590.85,25588.75,25590.65,45346
2026-02-06 11:29:45+05:30,25590.85,25592.3,25590.05,25590.85,54635
2026-02-06 11:29:50+05:30,25590.55,25590.95,25589.75,25589.75,85109
2026-02-06 11:29:55+05:30,25589.8,25589.8,25587.4,25588.55,43230
2026-02-06 11:30:00+05:30,25588.5,25588.5,25587.45,25587.45,36151
2026-02-06 11:30:05+05:30,25589.65,25589.65,25587.55,25588.15,22959
2026-02-06 11:30:10+05:30,25587.2,25588.5,25586.55,25586.7,49248
2026-02-06 11:30:15+05:30,25586.9,25588.0,25585.75,25586.7,49574
2026-02-06 11:30:20+05:30,25586.9,25586.9,25582.95,25586.05,171404
2026-02-06 11:30:25+05:30,25587.05,25588.3,25586.55,25587.65,152871
2026-02-06 11:30:30+05:30,25586.75,25588.3,25586.75,25587.35,28016
2026-02-06 11:30:35+05:30,25587.0,25587.1,25585.9,25586.15,34689
2026-02-06 11:30:40+05:30,25586.2,25586.7,25585.45,25585.45,35661
2026-02-06 11:30:45+05:30,25585.75,25586.4,25585.1,25585.9,39797
2026-02-06 11:30:50+05:30,25586.85,25586.85,25584.85,25586.1,59299
2026-02-06 11:30:55+05:30,25585.45,25586.25,25584.45,25585.7,47603
2026-02-06 11:31:00+05:30,25584.75,25585.95,25584.6,25585.15,59514
2026-02-06 11:31:05+05:30,25586.5,25587.55,25586.05,25586.45,65712
2026-02-06 11:31:10+05:30,25586.1,25587.55,25586.1,25587.2,53597
2026-02-06 11:31:15+05:30,25587.85,25588.65,25586.7,25587.25,27883
2026-02-06 11:31:20+05:30,25588.35,25589.5,25587.4,25587.4,50420
2026-02-06 11:31:25+05:30,25587.85,25588.7,25586.75,25586.75,43075
2026-02-06 11:31:30+05:30,25587.15,25587.75,25584.4,25585.4,41103
2026-02-06 11:31:35+05:30,25585.45,25586.1,25584.65,25585.45,24870
2026-02-06 11:31:40+05:30,25585.1,25585.75,25584.95,25585.25,37567
2026-02-06 11:31:45+05:30,25585.25,25585.3,25584.4,25584.95,49334
2026-02-06 11:31:50+05:30,25586.3,25588.5,25585.35,25587.55,159360
2026-02-06 11:31:55+05:30,25587.45,25588.3,25586.9,25587.8,65636
2026-02-06 11:32:00+05:30,25587.6,25590.45,25587.6,25589.2,49255
2026-02-06 11:32:05+05:30,25590.5,25590.5,25588.05,25588.05,65975
2026-02-06 11:32:10+05:30,25588.5,25589.15,25588.05,25588.15,78408
2026-02-06 11:32:15+05:30,25588.45,25588.95,25585.3,25585.7,107275
2026-02-06 11:32:20+05:30,25585.6,25586.65,25584.7,25585.65,36465
2026-02-06 11:32:25+05:30,25585.85,25587.35,25585.0,25585.85,48735
2026-02-06 11:32:30+05:30,25586.35,25587.65,25584.85,25586.95,87125
2026-02-06 11:32:35+05:30,25587.5,25587.5,25585.85,25587.05,44989
2026-02-06 11:32:40+05:30,25587.8,25587.9,25586.4,25586.45,54365
2026-02-06 11:32:45+05:30,25586.8,25587.4,25585.35,25586.5,35500
2026-02-06 11:32:50+05:30,25587.5,25587.5,25585.75,25585.9,29740
2026-02-06 11:32:55+05:30,25586.4,25586.4,25585.1,25585.6,47538
2026-02-06 11:33:00+05:30,25585.25,25586.5,25585.0,25586.05,36145
2026-02-06 11:33:05+05:30,25587.5,25587.65,25586.0,25586.55,51179
2026-02-06 11:33:10+05:30,25586.8,25587.4,25584.7,25585.35,40802
2026-02-06 11:33:15+05:30,25584.8,25586.4,25584.8,25585.1,38309
2026-02-06 11:33:20+05:30,25586.65,25586.75,25584.95,25585.5,35868
2026-02-06 11:33:25+05:30,25584.95,25587.7,25584.95,25587.7,45474
2026-02-06 11:33:30+05:30,25587.45,25588.6,25586.95,25587.75,50965
2026-02-06 11:33:35+05:30,25588.95,25589.55,25587.2,25587.45,23606
2026-02-06 11:33:40+05:30,25588.6,25590.8,25588.05,25589.95,74205
2026-02-06 11:33:45+05:30,25590.0,25591.25,25590.0,25590.45,39824
2026-02-06 11:33:50+05:30,25591.55,25592.15,25590.7,25590.7,52050
2026-02-06 11:33:55+05:30,25591.1,25591.85,25590.65,25590.65,110969
2026-02-06 11:34:00+05:30,25591.4,25595.05,25591.2,25593.2,59372
2026-02-06 11:34:05+05:30,25593.75,25594.55,25592.75,25593.5,51695
2026-02-06 11:34:10+05:30,25594.1,25594.25,25592.05,25594.25,38835
2026-02-06 11:34:15+05:30,25594.4,25596.5,25593.6,25596.2,405003
2026-02-06 11:34:20+05:30,25596.75,25596.9,25594.6,25596.45,76324
2026-02-06 11:34:25+05:30,25596.5,25597.95,25595.25,25597.95,71308
2026-02-06 11:34:30+05:30,25597.8,25605.9,25597.8,25605.85,213256
2026-02-06 11:34:35+05:30,25607.1,25608.35,25606.15,25607.4,57127
2026-02-06 11:34:40+05:30,25608.05,25608.35,25606.95,25608.15,76085
2026-02-06 11:34:45+05:30,25608.15,25608.15,25605.25,25606.35,69286
2026-02-06 11:34:50+05:30,25606.35,25609.8,25606.35,25608.85,83260
2026-02-06 11:34:55+05:30,25608.85,25608.85,25607.2,25607.8,59779
2026-02-06 11:35:00+05:30,25607.7,25607.7,25605.6,25606.0,75260
2026-02-06 11:35:05+05:30,25607.3,25608.0,25605.5,25605.5,37276
2026-02-06 11:35:10+05:30,25606.2,25606.25,25604.7,25604.9,109474
2026-02-06 11:35:15+05:30,25604.95,25604.95,25603.8,25604.15,199116
2026-02-06 11:35:20+05:30,25605.7,25608.7,25605.05,25607.7,57339
2026-02-06 11:35:25+05:30,25607.5,25607.65,25606.65,25606.65,69694
2026-02-06 11:35:30+05:30,25606.5,25607.8,25606.05,25606.5,45173
2026-02-06 11:35:35+05:30,25607.8,25607.8,25605.8,25605.8,40655
2026-02-06 11:35:40+05:30,25605.5,25605.75,25602.7,25603.7,65503
2026-02-06 11:35:45+05:30,25603.45,25604.05,25601.2,25601.2,45470
2026-02-06 11:35:50+05:30,25603.1,25603.1,25600.25,25600.55,69981
2026-02-06 11:35:55+05:30,25600.65,25601.9,25600.2,25600.5,68386
2026-02-06 11:36:00+05:30,25600.75,25601.4,25599.85,25600.4,31483
2026-02-06 11:36:05+05:30,25600.75,25601.75,25600.3,25601.45,42917
2026-02-06 11:36:10+05:30,25601.3,25602.85,25601.2,25602.85,40633
2026-02-06 11:36:15+05:30,25603.2,25603.85,25602.7,25603.45,28947
2026-02-06 11:36:20+05:30,25604.45,25604.8,25603.2,25604.2,30572
2026-02-06 11:36:25+05:30,25604.4,25605.1,25603.85,25604.5,43530
2026-02-06 11:36:30+05:30,25604.8,25605.35,25604.75,25604.85,43835
2026-02-06 11:36:35+05:30,25606.95,25608.5,25605.45,25607.8,224998
2026-02-06 11:36:40+05:30,25607.4,25608.85,25607.05,25608.2,65500
2026-02-06 11:36:45+05:30,25608.65,25608.9,25607.45,25608.9,40925
2026-02-06 11:36:50+05:30,25610.0,25610.95,25608.45,25610.8,64287
2026-02-06 11:36:55+05:30,25611.15,25611.15,25608.65,25608.65,80562
2026-02-06 11:37:00+05:30,25608.7,25609.9,25608.2,25608.9,39675
2026-02-06 11:37:05+05:30,25609.9,25609.9,25608.75,25609.25,59734
2026-02-06 11:37:10+05:30,25608.75,25610.15,25608.75,25609.7,36167
2026-02-06 11:37:15+05:30,25609.6,25611.2,25609.6,25611.2,45047
2026-02-06 11:37:20+05:30,25612.95,25612.95,25610.65,25610.8,37104
2026-02-06 11:37:25+05:30,25610.85,25612.05,25610.45,25612.05,38766
2026-02-06 11:37:30+05:30,25612.5,25613.55,25612.05,25612.05,268927
2026-02-06 11:37:35+05:30,25614.45,25614.55,25612.65,25613.25,47400
2026-02-06 11:37:40+05:30,25612.85,25613.35,25611.65,25612.55,47208
2026-02-06 11:37:45+05:30,25612.55,25614.0,25612.3,25614.0,272991
2026-02-06 11:37:50+05:30,25614.0,25615.6,25613.8,25614.65,147546
2026-02-06 11:37:55+05:30,25614.65,25615.15,25614.1,25614.55,125638
2026-02-06 11:38:00+05:30,25614.2,25617.3,25614.2,25616.5,193558
2026-02-06 11:38:05+05:30,25618.35,25619.85,25617.7,25619.8,80108
2026-02-06 11:38:10+05:30,25619.75,25620.75,25619.2,25619.45,46908
2026-02-06 11:38:15+05:30,25620.2,25620.2,25618.65,25619.15,66329
2026-02-06 11:38:20+05:30,25619.65,25619.85,25618.5,25618.55,49664
2026-02-06 11:38:25+05:30,25618.35,25619.1,25616.65,25618.15,2961123
2026-02-06 11:38:30+05:30,25618.85,25619.8,25618.3,25619.65,103440
2026-02-06 11:38:35+05:30,25620.35,25621.1,25618.75,25620.1,140362
2026-02-06 11:38:40+05:30,25620.45,25620.55,25619.65,25620.55,65785
2026-02-06 11:38:45+05:30,25619.8,25620.45,25619.45,25619.45,43258
2026-02-06 11:38:50+05:30,25620.5,25621.8,25619.55,25621.05,108869
2026-02-06 11:38:55+05:30,25621.15,25629.0,25620.6,25629.0,177968
2026-02-06 11:39:00+05:30,25629.3,25631.65,25628.35,25629.6,130167
2026-02-06 11:39:05+05:30,25630.7,25630.7,25628.2,25628.2,67051
2026-02-06 11:39:10+05:30,25629.25,25630.7,25628.95,25628.95,184618
2026-02-06 11:39:15+05:30,25629.45,25629.45,25627.8,25629.3,86825
2026-02-06 11:39:20+05:30,25630.05,25630.1,25629.1,25629.35,113140
2026-02-06 11:39:25+05:30,25628.9,25630.05,25628.0,25630.05,82833
2026-02-06 11:39:30+05:30,25627.9,25627.9,25625.0,25625.35,156325
2026-02-06 11:39:35+05:30,25625.65,25625.75,25623.95,25623.95,250507
2026-02-06 11:39:40+05:30,25623.15,25624.95,25623.15,25623.65,87773
2026-02-06 11:39:45+05:30,25623.8,25623.8,25620.2,25621.6,89070
2026-02-06 11:39:50+05:30,25622.3,25623.8,25621.8,25623.8,58500
2026-02-06 11:39:55+05:30,25623.65,25627.85,25623.65,25627.85,151446
2026-02-06 11:40:00+05:30,25627.6,25628.2,25626.4,25627.6,63299
2026-02-06 11:40:05+05:30,25628.75,25628.95,25626.85,25628.8,58830
2026-02-06 11:40:10+05:30,25627.5,25627.7,25626.65,25626.95,63245
2026-02-06 11:40:15+05:30,25627.0,25627.15,25625.65,25626.5,40319
2026-02-06 11:40:20+05:30,25628.0,25628.85,25626.85,25627.15,62162
2026-02-06 11:40:25+05:30,25627.7,25628.35,25625.85,25628.35,81730
2026-02-06 11:40:30+05:30,25628.05,25628.75,25626.95,25628.35,44932
2026-02-06 11:40:35+05:30,25630.1,25632.25,25628.65,25631.1,174568
2026-02-06 11:40:40+05:30,25631.2,25633.0,25630.45,25632.95,169533
2026-02-06 11:40:45+05:30,25632.95,25633.9,25632.15,25632.85,85012
2026-02-06 11:40:50+05:30,25633.6,25635.5,25632.55,25633.65,126517
2026-02-06 11:40:55+05:30,25634.05,25634.05,25632.5,25632.95,156472
2026-02-06 11:41:00+05:30,25633.25,25633.25,25632.25,25632.55,40517
2026-02-06 11:41:05+05:30,25633.55,25635.85,25633.0,25634.9,99343
2026-02-06 11:41:10+05:30,25635.25,25637.5,25634.8,25636.4,94154
2026-02-06 11:41:15+05:30,25643.25,25644.1,25640.8,25642.25,209421
2026-02-06 11:41:20+05:30,25641.8,25644.5,25639.5,25643.0,76800
2026-02-06 11:41:25+05:30,25642.15,25642.15,25639.7,25639.7,93410
2026-02-06 11:41:30+05:30,25639.1,25639.55,25638.2,25638.45,149088
2026-02-06 11:41:35+05:30,25638.95,25639.6,25637.8,25638.4,49718
2026-02-06 11:41:40+05:30,25638.65,25638.65,25637.15,25638.5,34665
2026-02-06 11:41:45+05:30,25638.35,25640.1,25638.35,25638.95,59778
2026-02-06 11:41:50+05:30,25639.4,25640.1,25638.75,25638.75,64585
2026-02-06 11:41:55+05:30,25638.55,25638.55,25636.9,25637.55,77247
2026-02-06 11:42:00+05:30,25636.9,25637.6,25636.05,25636.9,120828
2026-02-06 11:42:05+05:30,25638.85,25638.85,25636.9,25637.2,76616
2026-02-06 11:42:10+05:30,25636.8,25637.8,25635.6,25636.95,52206
2026-02-06 11:42:15+05:30,25637.2,25639.35,25637.2,25639.35,95002
2026-02-06 11:42:20+05:30,25639.15,25640.55,25638.15,25639.35,78327
2026-02-06 11:42:25+05:30,25639.4,25640.1,25638.45,25640.1,96467
2026-02-06 11:42:30+05:30,25639.9,25641.55,25639.9,25640.95,278476
2026-02-06 11:42:35+05:30,25641.4,25641.6,25639.65,25639.65,161375
2026-02-06 11:42:40+05:30,25639.5,25639.65,25637.5,25637.9,71740
2026-02-06 11:42:45+05:30,25637.1,25638.05,25637.1,25638.05,59825
2026-02-06 11:42:50+05:30,25638.4,25638.4,25637.15,25637.25,66993
2026-02-06 11:42:55+05:30,25637.05,25637.55,25635.75,25637.55,149553
2026-02-06 11:43:00+05:30,25636.75,25637.5,25635.7,25636.7,118249
2026-02-06 11:43:05+05:30,25636.85,25636.85,25634.65,25634.65,43405
2026-02-06 11:43:10+05:30,25634.75,25635.4,25632.65,25633.15,50414
2026-02-06 11:43:15+05:30,25633.05,25633.35,25632.55,25633.3,45110
2026-02-06 11:43:20+05:30,25634.15,25635.85,25632.6,25635.85,47313
2026-02-06 11:43:25+05:30,25634.75,25634.75,25633.6,25634.05,236188
2026-02-06 11:43:30+05:30,25633.5,25634.75,25629.85,25629.85,58872
2026-02-06 11:43:35+05:30,25631.5,25632.85,25630.45,25631.4,57674
2026-02-06 11:43:40+05:30,25631.05,25632.4,25629.95,25631.2,54896
2026-02-06 11:43:45+05:30,25631.8,25632.1,25630.7,25630.85,67795
2026-02-06 11:43:50+05:30,25632.0,25632.0,25630.4,25631.25,36530
2026-02-06 11:43:55+05:30,25631.25,25634.35,25630.75,25634.35,126698
2026-02-06 11:44:00+05:30,25633.6,25634.9,25632.85,25633.55,84045
2026-02-06 11:44:05+05:30,25633.4,25633.4,25628.9,25628.9,84761
2026-02-06 11:44:10+05:30,25628.55,25628.75,25627.45,25628.65,65276
2026-02-06 11:44:15+05:30,25627.95,25628.2,25626.85,25627.1,81830
2026-02-06 11:44:20+05:30,25627.95,25629.85,25626.85,25628.45,57954
2026-02-06 11:44:25+05:30,25627.9,25628.85,25627.45,25627.45,119136
2026-02-06 11:44:30+05:30,25627.6,25628.7,25625.7,25626.5,68363
2026-02-06 11:44:35+05:30,25627.45,25627.45,25624.8,25625.7,81397
2026-02-06 11:44:40+05:30,25625.05,25626.0,25624.35,25624.8,99031
2026-02-06 11:44:45+05:30,25625.0,25625.0,25624.05,25624.25,57580
2026-02-06 11:44:50+05:30,25626.0,25626.0,25624.65,25625.35,64227
2026-02-06 11:44:55+05:30,25625.2,25625.35,25623.45,25623.8,65129
2026-02-06 11:45:00+05:30,25623.85,25623.85,25621.0,25621.15,46434
2026-02-06 11:45:05+05:30,25622.25,25622.25,25618.45,25619.65,120406
2026-02-06 11:45:10+05:30,25618.8,25618.8,25617.3,25617.55,94525
2026-02-06 11:45:15+05:30,25617.05,25617.85,25615.75,25615.9,73190
2026-02-06 11:45:20+05:30,25616.6,25616.6,25614.1,25614.1,100891
2026-02-06 11:45:25+05:30,25613.95,25614.7,25613.45,25613.8,71038
2026-02-06 11:45:30+05:30,25613.2,25614.7,25613.2,25614.15,160113
2026-02-06 11:45:35+05:30,25614.65,25615.7,25614.1,25615.0,89807
2026-02-06 11:45:40+05:30,25615.6,25616.55,25615.2,25616.55,122129
2026-02-06 11:45:45+05:30,25616.6,25616.65,25615.6,25615.6,83118
2026-02-06 11:45:50+05:30,25616.7,25616.7,25615.1,25615.2,106477
2026-02-06 11:45:55+05:30,25615.3,25615.3,25613.8,25614.5,113699
2026-02-06 11:46:00+05:30,25615.3,25616.55,25614.85,25616.55,82054
2026-02-06 11:46:05+05:30,25615.85,25617.75,25614.8,25616.75,67520
2026-02-06 11:46:10+05:30,25617.15,25618.45,25616.9,25617.95,52546
2026-02-06 11:46:15+05:30,25617.9,25619.0,25617.85,25618.7,32433
2026-02-06 11:46:20+05:30,25619.6,25620.35,25618.5,25619.8,61673
2026-02-06 11:46:25+05:30,25619.25,25619.4,25618.8,25618.9,23533
2026-02-06 11:46:30+05:30,25619.2,25622.2,25619.1,25622.05,96139
2026-02-06 11:46:35+05:30,25622.7,25625.1,25622.45,25624.65,55400
2026-02-06 11:46:40+05:30,25623.55,25626.3,25623.55,25624.9,90045
2026-02-06 11:46:45+05:30,25624.75,25626.0,25624.35,25626.0,40782
2026-02-06 11:46:50+05:30,25625.7,25627.9,25625.7,25626.95,67938
2026-02-06 11:46:55+05:30,25626.95,25627.45,25625.45,25627.45,56649
2026-02-06 11:47:00+05:30,25626.15,25630.9,25626.15,25630.9,139887
2026-02-06 11:47:05+05:30,25631.2,25631.2,25629.1,25629.85,87264
2026-02-06 11:47:10+05:30,25629.8,25631.55,25629.2,25631.35,119321
2026-02-06 11:47:15+05:30,25632.25,25634.7,25632.25,25634.15,53186
2026-02-06 11:47:20+05:30,25635.45,25635.65,25634.25,25634.8,48899
2026-02-06 11:47:25+05:30,25634.55,25634.55,25633.65,25634.25,36262
2026-02-06 11:47:30+05:30,25634.1,25634.15,25633.2,25633.95,33994
2026-02-06 11:47:35+05:30,25634.5,25634.5,25632.9,25633.7,111608
2026-02-06 11:47:40+05:30,25633.65,25633.95,25632.3,25632.5,64325
2026-02-06 11:47:45+05:30,25632.3,25632.9,25632.0,25632.9,19853
2026-02-06 11:47:50+05:30,25633.15,25633.5,25632.5,25632.5,30369
2026-02-06 11:47:55+05:30,25633.1,25633.2,25631.95,25633.15,56036
2026-02-06 11:48:00+05:30,25632.85,25633.5,25631.8,25631.8,37032
2026-02-06 11:48:05+05:30,25632.45,25632.95,25629.85,25631.35,152085
2026-02-06 11:48:10+05:30,25632.2,25632.2,25630.75,25631.65,50441
2026-02-06 11:48:15+05:30,25631.45,25632.5,25631.45,25632.5,104855
2026-02-06 11:48:20+05:30,25633.0,25633.0,25631.35,25631.35,55895
2026-02-06 11:48:25+05:30,25630.45,25630.45,25629.15,25629.5,90328
2026-02-06 11:48:30+05:30,25629.05,25630.7,25629.0,25630.55,99431
2026-02-06 11:48:35+05:30,25631.15,25631.55,25630.25,25630.35,39419
2026-02-06 11:48:40+05:30,25630.5,25631.45,25630.3,25631.1,41855
2026-02-06 11:48:45+05:30,25630.8,25631.65,25629.9,25629.9,42133
2026-02-06 11:48:50+05:30,25631.0,25632.15,25630.6,25631.65,32667
2026-02-06 11:48:55+05:30,25631.1,25631.9,25631.1,25631.75,41078
2026-02-06 11:49:00+05:30,25631.25,25631.9,25630.8,25630.9,44855
2026-02-06 11:49:05+05:30,25631.35,25631.35,25629.5,25630.15,42092
2026-02-06 11:49:10+05:30,25629.5,25631.5,25629.5,25631.5,40615
2026-02-06 11:49:15+05:30,25632.2,25632.65,25631.3,25632.65,1278353
2026-02-06 11:49:20+05:30,25633.4,25637.4,25632.95,25636.5,245041
2026-02-06 11:49:25+05:30,25637.5,25639.15,25636.4,25638.5,208863
2026-02-06 11:49:30+05:30,25639.95,25641.45,25639.95,25641.25,201914
2026-02-06 11:49:35+05:30,25641.8,25641.8,25639.95,25640.7,77653
2026-02-06 11:49:40+05:30,25640.2,25640.2,25637.55,25637.95,83154
2026-02-06 11:49:45+05:30,25637.35,25638.05,25637.05,25637.3,51103
2026-02-06 11:49:50+05:30,25638.3,25638.3,25636.35,25637.85,57701
2026-02-06 11:49:55+05:30,25638.55,25638.75,25636.85,25636.85,96618
2026-02-06 11:50:00+05:30,25636.65,25637.35,25635.65,25636.4,69959
2026-02-06 11:50:05+05:30,25637.0,25637.65,25635.3,25635.9,77182
2026-02-06 11:50:10+05:30,25636.4,25636.8,25634.3,25635.0,69949
2026-02-06 11:50:15+05:30,25634.95,25635.3,25632.95,25632.95,66493
2026-02-06 11:50:20+05:30,25634.6,25634.75,25633.05,25634.3,47261
2026-02-06 11:50:25+05:30,25632.6,25634.0,25632.6,25633.2,42435
2026-02-06 11:50:30+05:30,25633.35,25634.45,25633.35,25634.45,179661
2026-02-06 11:50:35+05:30,25635.25,25635.8,25633.9,25634.0,80829
2026-02-06 11:50:40+05:30,25633.9,25634.7,25633.7,25634.45,47268
2026-02-06 11:50:45+05:30,25633.85,25635.45,25633.75,25634.95,60417
2026-02-06 11:50:50+05:30,25635.95,25637.0,25635.9,25636.2,61184
2026-02-06 11:50:55+05:30,25636.15,25638.0,25636.15,25638.0,69986
2026-02-06 11:51:00+05:30,25637.9,25638.75,25637.2,25638.1,49211
2026-02-06 11:51:05+05:30,25639.55,25639.55,25636.95,25636.95,43563
2026-02-06 11:51:10+05:30,25637.45,25637.65,25636.4,25637.5,73814
2026-02-06 11:51:15+05:30,25638.15,25638.15,25636.65,25636.65,41167
2026-02-06 11:51:20+05:30,25637.8,25637.8,25633.9,25633.9,110158
2026-02-06 11:51:25+05:30,25633.35,25634.9,25633.35,25634.3,48669
2026-02-06 11:51:30+05:30,25634.4,25635.45,25633.95,25634.9,61211
2026-02-06 11:51:35+05:30,25635.4,25635.5,25633.95,25634.25,61009
2026-02-06 11:51:40+05:30,25633.6,25633.75,25632.0,25632.9,52387
2026-02-06 11:51:45+05:30,25633.0,25633.25,25631.9,25632.7,51548
2026-02-06 11:51:50+05:30,25633.65,25633.65,25632.25,25632.95,81407
2026-02-06 11:51:55+05:30,25631.45,25632.05,25629.5,25631.2,65545
2026-02-06 11:52:00+05:30,25630.85,25632.4,25629.85,25631.2,112365
2026-02-06 11:52:05+05:30,25631.45,25631.45,25629.85,25629.85,86422
2026-02-06 11:52:10+05:30,25629.65,25629.8,25627.8,25629.45,65721
2026-02-06 11:52:15+05:30,25628.95,25629.45,25627.9,25629.45,53174
2026-02-06 11:52:20+05:30,25630.15,25630.3,25628.85,25629.6,47785
2026-02-06 11:52:25+05:30,25630.1,25632.4,25629.3,25632.4,73977
2026-02-06 11:52:30+05:30,25631.35,25632.3,25631.35,25632.1,86809
2026-02-06 11:52:35+05:30,25632.95,25632.95,25631.4,25632.25,101976
2026-02-06 11:52:40+05:30,25631.8,25632.35,25629.95,25631.05,111670
2026-02-06 11:52:45+05:30,25630.8,25630.8,25626.7,25626.7,83525
2026-02-06 11:52:50+05:30,25628.0,25628.1,25627.1,25627.55,56786
2026-02-06 11:52:55+05:30,25627.55,25628.3,25626.45,25627.25,30681
2026-02-06 11:53:00+05:30,25626.55,25626.65,25623.5,25623.95,74529
2026-02-06 11:53:05+05:30,25624.95,25624.95,25623.3,25623.7,31020
2026-02-06 11:53:10+05:30,25623.1,25624.85,25623.1,25624.05,40647
2026-02-06 11:53:15+05:30,25624.9,25624.9,25623.75,25624.2,76322
2026-02-06 11:53:20+05:30,25624.95,25625.05,25623.0,25623.0,71450
2026-02-06 11:53:25+05:30,25622.1,25623.6,25621.25,25622.15,60051
2026-02-06 11:53:30+05:30,25621.1,25622.55,25620.75,25622.0,70890
2026-02-06 11:53:35+05:30,25623.15,25624.35,25622.25,25623.8,60837
2026-02-06 11:53:40+05:30,25623.0,25624.7,25623.0,25624.4,41958
2026-02-06 11:53:45+05:30,25623.95,25624.85,25623.8,25624.2,35160
2026-02-06 11:53:50+05:30,25624.45,25625.2,25623.4,25625.1,41390
2026-02-06 11:53:55+05:30,25624.55,25626.85,25624.55,25626.8,69431
2026-02-06 11:54:00+05:30,25626.9,25628.35,25626.9,25627.65,47693
2026-02-06 11:54:05+05:30,25628.6,25628.6,25626.65,25626.65,76605
2026-02-06 11:54:10+05:30,25626.25,25627.0,25624.65,25625.9,42353
2026-02-06 11:54:15+05:30,25625.65,25625.85,25624.0,25624.0,61467
2026-02-06 11:54:20+05:30,25625.15,25625.4,25623.05,25623.8,68579
2026-02-06 11:54:25+05:30,25623.35,25624.4,25622.45,25622.7,45906
2026-02-06 11:54:30+05:30,25623.05,25623.4,25622.35,25622.35,63296
2026-02-06 11:54:35+05:30,25623.55,25624.8,25622.0,25624.05,72225
2026-02-06 11:54:40+05:30,25624.1,25624.7,25623.35,25624.7,74008
2026-02-06 11:54:45+05:30,25625.65,25626.3,25624.85,25624.85,84595
2026-02-06 11:54:50+05:30,25625.25,25625.65,25624.3,25625.2,90904
2026-02-06 11:54:55+05:30,25624.65,25626.3,25624.65,25625.65,60764
2026-02-06 11:55:00+05:30,25625.5,25626.15,25625.05,25625.8,40316
2026-02-06 11:55:05+05:30,25627.1,25627.1,25625.05,25626.65,79971
2026-02-06 11:55:10+05:30,25626.7,25626.8,25625.75,25626.45,52185
2026-02-06 11:55:15+05:30,25627.2,25628.95,25626.7,25628.2,97113
2026-02-06 11:55:20+05:30,25629.1,25629.1,25626.2,25627.4,77165
2026-02-06 11:55:25+05:30,25627.35,25627.8,25626.65,25627.8,41150
2026-02-06 11:55:30+05:30,25627.35,25629.25,25627.35,25629.25,36437
2026-02-06 11:55:35+05:30,25629.8,25629.8,25627.9,25628.25,58195
2026-02-06 11:55:40+05:30,25627.85,25628.85,25627.85,25628.85,85489
2026-02-06 11:55:45+05:30,25631.55,25631.55,25628.75,25628.75,49953
2026-02-06 11:55:50+05:30,25630.2,25630.2,25628.35,25628.65,41525
2026-02-06 11:55:55+05:30,25628.65,25628.75,25627.75,25627.75,66104
2026-02-06 11:56:00+05:30,25627.75,25628.4,25627.15,25627.75,32856
2026-02-06 11:56:05+05:30,25628.6,25628.6,25627.4,25627.65,70842
2026-02-06 11:56:10+05:30,25626.45,25627.1,25625.7,25626.6,64343
2026-02-06 11:56:15+05:30,25626.05,25626.45,25624.95,25625.15,47792
2026-02-06 11:56:20+05:30,25626.0,25626.0,25624.05,25624.75,57487
2026-02-06 11:56:25+05:30,25624.2,25626.1,25624.2,25626.1,72165
2026-02-06 11:56:30+05:30,25626.25,25627.0,25625.5,25626.3,73805
2026-02-06 11:56:35+05:30,25627.55,25627.55,25626.15,25626.9,66084
2026-02-06 11:56:40+05:30,25627.05,25627.05,25625.25,25625.25,69218
2026-02-06 11:56:45+05:30,25624.95,25624.95,25622.15,25622.15,50656
2026-02-06 11:56:50+05:30,25621.6,25621.6,25619.2,25620.05,98447
2026-02-06 11:56:55+05:30,25619.75,25620.0,25618.1,25618.45,79247
2026-02-06 11:57:00+05:30,25618.3,25619.1,25616.9,25617.3,138490
2026-02-06 11:57:05+05:30,25618.4,25618.7,25616.65,25617.65,92715
2026-02-06 11:57:10+05:30,25619.0,25620.15,25618.4,25620.15,73891
2026-02-06 11:57:15+05:30,25620.1,25620.5,25619.2,25619.2,30768
2026-02-06 11:57:20+05:30,25619.55,25619.55,25616.9,25617.35,85238
2026-02-06 11:57:25+05:30,25616.8,25617.95,25616.65,25617.4,42555
2026-02-06 11:57:30+05:30,25617.85,25618.75,25616.95,25618.5,59756
2026-02-06 11:57:35+05:30,25618.0,25619.1,25618.0,25618.1,121706
2026-02-06 11:57:40+05:30,25618.7,25621.75,25618.7,25621.75,140235
2026-02-06 11:57:45+05:30,25621.8,25622.3,25620.6,25621.9,44604
2026-02-06 11:57:50+05:30,25622.85,25623.65,25620.5,25623.55,42936
2026-02-06 11:57:55+05:30,25622.65,25624.95,25621.65,25622.85,107524
2026-02-06 11:58:00+05:30,25623.8,25624.4,25622.45,25623.35,51447
2026-02-06 11:58:05+05:30,25624.15,25624.15,25621.9,25622.7,35868
2026-02-06 11:58:10+05:30,25622.75,25622.75,25619.8,25619.8,101300
2026-02-06 11:58:15+05:30,25619.1,25622.2,25619.1,25620.75,122747
2026-02-06 11:58:20+05:30,25622.95,25623.1,25620.95,25623.0,74642
2026-02-06 11:58:25+05:30,25623.5,25623.55,25622.85,25623.55,30923
2026-02-06 11:58:30+05:30,25622.6,25625.1,25622.6,25625.0,82911
2026-02-06 11:58:35+05:30,25625.95,25628.1,25625.35,25627.55,66423
2026-02-06 11:58:40+05:30,25627.35,25628.25,25627.0,25628.25,71375
2026-02-06 11:58:45+05:30,25627.95,25628.9,25627.35,25627.35,77289
2026-02-06 11:58:50+05:30,25627.35,25629.1,25626.9,25628.85,92179
2026-02-06 11:58:55+05:30,25629.45,25629.5,25628.7,25628.7,114775
2026-02-06 11:59:00+05:30,25629.0,25629.0,25626.0,25626.95,57480
2026-02-06 11:59:05+05:30,25628.35,25628.4,25627.3,25628.3,30636
2026-02-06 11:59:10+05:30,25628.35,25629.2,25627.6,25629.2,50199
2026-02-06 11:59:15+05:30,25629.55,25630.7,25629.4,25630.25,63276
2026-02-06 11:59:20+05:30,25631.35,25632.45,25629.9,25630.1,81496
2026-02-06 11:59:25+05:30,25629.75,25630.95,25629.75,25630.7,92169
2026-02-06 11:59:30+05:30,25630.85,25631.8,25630.25,25631.7,30411
2026-02-06 11:59:35+05:30,25630.4,25630.45,25628.55,25628.55,52816
2026-02-06 11:59:40+05:30,25628.9,25629.9,25628.4,25629.7,94992
2026-02-06 11:59:45+05:30,25629.0,25632.15,25629.0,25630.5,206951
2026-02-06 11:59:50+05:30,25632.3,25632.3,25630.05,25630.7,88039
2026-02-06 11:59:55+05:30,25630.6,25632.55,25630.6,25632.25,61230
2026-02-06 12:00:00+05:30,25631.35,25634.35,25631.35,25634.35,119200
2026-02-06 12:00:05+05:30,25634.55,25636.35,25633.45,25636.05,55321
2026-02-06 12:00:10+05:30,25635.35,25636.95,25635.35,25636.95,80777
2026-02-06 12:00:15+05:30,25637.4,25638.85,25637.3,25638.15,114528
2026-02-06 12:00:20+05:30,25639.25,25641.7,25638.3,25641.7,163999
2026-02-06 12:00:25+05:30,25641.15,25641.85,25640.2,25640.4,63489
2026-02-06 12:00:30+05:30,25640.65,25641.4,25639.95,25640.4,67394
2026-02-06 12:00:35+05:30,25640.8,25640.8,25639.6,25640.1,75741
2026-02-06 12:00:40+05:30,25638.8,25641.3,25638.45,25641.3,120191
2026-02-06 12:00:45+05:30,25640.95,25642.95,25640.95,25641.75,62283
2026-02-06 12:00:50+05:30,25643.0,25645.25,25642.3,25644.25,64366
2026-02-06 12:00:55+05:30,25643.8,25649.35,25643.8,25648.35,303988
2026-02-06 12:01:00+05:30,25647.45,25648.25,25646.7,25647.15,89513
2026-02-06 12:01:05+05:30,25648.6,25649.4,25647.6,25649.1,90389
2026-02-06 12:01:10+05:30,25649.3,25654.6,25649.2,25654.6,114221
2026-02-06 12:01:15+05:30,25653.8,25656.4,25653.45,25655.35,98808
2026-02-06 12:01:20+05:30,25656.4,25656.9,25654.2,25656.0,137657
2026-02-06 12:01:25+05:30,25655.95,25657.25,25655.4,25656.85,56696
2026-02-06 12:01:30+05:30,25655.8,25657.55,25654.7,25657.05,165664
2026-02-06 12:01:35+05:30,25657.2,25657.9,25654.1,25654.1,102205
2026-02-06 12:01:40+05:30,25654.3,25654.3,25650.9,25650.9,293285
2026-02-06 12:01:45+05:30,25651.3,25651.3,25649.35,25649.55,79108
2026-02-06 12:01:50+05:30,25650.3,25650.3,25648.6,25649.35,47637
2026-02-06 12:01:55+05:30,25649.35,25649.5,25648.0,25648.0,117540
2026-02-06 12:02:00+05:30,25647.2,25647.35,25644.8,25645.35,77395
2026-02-06 12:02:05+05:30,25645.8,25646.9,25644.3,25644.3,84001
2026-02-06 12:02:10+05:30,25643.65,25643.65,25642.9,25642.9,81698
2026-02-06 12:02:15+05:30,25642.65,25643.55,25642.1,25642.4,54277
2026-02-06 12:02:20+05:30,25643.1,25643.2,25641.25,25642.2,48819
2026-02-06 12:02:25+05:30,25640.75,25641.85,25640.2,25640.25,49895
2026-02-06 12:02:30+05:30,25639.45,25639.7,25637.35,25637.85,53809
2026-02-06 12:02:35+05:30,25638.05,25638.15,25635.9,25635.9,81956
2026-02-06 12:02:40+05:30,25634.7,25634.85,25631.75,25633.05,70466
2026-02-06 12:02:45+05:30,25633.25,25635.15,25632.9,25634.1,42119
2026-02-06 12:02:50+05:30,25633.9,25635.3,25633.5,25634.25,68225
2026-02-06 12:02:55+05:30,25634.6,25635.65,25634.45,25634.75,52315
2026-02-06 12:03:00+05:30,25634.9,25634.9,25633.25,25633.25,43068
2026-02-06 12:03:05+05:30,25634.3,25636.2,25634.15,25634.8,35108
2026-02-06 12:03:10+05:30,25634.95,25634.95,25633.25,25633.25,31458
2026-02-06 12:03:15+05:30,25632.65,25632.65,25631.35,25631.35,69293
2026-02-06 12:03:20+05:30,25632.05,25632.05,25628.2,25629.7,108006
2026-02-06 12:03:25+05:30,25629.45,25630.9,25628.7,25629.0,110664
2026-02-06 12:03:30+05:30,25629.7,25629.7,25627.4,25628.8,48565
2026-02-06 12:03:35+05:30,25628.95,25628.95,25627.0,25627.85,54680
2026-02-06 12:03:40+05:30,25627.8,25628.0,25627.25,25627.6,44530
2026-02-06 12:03:45+05:30,25628.15,25628.15,25626.8,25627.2,26482
2026-02-06 12:03:50+05:30,25628.0,25628.7,25627.25,25627.9,22268
2026-02-06 12:03:55+05:30,25628.35,25629.35,25628.35,25628.4,31724
2026-02-06 12:04:00+05:30,25628.3,25629.35,25628.25,25628.85,79921
2026-02-06 12:04:05+05:30,25629.2,25629.5,25627.95,25629.15,53090
2026-02-06 12:04:10+05:30,25629.25,25629.7,25629.25,25629.35,43801
2026-02-06 12:04:15+05:30,25629.4,25629.7,25626.4,25626.4,33180
2026-02-06 12:04:20+05:30,25628.8,25628.8,25626.3,25627.4,69442
2026-02-06 12:04:25+05:30,25626.55,25626.75,25625.55,25626.55,90600
2026-02-06 12:04:30+05:30,25625.6,25626.3,25623.3,25624.9,39146
2026-02-06 12:04:35+05:30,25625.65,25625.9,25624.15,25624.8,29169
2026-02-06 12:04:40+05:30,25624.25,25624.75,25623.8,25624.75,36964
2026-02-06 12:04:45+05:30,25624.15,25624.7,25621.95,25622.45,85207
2026-02-06 12:04:50+05:30,25623.25,25623.45,25621.7,25622.4,99140
2026-02-06 12:04:55+05:30,25622.4,25622.4,25620.8,25621.25,52560
2026-02-06 12:05:00+05:30,25621.15,25621.3,25619.8,25620.8,51991
2026-02-06 12:05:05+05:30,25621.15,25621.2,25619.35,25619.35,83869
2026-02-06 12:05:10+05:30,25619.25,25619.25,25617.55,25618.7,61372
2026-02-06 12:05:15+05:30,25618.6,25618.6,25617.4,25617.45,53770
2026-02-06 12:05:20+05:30,25618.25,25618.25,25615.8,25617.5,39937
2026-02-06 12:05:25+05:30,25616.6,25616.6,25613.25,25613.65,55719
2026-02-06 12:05:30+05:30,25613.8,25613.8,25611.65,25612.3,75686
2026-02-06 12:05:35+05:30,25612.8,25613.85,25611.7,25612.45,35122
2026-02-06 12:05:40+05:30,25611.7,25612.35,25610.1,25610.65,35620
2026-02-06 12:05:45+05:30,25610.8,25610.8,25607.95,25607.95,43345
2026-02-06 12:05:50+05:30,25609.0,25609.0,25606.1,25606.25,85130
2026-02-06 12:05:55+05:30,25606.0,25607.35,25605.85,25606.2,142253
2026-02-06 12:06:00+05:30,25606.45,25606.45,25604.9,25605.05,65371
2026-02-06 12:06:05+05:30,25604.65,25606.8,25604.15,25604.15,67076
2026-02-06 12:06:10+05:30,25603.85,25604.95,25603.15,25604.15,82248
2026-02-06 12:06:15+05:30,25603.9,25607.7,25603.9,25606.7,140273
2026-02-06 12:06:20+05:30,25608.3,25608.3,25606.6,25607.5,132489
2026-02-06 12:06:25+05:30,25605.8,25606.45,25605.8,25605.8,86468
2026-02-06 12:06:30+05:30,25605.5,25605.75,25603.95,25604.65,48146
2026-02-06 12:06:35+05:30,25605.45,25605.45,25602.1,25602.45,287313
2026-02-06 12:06:40+05:30,25602.35,25602.95,25601.6,25602.45,66302
2026-02-06 12:06:45+05:30,25601.55,25601.6,25599.15,25599.15,49325
2026-02-06 12:06:50+05:30,25600.1,25601.0,25599.15,25599.95,87238
2026-02-06 12:06:55+05:30,25599.75,25599.95,25598.45,25598.45,63732
2026-02-06 12:07:00+05:30,25598.6,25599.75,25598.05,25598.05,89943
2026-02-06 12:07:05+05:30,25598.55,25599.85,25597.7,25598.95,58354
2026-02-06 12:07:10+05:30,25598.85,25598.85,25597.6,25598.6,52122
2026-02-06 12:07:15+05:30,25597.8,25598.6,25596.45,25597.9,91329
2026-02-06 12:07:20+05:30,25597.85,25597.85,25596.05,25596.05,59662
2026-02-06 12:07:25+05:30,25595.65,25596.55,25595.1,25595.15,41263
2026-02-06 12:07:30+05:30,25594.75,25597.5,25594.75,25597.5,146223
2026-02-06 12:07:35+05:30,25598.25,25601.2,25597.8,25601.2,52055
2026-02-06 12:07:40+05:30,25600.3,25600.85,25599.1,25600.85,68412
2026-02-06 12:07:45+05:30,25601.75,25601.75,25600.05,25600.3,60825
2026-02-06 12:07:50+05:30,25601.55,25601.55,25599.9,25600.75,53569
2026-02-06 12:07:55+05:30,25600.75,25600.8,25599.5,25599.5,68071
2026-02-06 12:08:00+05:30,25599.5,25599.5,25598.25,25598.35,60509
2026-02-06 12:08:05+05:30,25598.35,25598.55,25596.65,25596.7,110346
2026-02-06 12:08:10+05:30,25596.3,25596.35,25595.2,25596.35,38764
2026-02-06 12:08:15+05:30,25595.65,25596.55,25595.25,25595.25,30498
2026-02-06 12:08:20+05:30,25596.65,25597.55,25595.85,25596.5,47869
2026-02-06 12:08:25+05:30,25595.95,25595.95,25594.8,25595.55,156614
2026-02-06 12:08:30+05:30,25594.8,25595.95,25594.15,25595.9,56814
2026-02-06 12:08:35+05:30,25595.8,25597.45,25594.35,25596.6,58696
2026-02-06 12:08:40+05:30,25596.2,25598.15,25596.2,25597.0,63826
2026-02-06 12:08:45+05:30,25598.0,25598.0,25596.65,25597.0,39647
2026-02-06 12:08:50+05:30,25597.95,25598.15,25595.8,25596.85,63882
2026-02-06 12:08:55+05:30,25596.7,25597.55,25596.25,25597.0,33511
2026-02-06 12:09:00+05:30,25597.1,25597.95,25594.9,25597.95,144023
2026-02-06 12:09:05+05:30,25598.5,25598.5,25596.7,25597.8,44415
2026-02-06 12:09:10+05:30,25597.55,25597.6,25595.45,25596.6,76931
2026-02-06 12:09:15+05:30,25597.1,25597.3,25596.0,25596.0,37437
2026-02-06 12:09:20+05:30,25597.75,25598.2,25596.4,25596.7,37647
2026-02-06 12:09:25+05:30,25596.5,25596.65,25595.85,25596.35,49552
2026-02-06 12:09:30+05:30,25596.25,25596.25,25594.25,25594.7,51638
2026-02-06 12:09:35+05:30,25595.35,25595.95,25593.8,25594.7,80675
2026-02-06 12:09:40+05:30,25594.15,25596.6,25594.15,25595.5,37473
2026-02-06 12:09:45+05:30,25595.7,25595.7,25593.35,25593.35,26619
2026-02-06 12:09:50+05:30,25594.65,25594.65,25592.6,25593.05,41126
2026-02-06 12:09:55+05:30,25593.1,25594.85,25592.7,25593.95,48197
2026-02-06 12:10:00+05:30,25593.45,25593.45,25591.5,25592.75,121337
2026-02-06 12:10:05+05:30,25593.35,25593.4,25591.3,25591.8,51186
2026-02-06 12:10:10+05:30,25591.2,25591.3,25589.35,25590.0,79241
2026-02-06 12:10:15+05:30,25589.75,25591.05,25588.65,25590.45,39528
2026-02-06 12:10:20+05:30,25590.2,25591.3,25588.45,25591.3,97848
2026-02-06 12:10:25+05:30,25591.45,25593.55,25591.45,25592.45,76860
2026-02-06 12:10:30+05:30,25592.35,25593.7,25591.95,25593.7,49104
2026-02-06 12:10:35+05:30,25594.5,25594.5,25591.95,25593.05,42183
2026-02-06 12:10:40+05:30,25592.95,25593.95,25592.65,25593.6,180200
2026-02-06 12:10:45+05:30,25592.95,25592.95,25591.9,25592.15,90662
2026-02-06 12:10:50+05:30,25593.15,25593.15,25591.7,25592.5,61755
2026-02-06 12:10:55+05:30,25592.1,25593.15,25591.75,25593.15,52521
2026-02-06 12:11:00+05:30,25593.15,25595.25,25592.8,25595.25,83022
2026-02-06 12:11:05+05:30,25595.25,25595.55,25593.7,25594.45,33390
2026-02-06 12:11:10+05:30,25594.2,25594.2,25592.9,25593.9,27569
2026-02-06 12:11:15+05:30,25594.35,25594.35,25593.4,25593.7,23464
2026-02-06 12:11:20+05:30,25594.75,25594.75,25591.6,25592.95,35938
2026-02-06 12:11:25+05:30,25593.35,25593.75,25592.65,25593.75,26556
2026-02-06 12:11:30+05:30,25593.8,25594.1,25592.7,25594.05,54784
2026-02-06 12:11:35+05:30,25595.0,25595.15,25593.05,25595.15,37780
2026-02-06 12:11:40+05:30,25595.1,25595.1,25593.7,25594.8,68662
2026-02-06 12:11:45+05:30,25595.95,25595.95,25593.4,25593.55,50733
2026-02-06 12:11:50+05:30,25594.15,25594.8,25592.75,25594.55,77871
2026-02-06 12:11:55+05:30,25593.75,25593.95,25593.05,25593.65,36891
2026-02-06 12:12:00+05:30,25594.0,25594.25,25591.95,25591.95,78365
2026-02-06 12:12:05+05:30,25592.6,25593.35,25591.6,25592.15,74042
2026-02-06 12:12:10+05:30,25592.1,25593.6,25591.3,25593.6,100890
2026-02-06 12:12:15+05:30,25593.05,25594.25,25593.05,25593.9,53414
2026-02-06 12:12:20+05:30,25594.95,25595.15,25594.0,25594.2,55781
2026-02-06 12:12:25+05:30,25593.95,25594.25,25593.35,25593.5,58233
2026-02-06 12:12:30+05:30,25593.8,25594.15,25593.0,25594.15,96938
2026-02-06 12:12:35+05:30,25594.1,25595.35,25592.95,25594.5,103693
2026-02-06 12:12:40+05:30,25594.45,25594.75,25593.25,25594.25,70148
2026-02-06 12:12:45+05:30,25593.5,25594.6,25593.25,25594.6,107326
2026-02-06 12:12:50+05:30,25595.3,25596.85,25594.35,25596.15,79515
2026-02-06 12:12:55+05:30,25595.75,25596.15,25594.75,25595.65,44821
2026-02-06 12:13:00+05:30,25596.05,25600.35,25596.05,25600.35,66010
2026-02-06 12:13:05+05:30,25601.05,25602.45,25600.4,25600.7,99375
2026-02-06 12:13:10+05:30,25600.75,25601.15,25599.75,25600.95,59188
2026-02-06 12:13:15+05:30,25601.45,25602.15,25600.95,25602.0,37122
2026-02-06 12:13:20+05:30,25602.75,25603.15,25601.4,25602.2,54873
2026-02-06 12:13:25+05:30,25602.75,25603.15,25601.6,25601.9,49948
2026-02-06 12:13:30+05:30,25601.95,25602.9,25601.05,25602.05,139633
2026-02-06 12:13:35+05:30,25602.5,25603.3,25600.75,25602.35,53564
2026-02-06 12:13:40+05:30,25602.65,25604.25,25602.65,25604.25,56609
2026-02-06 12:13:45+05:30,25604.6,25606.45,25604.6,25606.45,40392
2026-02-06 12:13:50+05:30,25606.3,25606.3,25605.35,25606.1,33214
2026-02-06 12:13:55+05:30,25604.9,25606.4,25604.4,25606.15,108876
2026-02-06 12:14:00+05:30,25604.6,25606.7,25604.5,25605.8,36669
2026-02-06 12:14:05+05:30,25605.3,25606.2,25604.7,25605.05,40071
2026-02-06 12:14:10+05:30,25605.55,25606.1,25604.0,25606.1,47266
2026-02-06 12:14:15+05:30,25606.15,25606.7,25605.2,25605.2,81362
2026-02-06 12:14:20+05:30,25606.35,25607.7,25604.7,25606.75,60405
2026-02-06 12:14:25+05:30,25607.0,25607.7,25606.8,25607.5,44810
2026-02-06 12:14:30+05:30,25608.45,25608.45,25606.4,25607.6,55534
2026-02-06 12:14:35+05:30,25608.45,25608.85,25606.85,25608.05,35654
2026-02-06 12:14:40+05:30,25607.6,25608.55,25607.0,25607.9,45753
2026-02-06 12:14:45+05:30,25608.0,25608.55,25607.65,25608.55,139984
2026-02-06 12:14:50+05:30,25609.7,25611.2,25607.75,25611.2,64914
2026-02-06 12:14:55+05:30,25610.85,25611.65,25610.4,25611.05,41152
2026-02-06 12:15:00+05:30,25611.7,25612.05,25610.8,25612.05,46491
2026-02-06 12:15:05+05:30,25612.7,25614.35,25612.1,25613.8,23805
2026-02-06 12:15:10+05:30,25614.15,25614.15,25612.25,25612.7,79090
2026-02-06 12:15:15+05:30,25612.3,25612.3,25610.25,25610.25,34120
2026-02-06 12:15:20+05:30,25611.35,25612.0,25610.85,25611.0,65877
2026-02-06 12:15:25+05:30,25610.3,25610.3,25607.8,25607.8,2540497
2026-02-06 12:15:30+05:30,25608.0,25609.0,25607.4,25608.7,196757
2026-02-06 12:15:35+05:30,25610.15,25610.15,25608.4,25608.4,128754
2026-02-06 12:15:40+05:30,25608.7,25608.7,25606.8,25607.95,74193
2026-02-06 12:15:45+05:30,25607.3,25607.3,25604.7,25604.9,54225
2026-02-06 12:15:50+05:30,25604.25,25604.25,25603.05,25603.45,69539
2026-02-06 12:15:55+05:30,25603.1,25603.1,25601.4,25601.4,40189
2026-02-06 12:16:00+05:30,25602.0,25602.0,25599.45,25599.7,84727
2026-02-06 12:16:05+05:30,25600.0,25603.7,25599.65,25603.4,50696
2026-02-06 12:16:10+05:30,25602.0,25602.35,25601.25,25601.6,51019
2026-02-06 12:16:15+05:30,25601.55,25601.65,25600.3,25600.3,32646
2026-02-06 12:16:20+05:30,25601.9,25602.0,25599.7,25601.25,44298
2026-02-06 12:16:25+05:30,25601.05,25601.05,25598.95,25598.95,37721
2026-02-06 12:16:30+05:30,25599.2,25599.35,25598.45,25598.8,74710
2026-02-06 12:16:35+05:30,25599.4,25599.75,25598.2,25598.7,37534
2026-02-06 12:16:40+05:30,25598.25,25598.75,25597.35,25598.65,36129
2026-02-06 12:16:45+05:30,25598.75,25598.8,25597.35,25598.55,41989
2026-02-06 12:16:50+05:30,25598.95,25599.55,25597.45,25598.2,53703
2026-02-06 12:16:55+05:30,25597.9,25597.9,25596.5,25596.5,41940
2026-02-06 12:17:00+05:30,25596.5,25597.6,25596.2,25596.85,32671
2026-02-06 12:17:05+05:30,25596.85,25597.25,25595.6,25595.6,43808
2026-02-06 12:17:10+05:30,25595.95,25597.0,25594.85,25597.0,29706
2026-02-06 12:17:15+05:30,25596.8,25597.0,25595.8,25595.8,25919
2026-02-06 12:17:20+05:30,25597.0,25599.85,25596.4,25599.35,114466
2026-02-06 12:17:25+05:30,25599.4,25600.05,25598.85,25598.85,36292
2026-02-06 12:17:30+05:30,25599.15,25599.25,25598.45,25598.6,21350
2026-02-06 12:17:35+05:30,25600.45,25600.45,25598.1,25598.1,23892
2026-02-06 12:17:40+05:30,25598.35,25598.35,25595.75,25596.2,47322
2026-02-06 12:17:45+05:30,25596.0,25596.55,25594.65,25594.75,141189
2026-02-06 12:17:50+05:30,25595.65,25596.35,25593.5,25594.75,82868
2026-02-06 12:17:55+05:30,25594.3,25594.3,25592.7,25592.7,183365
2026-02-06 12:18:00+05:30,25592.45,25593.3,25592.05,25593.25,104363
2026-02-06 12:18:05+05:30,25593.35,25594.95,25592.65,25593.1,35676
2026-02-06 12:18:10+05:30,25593.15,25593.5,25592.0,25593.5,53415
2026-02-06 12:18:15+05:30,25594.1,25594.55,25592.6,25593.1,104959
2026-02-06 12:18:20+05:30,25594.8,25595.5,25593.5,25595.5,64056
2026-02-06 12:18:25+05:30,25595.2,25596.95,25594.1,25596.95,120826
2026-02-06 12:18:30+05:30,25596.75,25599.2,25596.75,25599.2,37406
2026-02-06 12:18:35+05:30,25599.65,25601.6,25597.8,25601.6,99327
2026-02-06 12:18:40+05:30,25601.8,25602.75,25601.2,25601.4,138965
2026-02-06 12:18:45+05:30,25600.75,25601.65,25600.35,25600.5,96923
2026-02-06 12:18:50+05:30,25600.65,25601.9,25600.15,25601.35,47527
2026-02-06 12:18:55+05:30,25601.0,25602.3,25600.5,25601.6,49714
2026-02-06 12:19:00+05:30,25601.45,25601.45,25599.45,25601.15,68415
2026-02-06 12:19:05+05:30,25602.35,25605.15,25601.7,25604.6,29670
2026-02-06 12:19:10+05:30,25604.05,25604.3,25603.55,25604.1,28449
2026-02-06 12:19:15+05:30,25604.55,25604.9,25603.7,25604.6,36616
2026-02-06 12:19:20+05:30,25605.3,25605.3,25603.35,25603.55,37571
2026-02-06 12:19:25+05:30,25603.5,25604.45,25603.05,25603.8,89208
2026-02-06 12:19:30+05:30,25604.0,25605.0,25603.65,25605.0,35362
2026-02-06 12:19:35+05:30,25605.6,25606.15,25604.8,25605.15,48975
2026-02-06 12:19:40+05:30,25604.9,25604.95,25603.55,25604.05,35275
2026-02-06 12:19:45+05:30,25604.3,25605.0,25603.8,25604.75,40843
2026-02-06 12:19:50+05:30,25605.2,25605.2,25603.4,25604.15,21153
2026-02-06 12:19:55+05:30,25604.35,25604.35,25602.9,25603.4,65030
2026-02-06 12:20:00+05:30,25602.75,25602.75,25601.55,25602.25,39107
2026-02-06 12:20:05+05:30,25602.4,25602.4,25600.4,25600.75,49061
2026-02-06 12:20:10+05:30,25600.75,25601.5,25599.55,25600.5,45873
2026-02-06 12:20:15+05:30,25601.05,25601.05,25598.55,25598.9,85027
2026-02-06 12:20:20+05:30,25600.0,25600.6,25598.75,25599.6,51621
2026-02-06 12:20:25+05:30,25600.05,25600.05,25598.25,25598.25,27417
2026-02-06 12:20:30+05:30,25598.6,25598.6,25596.4,25597.1,42494
2026-02-06 12:20:35+05:30,25597.95,25597.95,25596.5,25597.25,38250
2026-02-06 12:20:40+05:30,25597.45,25597.45,25594.95,25596.85,33933
2026-02-06 12:20:45+05:30,25596.35,25597.35,25596.15,25597.05,49333
2026-02-06 12:20:50+05:30,25597.5,25597.5,25595.35,25596.3,60544
2026-02-06 12:20:55+05:30,25595.95,25596.5,25593.45,25593.45,48889
2026-02-06 12:21:00+05:30,25594.05,25594.25,25592.65,25592.65,96573
2026-02-06 12:21:05+05:30,25591.7,25591.7,25589.2,25589.2,47112
2026-02-06 12:21:10+05:30,25588.9,25589.5,25585.65,25585.65,96318
2026-02-06 12:21:15+05:30,25586.75,25587.35,25584.8,25584.8,112006
2026-02-06 12:21:20+05:30,25585.6,25585.7,25582.45,25584.6,67484
2026-02-06 12:21:25+05:30,25583.5,25585.05,25580.65,25581.8,138609
2026-02-06 12:21:30+05:30,25581.65,25582.5,25581.65,25582.45,48395
2026-02-06 12:21:35+05:30,25583.25,25583.75,25582.2,25582.35,70307
2026-02-06 12:21:40+05:30,25582.5,25582.75,25581.2,25582.75,58084
2026-02-06 12:21:45+05:30,25582.7,25584.25,25582.7,25583.45,39475
2026-02-06 12:21:50+05:30,25583.5,25583.5,25581.4,25581.55,53744
2026-02-06 12:21:55+05:30,25581.7,25581.7,25580.8,25581.15,36433
2026-02-06 12:22:00+05:30,25581.55,25581.55,25579.9,25581.4,54087
2026-02-06 12:22:05+05:30,25582.35,25582.35,25579.85,25581.05,27468
2026-02-06 12:22:10+05:30,25581.45,25581.45,25579.25,25580.45,25275
2026-02-06 12:22:15+05:30,25580.75,25580.85,25579.1,25580.1,78619
2026-02-06 12:22:20+05:30,25580.0,25580.2,25578.45,25579.4,80261
2026-02-06 12:22:25+05:30,25578.35,25578.65,25577.3,25577.65,53188
2026-02-06 12:22:30+05:30,25578.0,25578.7,25577.25,25578.7,83596
2026-02-06 12:22:35+05:30,25579.0,25580.05,25578.25,25579.05,54902
2026-02-06 12:22:40+05:30,25578.75,25579.75,25577.5,25579.3,64687
2026-02-06 12:22:45+05:30,25579.35,25579.35,25578.4,25578.9,28051
2026-02-06 12:22:50+05:30,25579.55,25580.05,25577.95,25579.85,39610
2026-02-06 12:22:55+05:30,25579.35,25579.75,25577.95,25577.95,34742
2026-02-06 12:23:00+05:30,25578.55,25579.15,25577.6,25578.8,57124
2026-02-06 12:23:05+05:30,25579.6,25581.1,25578.7,25580.7,331609
2026-02-06 12:23:10+05:30,25581.1,25581.65,25580.2,25581.65,75612
2026-02-06 12:23:15+05:30,25581.7,25581.9,25580.3,25580.6,64336
2026-02-06 12:23:20+05:30,25582.1,25582.1,25580.45,25581.15,151773
2026-02-06 12:23:25+05:30,25581.45,25582.15,25580.5,25580.5,69771
2026-02-06 12:23:30+05:30,25580.65,25580.65,25577.8,25578.55,144510
2026-02-06 12:23:35+05:30,25579.45,25580.7,25577.55,25579.9,87135
2026-02-06 12:23:40+05:30,25578.7,25579.1,25578.25,25579.1,49826
2026-02-06 12:23:45+05:30,25580.1,25580.1,25578.8,25579.55,54047
2026-02-06 12:23:50+05:30,25578.45,25580.6,25578.45,25579.2,35024
2026-02-06 12:23:55+05:30,25578.55,25579.45,25578.05,25578.1,85314
2026-02-06 12:24:00+05:30,25578.15,25578.75,25576.7,25578.75,114003
2026-02-06 12:24:05+05:30,25578.95,25578.95,25576.6,25578.25,94045
2026-02-06 12:24:10+05:30,25577.7,25578.35,25576.9,25578.35,37221
2026-02-06 12:24:15+05:30,25577.7,25578.15,25576.5,25576.8,62806
2026-02-06 12:24:20+05:30,25577.2,25577.8,25575.15,25577.8,68588
2026-02-06 12:24:25+05:30,25577.35,25577.75,25577.25,25577.5,34276
2026-02-06 12:24:30+05:30,25577.1,25577.3,25576.25,25577.3,41097
2026-02-06 12:24:35+05:30,25577.35,25577.35,25575.25,25575.25,53153
2026-02-06 12:24:40+05:30,25575.2,25576.55,25574.75,25576.55,55144
2026-02-06 12:24:45+05:30,25576.4,25576.55,25575.15,25575.2,25563
2026-02-06 12:24:50+05:30,25576.3,25576.3,25574.35,25574.65,184197
2026-02-06 12:24:55+05:30,25573.65,25575.45,25570.3,25570.3,379703
2026-02-06 12:25:00+05:30,25570.45,25570.45,25569.4,25570.05,90915
2026-02-06 12:25:05+05:30,25570.15,25570.15,25567.75,25569.05,199212
2026-02-06 12:25:10+05:30,25568.8,25568.95,25567.5,25568.7,59032
2026-02-06 12:25:15+05:30,25567.8,25569.9,25567.8,25569.3,46938
2026-02-06 12:25:20+05:30,25570.15,25571.45,25569.65,25570.0,53575
2026-02-06 12:25:25+05:30,25570.75,25571.85,25570.0,25571.4,26022
2026-02-06 12:25:30+05:30,25569.95,25571.2,25569.95,25571.2,46805
2026-02-06 12:25:35+05:30,25571.25,25571.25,25569.05,25569.05,25024
2026-02-06 12:25:40+05:30,25568.4,25570.25,25568.4,25568.6,31217
2026-02-06 12:25:45+05:30,25568.1,25569.7,25568.1,25568.75,29185
2026-02-06 12:25:50+05:30,25570.7,25570.7,25568.95,25569.65,37645
2026-02-06 12:25:55+05:30,25569.45,25569.45,25567.4,25567.6,52149
2026-02-06 12:26:00+05:30,25567.5,25567.5,25566.3,25566.75,52024
2026-02-06 12:26:05+05:30,25567.3,25569.25,25566.35,25568.4,48605
2026-02-06 12:26:10+05:30,25568.4,25568.75,25566.9,25568.75,63618
2026-02-06 12:26:15+05:30,25568.15,25568.4,25567.35,25567.8,34001
2026-02-06 12:26:20+05:30,25568.85,25569.3,25567.65,25568.6,47752
2026-02-06 12:26:25+05:30,25567.3,25568.2,25562.4,25562.4,77112
2026-02-06 12:26:30+05:30,25563.0,25563.35,25562.3,25563.1,269245
2026-02-06 12:26:35+05:30,25563.7,25563.7,25561.8,25562.7,54862
2026-02-06 12:26:40+05:30,25563.0,25563.1,25562.15,25563.1,26185
2026-02-06 12:26:45+05:30,25563.2,25563.5,25562.15,25562.3,339456
2026-02-06 12:26:50+05:30,25563.4,25564.1,25561.35,25563.65,49623
2026-02-06 12:26:55+05:30,25563.35,25564.2,25562.85,25563.7,36599
2026-02-06 12:27:00+05:30,25563.9,25566.5,25563.9,25566.5,58675
2026-02-06 12:27:05+05:30,25566.65,25567.8,25564.85,25566.75,46687
2026-02-06 12:27:10+05:30,25566.7,25570.3,25566.5,25570.3,258498
2026-02-06 12:27:15+05:30,25570.45,25573.3,25570.45,25571.75,71832
2026-02-06 12:27:20+05:30,25572.7,25573.0,25571.1,25572.95,46822
2026-02-06 12:27:25+05:30,25572.65,25574.45,25572.65,25574.25,160883
2026-02-06 12:27:30+05:30,25574.3,25575.05,25573.65,25575.0,51530
2026-02-06 12:27:35+05:30,25575.45,25575.9,25573.8,25575.5,46198
2026-02-06 12:27:40+05:30,25575.6,25576.95,25575.35,25576.5,71175
2026-02-06 12:27:45+05:30,25576.45,25579.1,25576.45,25577.75,52085
2026-02-06 12:27:50+05:30,25578.15,25578.15,25576.15,25576.8,40690
2026-02-06 12:27:55+05:30,25575.6,25576.4,25573.2,25573.2,70450
2026-02-06 12:28:00+05:30,25573.05,25575.75,25573.05,25575.05,52459
2026-02-06 12:28:05+05:30,25575.2,25577.15,25574.95,25576.05,30630
2026-02-06 12:28:10+05:30,25575.7,25576.7,25575.45,25575.9,38666
2026-02-06 12:28:15+05:30,25576.5,25576.5,25574.35,25574.7,26487
2026-02-06 12:28:20+05:30,25575.65,25575.8,25572.8,25573.75,32636
2026-02-06 12:28:25+05:30,25574.15,25574.65,25572.6,25574.65,25838
2026-02-06 12:28:30+05:30,25573.55,25573.55,25569.7,25570.6,39144
2026-02-06 12:28:35+05:30,25572.05,25572.05,25570.55,25571.45,51934
2026-02-06 12:28:40+05:30,25571.3,25571.75,25570.75,25571.25,40674
2026-02-06 12:28:45+05:30,25572.3,25572.95,25571.25,25571.3,22931
2026-02-06 12:28:50+05:30,25571.85,25571.9,25570.45,25571.7,64078
2026-02-06 12:28:55+05:30,25571.05,25572.05,25570.75,25571.8,45896
2026-02-06 12:29:00+05:30,25571.8,25571.8,25570.5,25571.6,27123
2026-02-06 12:29:05+05:30,25571.6,25572.75,25571.1,25571.1,38983
2026-02-06 12:29:10+05:30,25571.1,25571.1,25569.7,25571.1,27359
2026-02-06 12:29:15+05:30,25570.3,25571.4,25570.2,25570.25,35137
2026-02-06 12:29:20+05:30,25571.75,25571.75,25570.1,25571.7,40839
2026-02-06 12:29:25+05:30,25570.75,25572.25,25570.75,25571.8,34199
2026-02-06 12:29:30+05:30,25572.5,25573.4,25571.05,25573.25,54789
2026-02-06 12:29:35+05:30,25574.0,25575.5,25573.7,25575.2,35272
2026-02-06 12:29:40+05:30,25574.6,25575.2,25573.55,25573.55,29204
2026-02-06 12:29:45+05:30,25573.35,25574.5,25572.8,25574.25,41209
2026-02-06 12:29:50+05:30,25575.15,25575.15,25573.4,25574.6,30907
2026-02-06 12:29:55+05:30,25573.9,25574.65,25572.85,25573.75,32901
2026-02-06 12:30:00+05:30,25573.25,25573.5,25571.7,25573.35,105580
2026-02-06 12:30:05+05:30,25573.5,25573.5,25571.3,25571.3,98417
2026-02-06 12:30:10+05:30,25571.45,25571.45,25568.7,25570.55,41808
2026-02-06 12:30:15+05:30,25569.65,25570.8,25569.25,25570.2,39365
2026-02-06 12:30:20+05:30,25570.65,25570.85,25568.5,25569.95,30891
2026-02-06 12:30:25+05:30,25569.45,25569.85,25568.35,25568.35,46302
2026-02-06 12:30:30+05:30,25568.45,25568.45,25567.05,25567.7,50420
2026-02-06 12:30:35+05:30,25568.55,25568.55,25566.9,25567.65,61277
2026-02-06 12:30:40+05:30,25567.4,25567.4,25564.4,25565.25,51819
2026-02-06 12:30:45+05:30,25565.4,25566.0,25563.5,25563.5,35009
2026-02-06 12:30:50+05:30,25564.65,25564.7,25562.05,25564.3,78799
2026-02-06 12:30:55+05:30,25564.0,25564.4,25562.5,25562.8,77784
2026-02-06 12:31:00+05:30,25562.05,25565.35,25561.9,25565.35,47091
2026-02-06 12:31:05+05:30,25565.85,25565.85,25564.15,25564.15,37836
2026-02-06 12:31:10+05:30,25563.7,25563.7,25562.75,25563.6,34107
2026-02-06 12:31:15+05:30,25563.45,25563.75,25562.7,25562.7,46860
2026-02-06 12:31:20+05:30,25563.45,25563.5,25562.15,25563.2,27902
2026-02-06 12:31:25+05:30,25562.6,25562.6,25560.1,25560.35,49424
2026-02-06 12:31:30+05:30,25561.4,25561.4,25558.8,25559.75,63342
2026-02-06 12:31:35+05:30,25558.4,25558.4,25555.1,25556.3,73997
2026-02-06 12:31:40+05:30,25555.55,25557.05,25554.65,25556.65,54799
2026-02-06 12:31:45+05:30,25555.75,25556.3,25553.4,25553.4,64205
2026-02-06 12:31:50+05:30,25554.55,25555.15,25552.95,25554.8,61524
2026-02-06 12:31:55+05:30,25554.15,25554.75,25553.2,25553.2,34420
2026-02-06 12:32:00+05:30,25553.2,25554.5,25553.2,25553.75,75396
2026-02-06 12:32:05+05:30,25554.35,25554.4,25552.5,25553.35,50851
2026-02-06 12:32:10+05:30,25552.9,25552.9,25551.2,25552.6,27048
2026-02-06 12:32:15+05:30,25552.0,25552.0,25550.1,25551.3,171774
2026-02-06 12:32:20+05:30,25552.45,25554.45,25552.05,25553.45,73347
2026-02-06 12:32:25+05:30,25553.1,25553.5,25552.1,25553.4,29649
2026-02-06 12:32:30+05:30,25552.85,25554.2,25552.0,25554.2,34519
2026-02-06 12:32:35+05:30,25555.3,25556.55,25553.95,25554.95,32364
2026-02-06 12:32:40+05:30,25554.3,25554.3,25552.6,25554.1,67867
2026-02-06 12:32:45+05:30,25553.2,25553.7,25552.45,25552.45,99161
2026-02-06 12:32:50+05:30,25554.15,25554.15,25551.05,25552.65,65265
2026-02-06 12:32:55+05:30,25552.3,25552.3,25551.15,25551.15,50924
2026-02-06 12:33:00+05:30,25550.9,25552.55,25550.9,25552.55,39180
2026-02-06 12:33:05+05:30,25552.95,25552.95,25552.1,25552.15,37032
2026-02-06 12:33:10+05:30,25551.65,25553.1,25550.9,25553.1,54451
2026-02-06 12:33:15+05:30,25552.3,25552.95,25551.7,25552.05,32153
2026-02-06 12:33:20+05:30,25553.3,25553.3,25551.25,25552.5,126272
2026-02-06 12:33:25+05:30,25551.25,25553.65,25551.25,25552.0,71268
2026-02-06 12:33:30+05:30,25551.4,25551.4,25549.95,25550.7,62638
2026-02-06 12:33:35+05:30,25551.2,25551.2,25548.05,25548.05,54562
2026-02-06 12:33:40+05:30,25549.5,25549.5,25546.5,25548.3,46981
2026-02-06 12:33:45+05:30,25547.45,25547.45,25541.4,25541.4,85440
2026-02-06 12:33:50+05:30,25541.3,25541.3,25538.85,25539.2,62930
2026-02-06 12:33:55+05:30,25539.85,25539.85,25537.7,25538.3,52885
2026-02-06 12:34:00+05:30,25538.4,25539.45,25538.0,25539.45,63885
2026-02-06 12:34:05+05:30,25539.75,25539.75,25536.7,25536.9,69281
2026-02-06 12:34:10+05:30,25538.05,25538.05,25536.85,25537.35,100671
2026-02-06 12:34:15+05:30,25537.3,25540.2,25537.3,25540.15,59345
2026-02-06 12:34:20+05:30,25541.05,25541.45,25539.7,25541.45,39675
2026-02-06 12:34:25+05:30,25540.55,25541.8,25539.65,25539.65,54398
2026-02-06 12:34:30+05:30,25539.6,25541.25,25538.95,25541.25,66436
2026-02-06 12:34:35+05:30,25542.0,25542.0,25540.1,25541.3,54040
2026-02-06 12:34:40+05:30,25540.6,25542.05,25540.05,25542.0,182431
2026-02-06 12:34:45+05:30,25542.65,25542.65,25541.55,25541.8,42917
2026-02-06 12:34:50+05:30,25543.45,25543.45,25540.55,25541.85,49654
2026-02-06 12:34:55+05:30,25541.9,25544.0,25541.85,25543.3,70057
2026-02-06 12:35:00+05:30,25542.95,25547.8,25542.95,25547.8,139477
2026-02-06 12:35:05+05:30,25547.5,25551.6,25547.2,25550.15,169179
2026-02-06 12:35:10+05:30,25550.2,25554.15,25550.2,25554.15,73582
2026-02-06 12:35:15+05:30,25554.15,25554.15,25552.1,25552.1,62776
2026-02-06 12:35:20+05:30,25553.4,25553.4,25548.45,25550.05,58317
2026-02-06 12:35:25+05:30,25549.9,25551.25,25548.8,25551.25,61051
2026-02-06 12:35:30+05:30,25551.6,25551.6,25548.4,25549.4,49709
2026-02-06 12:35:35+05:30,25550.5,25551.25,25550.0,25550.95,39086
2026-02-06 12:35:40+05:30,25550.2,25551.1,25549.5,25549.85,31620
2026-02-06 12:35:45+05:30,25549.65,25549.65,25547.85,25548.45,62223
2026-02-06 12:35:50+05:30,25549.8,25549.8,25548.1,25548.7,21788
2026-02-06 12:35:55+05:30,25547.9,25549.75,25547.9,25548.05,74883
2026-02-06 12:36:00+05:30,25548.65,25549.45,25548.4,25549.45,20457
2026-02-06 12:36:05+05:30,25550.7,25552.15,25549.75,25551.35,53219
2026-02-06 12:36:10+05:30,25551.45,25551.6,25549.1,25551.25,50582
2026-02-06 12:36:15+05:30,25550.95,25551.4,25549.55,25549.55,38747
2026-02-06 12:36:20+05:30,25551.3,25552.15,25550.6,25551.4,35683
2026-02-06 12:36:25+05:30,25551.2,25552.85,25551.2,25551.55,48438
2026-02-06 12:36:30+05:30,25551.4,25551.9,25550.9,25551.65,31237
2026-02-06 12:36:35+05:30,25552.15,25552.85,25550.9,25551.85,25615
2026-02-06 12:36:40+05:30,25551.55,25551.9,25549.7,25551.4,31693
2026-02-06 12:36:45+05:30,25551.7,25552.15,25550.05,25551.75,30634
2026-02-06 12:36:50+05:30,25552.4,25555.35,25552.2,25555.35,36744
2026-02-06 12:36:55+05:30,25554.95,25556.1,25554.3,25556.1,34724
2026-02-06 12:37:00+05:30,25555.95,25559.1,25555.5,25557.5,40291
2026-02-06 12:37:05+05:30,25559.0,25562.6,25558.4,25560.45,45903
2026-02-06 12:37:10+05:30,25559.95,25559.95,25557.5,25558.65,26269
2026-02-06 12:37:15+05:30,25558.15,25558.3,25557.55,25558.25,21209
2026-02-06 12:37:20+05:30,25558.45,25559.05,25556.65,25557.55,35148
2026-02-06 12:37:25+05:30,25557.1,25557.35,25555.7,25555.7,35291
2026-02-06 12:37:30+05:30,25555.8,25559.25,25555.0,25555.9,59008
2026-02-06 12:37:35+05:30,25556.75,25557.65,25555.4,25557.0,51738
2026-02-06 12:37:40+05:30,25556.3,25556.3,25554.4,25555.9,61235
2026-02-06 12:37:45+05:30,25555.2,25556.6,25555.2,25556.05,65474
2026-02-06 12:37:50+05:30,25556.7,25556.7,25554.5,25555.3,70794
2026-02-06 12:37:55+05:30,25555.6,25555.6,25553.4,25554.75,38664
2026-02-06 12:38:00+05:30,25553.65,25553.8,25552.15,25552.45,50977
2026-02-06 12:38:05+05:30,25552.45,25553.15,25551.55,25551.9,37194
2026-02-06 12:38:10+05:30,25551.95,25551.95,25550.9,25551.85,47351
2026-02-06 12:38:15+05:30,25551.85,25551.85,25550.4,25550.5,126927
2026-02-06 12:38:20+05:30,25551.8,25552.85,25550.55,25552.4,80177
2026-02-06 12:38:25+05:30,25551.2,25551.9,25550.6,25550.6,39149
2026-02-06 12:38:30+05:30,25550.75,25551.45,25550.25,25551.1,27267
2026-02-06 12:38:35+05:30,25551.2,25551.2,25549.85,25549.9,21711
2026-02-06 12:38:40+05:30,25549.7,25549.85,25547.35,25548.2,67110
2026-02-06 12:38:45+05:30,25548.0,25549.95,25547.75,25548.95,35492
2026-02-06 12:38:50+05:30,25550.15,25551.05,25548.45,25550.2,24800
2026-02-06 12:38:55+05:30,25549.25,25550.65,25548.6,25548.6,16213
2026-02-06 12:39:00+05:30,25549.35,25550.15,25549.15,25550.15,34473
2026-02-06 12:39:05+05:30,25550.2,25550.8,25548.65,25550.55,18283
2026-02-06 12:39:10+05:30,25550.15,25550.8,25549.1,25550.8,56592
2026-02-06 12:39:15+05:30,25550.85,25550.85,25549.35,25550.55,24536
2026-02-06 12:39:20+05:30,25551.7,25551.7,25549.9,25550.65,20417
2026-02-06 12:39:25+05:30,25550.15,25552.05,25550.15,25550.9,40845
2026-02-06 12:39:30+05:30,25551.15,25552.2,25550.9,25552.2,28243
2026-02-06 12:39:35+05:30,25552.85,25553.65,25552.05,25553.45,42032
2026-02-06 12:39:40+05:30,25552.7,25554.1,25552.35,25553.85,41223
2026-02-06 12:39:45+05:30,25552.75,25555.85,25552.75,25554.05,45447
2026-02-06 12:39:50+05:30,25554.75,25555.1,25553.45,25553.6,24807
2026-02-06 12:39:55+05:30,25553.55,25553.55,25551.7,25552.25,46099
2026-02-06 12:40:00+05:30,25552.4,25552.5,25551.65,25551.95,23181
2026-02-06 12:40:05+05:30,25552.3,25552.6,25551.3,25552.1,27728
2026-02-06 12:40:10+05:30,25551.5,25551.5,25549.4,25551.45,78045
2026-02-06 12:40:15+05:30,25551.8,25553.2,25551.1,25551.95,56155
2026-02-06 12:40:20+05:30,25553.15,25554.2,25552.1,25554.2,32926
2026-02-06 12:40:25+05:30,25553.65,25554.95,25553.0,25554.45,28881
2026-02-06 12:40:30+05:30,25556.15,25557.15,25555.2,25556.65,43623
2026-02-06 12:40:35+05:30,25556.8,25557.85,25556.5,25557.1,28612
2026-02-06 12:40:40+05:30,25556.4,25557.15,25555.65,25556.75,24139
2026-02-06 12:40:45+05:30,25556.55,25557.7,25556.55,25557.05,45496
2026-02-06 12:40:50+05:30,25557.9,25558.15,25556.7,25558.15,46545
2026-02-06 12:40:55+05:30,25558.1,25558.1,25555.15,25556.6,36774
2026-02-06 12:41:00+05:30,25556.45,25556.85,25553.25,25553.65,50303
2026-02-06 12:41:05+05:30,25553.65,25554.0,25552.35,25552.8,48259
2026-02-06 12:41:10+05:30,25553.0,25553.2,25552.3,25553.2,34236
2026-02-06 12:41:15+05:30,25552.45,25552.85,25551.4,25551.95,88235
2026-02-06 12:41:20+05:30,25552.4,25553.0,25551.05,25551.6,25972
2026-02-06 12:41:25+05:30,25550.35,25551.9,25549.75,25549.75,37066
2026-02-06 12:41:30+05:30,25549.05,25550.15,25548.6,25549.7,36812
2026-02-06 12:41:35+05:30,25550.55,25550.55,25547.7,25548.55,52550
2026-02-06 12:41:40+05:30,25548.15,25548.85,25546.4,25548.85,121386
2026-02-06 12:41:45+05:30,25547.6,25548.75,25546.85,25548.15,72200
2026-02-06 12:41:50+05:30,25548.4,25551.05,25547.5,25550.5,85683
2026-02-06 12:41:55+05:30,25549.3,25549.5,25548.25,25548.65,33775
2026-02-06 12:42:00+05:30,25549.5,25549.5,25547.95,25549.5,33072
2026-02-06 12:42:05+05:30,25549.55,25549.55,25548.3,25548.5,51156
2026-02-06 12:42:10+05:30,25548.15,25548.15,25545.75,25547.15,71163
2026-02-06 12:42:15+05:30,25546.85,25547.95,25545.15,25545.75,261995
2026-02-06 12:42:20+05:30,25546.25,25546.25,25542.35,25544.8,125457
2026-02-06 12:42:25+05:30,25544.95,25544.95,25542.7,25544.95,58697
2026-02-06 12:42:30+05:30,25543.8,25543.95,25542.5,25543.5,87339
2026-02-06 12:42:35+05:30,25543.45,25545.2,25541.8,25545.2,31440
2026-02-06 12:42:40+05:30,25543.8,25543.8,25541.35,25543.65,111436
2026-02-06 12:42:45+05:30,25542.1,25542.9,25540.55,25540.55,73272
2026-02-06 12:42:50+05:30,25543.15,25543.35,25540.3,25542.95,69595
2026-02-06 12:42:55+05:30,25541.75,25542.65,25540.3,25541.1,74788
2026-02-06 12:43:00+05:30,25540.95,25541.9,25539.5,25541.9,57341
2026-02-06 12:43:05+05:30,25541.6,25541.6,25538.5,25538.6,72648
2026-02-06 12:43:10+05:30,25538.45,25538.7,25537.3,25537.7,42499
2026-02-06 12:43:15+05:30,25537.0,25539.95,25536.95,25539.95,103972
2026-02-06 12:43:20+05:30,25541.2,25541.2,25539.1,25539.75,59133
2026-02-06 12:43:25+05:30,25539.0,25543.15,25538.65,25542.5,107180
2026-02-06 12:43:30+05:30,25540.6,25542.8,25540.1,25542.8,41434
2026-02-06 12:43:35+05:30,25542.95,25544.25,25540.05,25541.55,39482
2026-02-06 12:43:40+05:30,25541.2,25542.85,25539.0,25540.55,32841
2026-02-06 12:43:45+05:30,25540.35,25540.5,25538.3,25539.35,82712
2026-02-06 12:43:50+05:30,25540.5,25542.75,25538.45,25542.75,116229
2026-02-06 12:43:55+05:30,25540.0,25542.4,25540.0,25540.9,59441
2026-02-06 12:44:00+05:30,25541.3,25543.9,25540.5,25543.9,59597
2026-02-06 12:44:05+05:30,25543.75,25544.1,25542.55,25543.05,27521
2026-02-06 12:44:10+05:30,25542.45,25543.2,25539.7,25541.9,74848
2026-02-06 12:44:15+05:30,25541.9,25541.9,25538.8,25540.85,55376
2026-02-06 12:44:20+05:30,25541.2,25542.75,25539.15,25541.7,75734
2026-02-06 12:44:25+05:30,25540.65,25540.65,25537.4,25538.2,143308
2026-02-06 12:44:30+05:30,25538.1,25540.2,25537.85,25540.2,98448
2026-02-06 12:44:35+05:30,25540.65,25540.65,25537.95,25537.95,84771
2026-02-06 12:44:40+05:30,25538.7,25539.3,25538.1,25539.3,50709
2026-02-06 12:44:45+05:30,25539.0,25541.55,25539.0,25540.6,69013
2026-02-06 12:44:50+05:30,25541.65,25543.6,25541.15,25543.6,68167
2026-02-06 12:44:55+05:30,25543.65,25543.65,25542.5,25543.45,76136
2026-02-06 12:45:00+05:30,25542.8,25542.85,25541.4,25542.8,101784
2026-02-06 12:45:05+05:30,25542.05,25542.05,25538.4,25538.4,73326
2026-02-06 12:45:10+05:30,25538.55,25538.9,25537.5,25538.9,82522
2026-02-06 12:45:15+05:30,25538.7,25541.15,25537.65,25541.15,95557
2026-02-06 12:45:20+05:30,25540.65,25540.65,25538.3,25540.0,44716
2026-02-06 12:45:25+05:30,25538.9,25542.25,25538.9,25541.0,73190
2026-02-06 12:45:30+05:30,25541.4,25543.05,25541.35,25542.35,93814
2026-02-06 12:45:35+05:30,25543.7,25544.55,25542.3,25543.4,44473
2026-02-06 12:45:40+05:30,25542.9,25543.6,25541.3,25543.6,58378
2026-02-06 12:45:45+05:30,25544.15,25547.45,25544.15,25547.45,143764
2026-02-06 12:45:50+05:30,25548.2,25550.05,25547.6,25549.95,40479
2026-02-06 12:45:55+05:30,25549.4,25550.4,25548.7,25549.3,40588
2026-02-06 12:46:00+05:30,25549.8,25550.3,25549.15,25550.3,51255
2026-02-06 12:46:05+05:30,25551.15,25551.15,25549.45,25550.3,54907
2026-02-06 12:46:10+05:30,25550.55,25553.15,25549.65,25553.15,133654
2026-02-06 12:46:15+05:30,25553.35,25553.35,25551.4,25552.75,49811
2026-02-06 12:46:20+05:30,25552.05,25552.05,25550.15,25551.3,38132
2026-02-06 12:46:25+05:30,25551.35,25552.2,25550.55,25551.05,41734
2026-02-06 12:46:30+05:30,25551.35,25554.65,25551.35,25554.2,64236
2026-02-06 12:46:35+05:30,25555.5,25559.65,25555.15,25558.9,102001
2026-02-06 12:46:40+05:30,25558.35,25559.45,25557.7,25559.05,55850
2026-02-06 12:46:45+05:30,25558.7,25561.65,25558.65,25561.05,99062
2026-02-06 12:46:50+05:30,25562.65,25564.05,25561.45,25564.05,66522
2026-02-06 12:46:55+05:30,25565.0,25565.0,25562.2,25563.25,82397
2026-02-06 12:47:00+05:30,25562.5,25565.8,25562.5,25565.8,119954
2026-02-06 12:47:05+05:30,25566.55,25566.8,25564.7,25565.8,66333
2026-02-06 12:47:10+05:30,25566.05,25566.05,25563.0,25566.0,313636
2026-02-06 12:47:15+05:30,25566.0,25566.85,25563.35,25564.5,79806
2026-02-06 12:47:20+05:30,25564.75,25565.05,25563.75,25565.05,33582
2026-02-06 12:47:25+05:30,25564.65,25565.05,25563.5,25564.05,38334
2026-02-06 12:47:30+05:30,25564.0,25564.8,25563.1,25564.7,38335
2026-02-06 12:47:35+05:30,25565.65,25567.45,25565.1,25566.9,65415
2026-02-06 12:47:40+05:30,25566.45,25567.75,25565.5,25567.35,180884
2026-02-06 12:47:45+05:30,25567.85,25568.75,25567.15,25567.15,64693
2026-02-06 12:47:50+05:30,25569.45,25570.35,25567.95,25569.3,58855
2026-02-06 12:47:55+05:30,25568.5,25568.5,25566.2,25566.2,27992
2026-02-06 12:48:00+05:30,25566.95,25567.8,25564.75,25565.55,61368
2026-02-06 12:48:05+05:30,25566.0,25566.1,25564.2,25565.45,35340
2026-02-06 12:48:10+05:30,25564.3,25566.4,25563.6,25565.3,40680
2026-02-06 12:48:15+05:30,25564.5,25564.7,25563.55,25563.85,54636
2026-02-06 12:48:20+05:30,25563.9,25563.9,25560.65,25560.8,69801
2026-02-06 12:48:25+05:30,25559.75,25560.25,25557.4,25557.4,59576
2026-02-06 12:48:30+05:30,25557.85,25557.85,25556.0,25556.4,43932
2026-02-06 12:48:35+05:30,25556.75,25556.8,25555.2,25556.1,52679
2026-02-06 12:48:40+05:30,25554.8,25555.55,25553.75,25554.55,46775
2026-02-06 12:48:45+05:30,25554.35,25554.9,25553.05,25554.1,75567
2026-02-06 12:48:50+05:30,25553.7,25553.7,25551.45,25552.35,56235
2026-02-06 12:48:55+05:30,25553.0,25553.0,25551.15,25551.15,21648
2026-02-06 12:49:00+05:30,25550.55,25550.55,25547.25,25548.3,62811
2026-02-06 12:49:05+05:30,25549.1,25549.1,25547.0,25547.45,56133
2026-02-06 12:49:10+05:30,25546.35,25547.55,25545.0,25545.55,58436
2026-02-06 12:49:15+05:30,25546.0,25546.4,25543.95,25545.2,41025
2026-02-06 12:49:20+05:30,25544.75,25546.15,25543.95,25544.45,27811
2026-02-06 12:49:25+05:30,25544.25,25544.8,25543.45,25544.15,33153
2026-02-06 12:49:30+05:30,25543.75,25545.5,25543.75,25545.25,36448
2026-02-06 12:49:35+05:30,25546.15,25547.0,25544.5,25547.0,41478
2026-02-06 12:49:40+05:30,25546.75,25547.5,25544.3,25544.3,53301
2026-02-06 12:49:45+05:30,25544.75,25544.9,25542.7,25543.15,27114
2026-02-06 12:49:50+05:30,25544.35,25544.35,25542.1,25542.1,38921
2026-02-06 12:49:55+05:30,25543.1,25543.1,25542.0,25542.05,43423
2026-02-06 12:50:00+05:30,25541.35,25542.55,25540.55,25540.55,67839
2026-02-06 12:50:05+05:30,25542.9,25542.9,25539.95,25540.55,59515
2026-02-06 12:50:10+05:30,25539.7,25539.95,25538.3,25538.95,48482
2026-02-06 12:50:15+05:30,25538.95,25539.55,25538.55,25539.3,46632
2026-02-06 12:50:20+05:30,25540.0,25540.75,25538.8,25539.35,32712
2026-02-06 12:50:25+05:30,25539.85,25542.9,25539.4,25542.35,44735
2026-02-06 12:50:30+05:30,25541.35,25542.8,25541.35,25542.8,115380
2026-02-06 12:50:35+05:30,25545.7,25546.45,25543.4,25546.25,35222
2026-02-06 12:50:40+05:30,25545.2,25547.6,25545.2,25547.6,34016
2026-02-06 12:50:45+05:30,25547.5,25547.85,25546.85,25547.05,44381
2026-02-06 12:50:50+05:30,25546.9,25547.25,25544.05,25544.45,30387
2026-02-06 12:50:55+05:30,25545.35,25545.35,25541.7,25541.7,48567
2026-02-06 12:51:00+05:30,25542.7,25544.4,25542.7,25543.25,109818
2026-02-06 12:51:05+05:30,25545.15,25545.85,25544.0,25545.1,39253
2026-02-06 12:51:10+05:30,25544.7,25545.3,25541.75,25541.95,56975
2026-02-06 12:51:15+05:30,25541.55,25543.1,25541.35,25542.05,18789
2026-02-06 12:51:20+05:30,25542.35,25543.85,25541.25,25542.35,25279
2026-02-06 12:51:25+05:30,25542.0,25544.25,25542.0,25543.25,51826
2026-02-06 12:51:30+05:30,25542.9,25546.1,25541.75,25544.45,41030
2026-02-06 12:51:35+05:30,25545.75,25547.2,25544.65,25545.55,53539
2026-02-06 12:51:40+05:30,25545.9,25545.9,25545.4,25545.75,34257
2026-02-06 12:51:45+05:30,25545.85,25545.9,25542.15,25542.4,75648
2026-02-06 12:51:50+05:30,25543.55,25543.55,25541.15,25542.5,16704
2026-02-06 12:51:55+05:30,25541.9,25542.7,25541.55,25541.55,16015
2026-02-06 12:52:00+05:30,25542.15,25543.0,25542.15,25542.35,21415
2026-02-06 12:52:05+05:30,25543.85,25543.85,25541.65,25541.95,36196
2026-02-06 12:52:10+05:30,25542.05,25542.05,25539.7,25540.35,49521
2026-02-06 12:52:15+05:30,25540.4,25540.8,25538.75,25539.05,28028
2026-02-06 12:52:20+05:30,25539.95,25541.4,25539.25,25540.2,77564
2026-02-06 12:52:25+05:30,25540.3,25540.95,25538.5,25538.5,47904
2026-02-06 12:52:30+05:30,25538.2,25539.35,25538.2,25538.6,57270
2026-02-06 12:52:35+05:30,25540.05,25540.8,25539.35,25540.15,20303
2026-02-06 12:52:40+05:30,25540.75,25541.8,25540.55,25541.45,39262
2026-02-06 12:52:45+05:30,25542.15,25542.15,25541.15,25542.0,13315
2026-02-06 12:52:50+05:30,25541.85,25543.65,25541.25,25543.25,37012
2026-02-06 12:52:55+05:30,25543.9,25547.0,25543.9,25547.0,78978
2026-02-06 12:53:00+05:30,25546.7,25547.25,25544.85,25545.2,40359
2026-02-06 12:53:05+05:30,25547.8,25547.8,25544.95,25545.55,31512
2026-02-06 12:53:10+05:30,25545.95,25545.95,25543.35,25545.3,33318
2026-02-06 12:53:15+05:30,25544.65,25545.1,25542.9,25543.2,43840
2026-02-06 12:53:20+05:30,25543.2,25545.35,25542.4,25543.2,79708
2026-02-06 12:53:25+05:30,25543.55,25544.05,25542.35,25542.65,33757
2026-02-06 12:53:30+05:30,25542.5,25543.75,25542.25,25542.5,36131
2026-02-06 12:53:35+05:30,25542.55,25543.85,25542.35,25542.6,33184
2026-02-06 12:53:40+05:30,25543.25,25543.3,25541.55,25542.45,32452
2026-02-06 12:53:45+05:30,25542.0,25542.65,25541.1,25542.3,39730
2026-02-06 12:53:50+05:30,25543.5,25544.4,25542.1,25542.9,63825
2026-02-06 12:53:55+05:30,25542.2,25543.9,25541.65,25542.2,71757
2026-02-06 12:54:00+05:30,25542.35,25543.7,25541.25,25543.05,96230
2026-02-06 12:54:05+05:30,25544.45,25544.45,25541.3,25541.3,59572
2026-02-06 12:54:10+05:30,25542.1,25542.2,25540.2,25542.2,50553
2026-02-06 12:54:15+05:30,25543.6,25543.6,25539.05,25541.25,35789
2026-02-06 12:54:20+05:30,25541.65,25542.6,25538.95,25541.0,48229
2026-02-06 12:54:25+05:30,25539.35,25540.6,25539.35,25539.55,35590
2026-02-06 12:54:30+05:30,25539.05,25540.15,25536.7,25536.7,136404
2026-02-06 12:54:35+05:30,25538.0,25538.1,25535.8,25535.8,69840
2026-02-06 12:54:40+05:30,25535.65,25536.3,25533.2,25533.2,126481
2026-02-06 12:54:45+05:30,25534.8,25535.8,25533.6,25534.3,188753
2026-02-06 12:54:50+05:30,25534.55,25534.7,25531.85,25532.55,46446
2026-02-06 12:54:55+05:30,25532.1,25533.5,25532.0,25532.0,93868
2026-02-06 12:55:00+05:30,25532.3,25532.3,25530.45,25530.45,54908
2026-02-06 12:55:05+05:30,25531.05,25531.1,25528.3,25529.35,110423
2026-02-06 12:55:10+05:30,25528.1,25530.05,25527.5,25528.3,89571
2026-02-06 12:55:15+05:30,25529.7,25531.8,25528.1,25531.8,67623
2026-02-06 12:55:20+05:30,25534.15,25535.6,25532.1,25532.1,112796
2026-02-06 12:55:25+05:30,25531.65,25532.8,25531.55,25532.5,73659
2026-02-06 12:55:30+05:30,25532.3,25533.05,25532.0,25532.9,108808
2026-02-06 12:55:35+05:30,25534.6,25535.7,25532.65,25534.7,47263
2026-02-06 12:55:40+05:30,25535.1,25537.2,25534.8,25536.1,64333
2026-02-06 12:55:45+05:30,25538.0,25538.0,25535.3,25536.55,75179
2026-02-06 12:55:50+05:30,25538.8,25540.95,25538.15,25539.45,56168
2026-02-06 12:55:55+05:30,25539.3,25540.2,25537.3,25538.35,105931
2026-02-06 12:56:00+05:30,25539.0,25539.0,25534.5,25534.7,119661
2026-02-06 12:56:05+05:30,25535.55,25536.1,25534.85,25535.0,104036
2026-02-06 12:56:10+05:30,25535.3,25535.3,25532.3,25532.3,115227
2026-02-06 12:56:15+05:30,25533.5,25533.5,25531.3,25531.3,42992
2026-02-06 12:56:20+05:30,25531.45,25531.45,25529.5,25531.15,204758
2026-02-06 12:56:25+05:30,25530.65,25531.45,25529.6,25530.05,48283
2026-02-06 12:56:30+05:30,25529.75,25530.8,25529.6,25530.8,66517
2026-02-06 12:56:35+05:30,25532.25,25532.25,25530.2,25530.3,47363
2026-02-06 12:56:40+05:30,25530.05,25530.05,25527.75,25528.8,34750
2026-02-06 12:56:45+05:30,25528.6,25530.1,25528.6,25530.1,67084
2026-02-06 12:56:50+05:30,25531.9,25531.9,25529.1,25529.8,57929
2026-02-06 12:56:55+05:30,25529.85,25529.85,25526.65,25526.95,104017
2026-02-06 12:57:00+05:30,25527.4,25528.15,25527.0,25527.0,134575
2026-02-06 12:57:05+05:30,25528.15,25531.05,25528.15,25530.35,68002
2026-02-06 12:57:10+05:30,25529.85,25532.4,25529.85,25532.4,69016
2026-02-06 12:57:15+05:30,25531.9,25533.45,25529.75,25529.75,73805
2026-02-06 12:57:20+05:30,25531.6,25532.85,25530.6,25531.9,77009
2026-02-06 12:57:25+05:30,25532.05,25535.35,25531.95,25534.5,63190
2026-02-06 12:57:30+05:30,25534.65,25536.15,25534.6,25535.25,61326
2026-02-06 12:57:35+05:30,25536.0,25537.75,25534.8,25537.05,48662
2026-02-06 12:57:40+05:30,25536.65,25536.65,25534.95,25535.35,50041
2026-02-06 12:57:45+05:30,25536.25,25537.95,25536.0,25537.8,42973
2026-02-06 12:57:50+05:30,25538.25,25539.6,25537.4,25537.95,26755
2026-02-06 12:57:55+05:30,25539.6,25542.0,25539.6,25542.0,56930
2026-02-06 12:58:00+05:30,25541.45,25542.2,25541.05,25541.05,51743
2026-02-06 12:58:05+05:30,25542.4,25543.1,25541.75,25542.55,25028
2026-02-06 12:58:10+05:30,25542.25,25543.0,25540.7,25543.0,156749
2026-02-06 12:58:15+05:30,25543.2,25543.6,25542.55,25543.1,26411
2026-02-06 12:58:20+05:30,25544.4,25545.4,25542.65,25545.15,52926
2026-02-06 12:58:25+05:30,25544.9,25545.3,25544.05,25545.0,83856
2026-02-06 12:58:30+05:30,25545.05,25551.05,25545.05,25551.05,89002
2026-02-06 12:58:35+05:30,25551.9,25553.45,25550.8,25553.45,37816
2026-02-06 12:58:40+05:30,25552.1,25553.55,25551.75,25553.55,48590
2026-02-06 12:58:45+05:30,25554.4,25555.25,25554.1,25554.1,75811
2026-02-06 12:58:50+05:30,25555.25,25555.3,25553.95,25554.2,37022
2026-02-06 12:58:55+05:30,25553.6,25555.1,25553.2,25554.85,59241
2026-02-06 12:59:00+05:30,25554.6,25556.55,25553.5,25554.6,62305
2026-02-06 12:59:05+05:30,25556.0,25556.7,25555.25,25555.95,47801
2026-02-06 12:59:10+05:30,25555.6,25557.15,25555.5,25555.9,82967
2026-02-06 12:59:15+05:30,25555.9,25559.8,25555.35,25559.15,138548
2026-02-06 12:59:20+05:30,25559.15,25563.0,25559.15,25562.55,112856
2026-02-06 12:59:25+05:30,25563.15,25563.15,25560.5,25561.25,150867
2026-02-06 12:59:30+05:30,25561.0,25561.4,25559.65,25560.8,73640
2026-02-06 12:59:35+05:30,25561.8,25561.8,25558.15,25560.1,84143
2026-02-06 12:59:40+05:30,25558.55,25559.9,25558.3,25558.7,33633
2026-02-06 12:59:45+05:30,25559.05,25559.3,25558.65,25558.85,50633
2026-02-06 12:59:50+05:30,25559.9,25559.9,25558.05,25558.75,78738
2026-02-06 12:59:55+05:30,25558.95,25558.95,25556.7,25556.7,49852
2026-02-06 13:00:00+05:30,25556.15,25557.4,25555.2,25556.25,141036
2026-02-06 13:00:05+05:30,25556.9,25557.8,25555.5,25557.3,30214
2026-02-06 13:00:10+05:30,25556.5,25557.1,25555.45,25555.5,30016
2026-02-06 13:00:15+05:30,25555.05,25556.35,25555.05,25555.35,140172
2026-02-06 13:00:20+05:30,25555.85,25556.25,25553.8,25554.1,42725
2026-02-06 13:00:25+05:30,25554.2,25554.25,25553.1,25553.75,42032
2026-02-06 13:00:30+05:30,25553.65,25553.65,25552.15,25552.8,77274
2026-02-06 13:00:35+05:30,25552.95,25552.95,25551.35,25551.35,34593
2026-02-06 13:00:40+05:30,25550.95,25551.35,25550.0,25551.15,42219
2026-02-06 13:00:45+05:30,25551.45,25551.8,25550.45,25550.7,14020
2026-02-06 13:00:50+05:30,25550.45,25551.95,25549.9,25550.95,35535
2026-02-06 13:00:55+05:30,25551.55,25552.05,25550.25,25550.95,29825
2026-02-06 13:01:00+05:30,25551.9,25551.9,25548.0,25548.3,48734
2026-02-06 13:01:05+05:30,25549.2,25549.2,25547.0,25547.0,32668
2026-02-06 13:01:10+05:30,25547.75,25547.75,25544.55,25544.55,79353
2026-02-06 13:01:15+05:30,25545.4,25545.6,25543.45,25544.9,159213
2026-02-06 13:01:20+05:30,25547.65,25549.9,25547.65,25548.6,76258
2026-02-06 13:01:25+05:30,25549.0,25549.0,25546.8,25547.0,38729
2026-02-06 13:01:30+05:30,25547.25,25547.8,25545.95,25546.6,126997
2026-02-06 13:01:35+05:30,25548.45,25549.15,25546.95,25549.1,17667
2026-02-06 13:01:40+05:30,25547.05,25548.7,25545.05,25545.15,50778
2026-02-06 13:01:45+05:30,25545.6,25545.6,25541.5,25542.8,87806
2026-02-06 13:01:50+05:30,25544.7,25545.3,25543.35,25543.7,45324
2026-02-06 13:01:55+05:30,25543.8,25544.55,25543.35,25543.35,49754
2026-02-06 13:02:00+05:30,25543.85,25544.45,25542.45,25542.65,30821
2026-02-06 13:02:05+05:30,25544.4,25544.4,25542.75,25542.75,24095
2026-02-06 13:02:10+05:30,25542.75,25543.55,25542.3,25543.55,34592
2026-02-06 13:02:15+05:30,25543.55,25544.75,25543.4,25543.4,23540
2026-02-06 13:02:20+05:30,25544.55,25544.55,25543.2,25544.0,48896
2026-02-06 13:02:25+05:30,25544.75,25544.75,25543.15,25543.15,83259
2026-02-06 13:02:30+05:30,25542.65,25543.2,25542.05,25542.15,52681
2026-02-06 13:02:35+05:30,25543.5,25543.5,25541.05,25541.9,30558
2026-02-06 13:02:40+05:30,25541.45,25542.0,25540.2,25541.45,24806
2026-02-06 13:02:45+05:30,25542.55,25542.6,25541.85,25542.6,35373
2026-02-06 13:02:50+05:30,25543.3,25544.65,25541.8,25543.3,54570
2026-02-06 13:02:55+05:30,25544.0,25544.0,25541.3,25541.3,87342
2026-02-06 13:03:00+05:30,25540.95,25544.75,25540.95,25544.75,112466
2026-02-06 13:03:05+05:30,25546.4,25546.4,25544.15,25544.75,69413
2026-02-06 13:03:10+05:30,25544.9,25544.9,25542.15,25544.45,63052
2026-02-06 13:03:15+05:30,25544.85,25545.05,25542.4,25543.15,44132
2026-02-06 13:03:20+05:30,25542.95,25544.65,25542.4,25544.35,57692
2026-02-06 13:03:25+05:30,25544.15,25545.9,25544.15,25545.8,85303
2026-02-06 13:03:30+05:30,25545.55,25546.25,25544.65,25545.6,77768
2026-02-06 13:03:35+05:30,25546.65,25546.65,25544.35,25545.6,146408
2026-02-06 13:03:40+05:30,25544.75,25544.75,25542.8,25542.95,53497
2026-02-06 13:03:45+05:30,25543.2,25544.4,25543.15,25543.8,105740
2026-02-06 13:03:50+05:30,25546.0,25547.05,25545.2,25546.5,44731
2026-02-06 13:03:55+05:30,25546.65,25547.6,25545.4,25546.9,103021
2026-02-06 13:04:00+05:30,25547.4,25548.2,25546.9,25546.9,138662
2026-02-06 13:04:05+05:30,25547.9,25549.65,25546.75,25549.45,42781
2026-02-06 13:04:10+05:30,25548.05,25549.95,25547.45,25548.05,49684
2026-02-06 13:04:15+05:30,25550.0,25550.0,25547.95,25549.85,52590
2026-02-06 13:04:20+05:30,25549.95,25550.7,25548.4,25550.7,94441
2026-02-06 13:04:25+05:30,25550.65,25551.45,25549.8,25551.25,102667
2026-02-06 13:04:30+05:30,25550.75,25551.3,25549.3,25549.3,94722
2026-02-06 13:04:35+05:30,25551.1,25551.8,25549.2,25550.45,63013
2026-02-06 13:04:40+05:30,25551.35,25551.35,25549.05,25550.25,114845
2026-02-06 13:04:45+05:30,25549.75,25551.0,25548.0,25550.7,78752
2026-02-06 13:04:50+05:30,25552.05,25556.55,25552.05,25556.55,172716
2026-02-06 13:04:55+05:30,25556.3,25557.2,25556.0,25557.15,100084
2026-02-06 13:05:00+05:30,25557.6,25558.65,25557.4,25558.25,32954
2026-02-06 13:05:05+05:30,25559.05,25560.0,25557.45,25560.0,66510
2026-02-06 13:05:10+05:30,25560.3,25560.3,25558.45,25558.85,41111
2026-02-06 13:05:15+05:30,25559.6,25560.25,25558.8,25560.0,107856
2026-02-06 13:05:20+05:30,25561.1,25561.1,25559.4,25560.4,600625
2026-02-06 13:05:25+05:30,25560.85,25561.35,25560.05,25561.35,45402
2026-02-06 13:05:30+05:30,25560.95,25560.95,25559.75,25560.9,46860
2026-02-06 13:05:35+05:30,25561.9,25562.65,25560.3,25562.15,67134
2026-02-06 13:05:40+05:30,25562.25,25564.0,25561.4,25564.0,73072
2026-02-06 13:05:45+05:30,25565.2,25565.95,25564.3,25565.2,63355
2026-02-06 13:05:50+05:30,25565.55,25565.55,25564.3,25564.45,80364
2026-02-06 13:05:55+05:30,25564.9,25568.0,25564.9,25568.0,165832
2026-02-06 13:06:00+05:30,25567.5,25569.0,25567.1,25568.35,97404
2026-02-06 13:06:05+05:30,25568.35,25568.6,25566.6,25567.2,0
